"baseMean","log2FoldChange","lfcSE","stat","pvalue","padj","gene_id"
17854.6231168298,6.61989934443616,0.28076783948911,23.5778405264714,6.50645662415818e-123,1.71015705909373e-118,"ENSG00000099953.10"
6102.17440557596,7.43344281457311,0.316007082210475,23.5230260112402,2.37129144613521e-122,3.11635121851089e-118,"ENSG00000123500.10"
8653.81846483104,6.55653444752244,0.312953676267604,20.9504950563866,1.85690916810318e-97,1.62690001914747e-93,"ENSG00000060718.22"
742.035484211073,2.96919519358887,0.153263393267088,19.3731531730772,1.30044212192397e-83,8.54520518316244e-80,"ENSG00000077152.11"
3022.23101716126,-4.22758142909753,0.232616728623459,-18.174021507889,8.28940708075564e-74,4.35757551421162e-70,"ENSG00000165810.17"
936.458679952003,-5.03449671174302,0.293196788960907,-17.1710499613087,4.37435136256895e-66,1.91625752022937e-62,"ENSG00000165197.5"
936.911442962407,7.00036848853618,0.408261351197144,17.1467822462474,6.64304723938078e-66,2.49436933771264e-62,"ENSG00000196611.5"
664.890088571946,3.66772880741684,0.214055210081691,17.1344991136497,8.20565338286352e-66,2.69596741893981e-62,"ENSG00000117650.13"
623.778233436782,-6.06852973148216,0.362039266527116,-16.7620760855443,4.62198926953153e-63,1.34982628844852e-59,"ENSG00000167434.10"
463.019808871371,3.00575605171491,0.180573970067537,16.6455666372663,3.2586696489084e-62,7.8551034282021e-59,"ENSG00000183682.8"
2101.33737455603,-3.1901227027855,0.19177129413794,-16.6350376740476,3.88511431162028e-62,7.8551034282021e-59,"ENSG00000186642.16"
196.142288804429,5.44307492076148,0.327117518121521,16.639509103696,3.60561790297255e-62,7.8551034282021e-59,"ENSG00000230838.1"
21.1721923422162,-4.15566625375695,0.24972980958923,-16.6406495908215,3.53759567743309e-62,7.8551034282021e-59,"ENSG00000277631.5"
3735.68915377062,-3.99465657925924,0.240667304863982,-16.5982520206345,7.17501302727667e-62,1.34705744577814e-58,"ENSG00000168497.5"
820.393810196853,2.97051282450622,0.180659318469024,16.4426216686716,9.4730755694443e-61,1.65993545511516e-57,"ENSG00000087586.18"
28.495433181857,-4.45397685444615,0.27293894676369,-16.3185829917574,7.28060292869484e-60,1.19602104611135e-56,"ENSG00000224958.6"
117.932139872514,3.28788273781179,0.202473838506585,16.2385558651068,2.69186809862813e-59,4.16194477084363e-56,"ENSG00000187730.9"
1105.41057521337,3.77737582009779,0.233568513956954,16.1724530250423,7.88935067442046e-59,1.15202051736926e-55,"ENSG00000175063.17"
2324.95524670555,-5.35103944883917,0.33224926853522,-16.1054965521224,2.33416694249403e-58,3.22901283771121e-55,"ENSG00000161649.13"
535.726835245017,3.43249044170707,0.214559250577679,15.9978674070935,1.32227388431943e-57,1.73773233877259e-54,"ENSG00000143228.13"
189.886554533303,2.92846858556722,0.183126644690685,15.9914937037897,1.46476332330473e-57,1.83332567570198e-54,"ENSG00000025423.11"
2614.40710848667,-5.10085237583542,0.319493839559422,-15.9654169947985,2.22549342896937e-57,2.65885769486504e-54,"ENSG00000120049.20"
370.793817506972,-2.7881002156895,0.175011839750972,-15.9309234144201,3.86605389400897e-57,4.41805915435356e-54,"ENSG00000133116.8"
26746.4285152349,-4.8966335765303,0.308187627236546,-15.8884820277744,7.61493260087891e-57,8.33962035339588e-54,"ENSG00000175445.17"
1946.42834054767,-5.0920057603162,0.323051454362167,-15.762212773101,5.66154795898902e-56,5.95232506216269e-53,"ENSG00000123612.16"
888.356123303515,-3.41531178037781,0.218855304967511,-15.6053415332327,6.69504911242657e-55,6.76817964888539e-52,"ENSG00000101605.13"
132.301421325214,-3.11413108197861,0.199816258885249,-15.5849734118333,9.21016627643983e-55,8.96592631147943e-52,"ENSG00000245812.3"
191.245376739054,3.17285400844372,0.203828617608091,15.566283310346,1.23370661928909e-54,1.15809802790694e-51,"ENSG00000158402.20"
471.954312247668,-2.18663016948517,0.140870994274627,-15.5222171941397,2.45422192774224e-54,2.22437134995783e-51,"ENSG00000187824.9"
2399.3890722695,3.26015818941328,0.210305819586659,15.5019875142823,3.36325126170402e-54,2.94665653875429e-51,"ENSG00000088325.16"
1179.65830191327,-3.87568613775984,0.25066636496969,-15.4615324566121,6.30797908697169e-54,5.34835233296658e-51,"ENSG00000277494.2"
135.266742333727,3.30270893008013,0.213879555541697,15.4419103860361,8.55289306718744e-54,7.02513254306108e-51,"ENSG00000101115.13"
103.182808240866,6.74112676734039,0.436933664492973,15.4282613475502,1.05678956335372e-53,8.41716875248154e-51,"ENSG00000029559.7"
40.6097666015859,-3.8402652585086,0.249168048055839,-15.4123503734635,1.3520351875715e-53,1.04520273147439e-50,"ENSG00000240654.6"
939.547736893946,-7.60643931320402,0.494373458526593,-15.3860187718691,2.0315356911757e-53,1.52562526019606e-50,"ENSG00000034971.17"
116.744341910576,-2.97295641699981,0.193932663122099,-15.3298385591088,4.83185952238704e-53,3.52779432462281e-50,"ENSG00000262097.2"
443.293767768587,-2.9784063526505,0.194824121923776,-15.2876672726172,9.24010167659885e-53,6.56396844507363e-50,"ENSG00000078549.15"
3069.98010896324,3.54401016691009,0.232243974228502,15.2598584255331,1.41555112341343e-52,9.79114361257858e-50,"ENSG00000122641.11"
3105.72180330882,-5.07236649498759,0.333405124816104,-15.213822816267,2.86323480490495e-52,1.92967342595184e-49,"ENSG00000173641.18"
200.872919205924,-5.09784934680243,0.335570739820365,-15.1915788293442,4.02116426644502e-52,2.64230703948102e-49,"ENSG00000170509.12"
1335.20703432769,4.13382127507703,0.272179615217373,15.1878430417194,4.2569837441896e-52,2.72903806664096e-49,"ENSG00000165474.8"
84.911481156374,-5.61579723556089,0.370138404609125,-15.1721549713041,5.40719487084209e-52,3.38387404726699e-49,"ENSG00000286322.1"
2365.62381521235,-2.03681946254809,0.134348545930686,-15.1607108840534,6.43688402608788e-52,3.93458278469056e-49,"ENSG00000154721.15"
63.5009111485774,-4.60794703888941,0.304418933045882,-15.1368608804463,9.25259568671705e-52,5.50205173411746e-49,"ENSG00000091704.10"
123.276500821899,-2.74415338674898,0.181303581991582,-15.1356821338279,9.41988768966997e-52,5.50205173411746e-49,"ENSG00000243836.5"
1253.52347207619,3.38294209944736,0.223563882090889,15.1318811778015,9.98011900701177e-52,5.70255321696299e-49,"ENSG00000183856.11"
9825.22920975133,-4.03317702693769,0.266844615336708,-15.1143279464289,1.30293580533069e-51,7.28646057602381e-49,"ENSG00000123243.15"
2369.98826545673,-3.37362817789851,0.223613387024477,-15.0868792910383,1.97568151624936e-51,1.08185027027288e-48,"ENSG00000149090.12"
14473.1235714914,-4.16676524169626,0.276628975812068,-15.0626492740479,2.85128190402512e-51,1.52945088908972e-48,"ENSG00000119927.14"
267.748665215342,-4.2610065703071,0.283161206523073,-15.0479884678691,3.5589201954457e-51,1.87085316834189e-48,"ENSG00000135437.10"
2487.30538193731,-3.4449655855024,0.228983322204042,-15.0446135218209,3.74514375439397e-51,1.93014428314688e-48,"ENSG00000132170.23"
385.011063403469,5.97042073927197,0.39734987203414,15.0256012634603,4.99064382498799e-51,2.52257850569201e-48,"ENSG00000124493.14"
224.044557788474,3.43914156813539,0.229440511202211,14.9892516805997,8.63202978022026e-51,4.28083529704357e-48,"ENSG00000258227.7"
1133.15743055929,1.17540913078986,0.0784611941884501,14.9807703406442,9.80736570994894e-51,4.77364445037589e-48,"ENSG00000183155.5"
3450.59919891005,-3.53424781827999,0.236296687785627,-14.9568233537253,1.40577959187026e-50,6.71809287140323e-48,"ENSG00000169418.10"
513.033437718001,3.25685786589959,0.217793285839507,14.9538947141813,1.46900453845493e-50,6.89487773013383e-48,"ENSG00000160161.9"
425.148003350623,2.68053951282343,0.179372072156674,14.9440182108288,1.70383791282384e-50,7.85678521064244e-48,"ENSG00000075702.18"
92.7012771397926,-3.56035165515343,0.238460989847361,-14.930541290768,2.08566166346666e-50,9.45164330388925e-48,"ENSG00000227467.3"
6656.73978214139,-2.98083319133885,0.199748651308976,-14.9229202390359,2.33812568114489e-50,1.04161517632563e-47,"ENSG00000136960.13"
6128.50301535905,-5.44393103148237,0.365491152557977,-14.8948366968167,3.56053507275779e-50,1.55975173087276e-47,"ENSG00000138207.14"
22187.4887796494,1.31766853470955,0.0885146833050258,14.8864401420135,4.03699176812521e-50,1.73948019071153e-47,"ENSG00000143549.21"
835.421071196148,2.7149963278819,0.182475007607707,14.8787297694965,4.530188640424e-50,1.92050771330491e-47,"ENSG00000105011.9"
829.834634164971,3.44874297551866,0.231950216506219,14.8684619806173,5.28127082653471e-50,2.16895191257247e-47,"ENSG00000090889.12"
3911.23549852664,-2.89836570437205,0.194933228571901,-14.8685051061112,5.27787033182532e-50,2.16895191257247e-47,"ENSG00000154736.6"
1749.75816043376,2.34553708150506,0.157872251225216,14.8571839781963,6.24975208068908e-50,2.52720744136664e-47,"ENSG00000134057.15"
27572.1698508857,-4.45709633575614,0.300609934332218,-14.8268431170022,9.82457964022939e-50,3.91256441308772e-47,"ENSG00000022267.19"
502.86784716178,-4.853907650584,0.327421256547211,-14.8246564739578,1.01497814361095e-49,3.98174410845824e-47,"ENSG00000172901.20"
475.781361830106,-4.11282751842266,0.277727011517967,-14.8088855165483,1.28350762140178e-49,4.96113445895947e-47,"ENSG00000231246.2"
226.40436898973,2.53422552410199,0.17160981577434,14.767369294507,2.37815775953597e-49,9.05905776110773e-47,"ENSG00000162062.15"
844.514934089171,-3.59397991407851,0.243412249185816,-14.7649920088242,2.46351481922728e-49,9.25014621550997e-47,"ENSG00000168874.13"
10946.6106827128,-4.7193538062548,0.31975452535659,-14.7593026275133,2.68037992720348e-49,9.78487583425227e-47,"ENSG00000079435.10"
3375.89060914986,2.85114623639271,0.193170515449632,14.7597382020556,2.66312549329601e-49,9.78487583425227e-47,"ENSG00000117724.13"
14325.7884651114,-3.88875870004307,0.263529742917548,-14.7564318812384,2.79691609985092e-49,1.00704305162304e-46,"ENSG00000131471.7"
477.147332544571,3.57307949206683,0.242380716755672,14.7415996614475,3.48432612833134e-49,1.23759497239271e-46,"ENSG00000127564.17"
1263.32009924538,3.60887602026739,0.24512411378595,14.7226479048845,4.61240364612136e-49,1.61643223246205e-46,"ENSG00000104415.14"
996.627985145349,2.76895338516024,0.188087742614723,14.7216046440205,4.68412139218763e-49,1.61996640358237e-46,"ENSG00000143476.18"
3008.30849188749,-5.35732705641187,0.363942808664842,-14.7202443044986,4.7793062111716e-49,1.63141927862902e-46,"ENSG00000165269.13"
255.817990564369,2.65323666010214,0.180428623930405,14.7051870280048,5.97057354770726e-49,2.01193019394792e-46,"ENSG00000152253.9"
698.559332322386,-4.25334037574144,0.28978181524198,-14.6777339088367,8.95329058075864e-49,2.97883910917291e-46,"ENSG00000181856.15"
273.423962657642,3.15895457372273,0.215610348644974,14.6512196356785,1.32319015054492e-48,4.34734123961535e-46,"ENSG00000154839.10"
330.177294446356,2.74668794039644,0.187832848458723,14.6230436419114,2.00244460098412e-48,6.49780912250204e-46,"ENSG00000169258.7"
37471.5958213315,-2.92824200254037,0.200703275586234,-14.5899063878617,3.25644168755765e-48,1.04380869897275e-45,"ENSG00000079308.19"
760.816239354191,3.46039224385508,0.237528037586418,14.5683527680227,4.4652843799212e-48,1.41404258604637e-45,"ENSG00000103888.17"
1143.65707553791,2.95292524270961,0.202741313859112,14.5649901665412,4.69052037345986e-48,1.46768616066689e-45,"ENSG00000237649.8"
568.042482612929,2.40569835070009,0.165223843636436,14.5602371773511,5.02830450399521e-48,1.55487006568247e-45,"ENSG00000162073.14"
214.060143787812,2.90716535376682,0.199914325776068,14.542056165716,6.55924392245232e-48,2.00468799136903e-45,"ENSG00000166803.14"
145.788405132983,-4.274010463349,0.294167420967703,-14.529176784054,7.91660897318773e-48,2.39172586495708e-45,"ENSG00000229108.2"
756.361460327584,3.13931917940629,0.216279330662372,14.5151141803144,9.71957131824606e-48,2.90305923328158e-45,"ENSG00000166851.15"
726.407180398489,2.83971667367795,0.195971046623299,14.4904909302063,1.39144755257913e-47,4.10930421033594e-45,"ENSG00000164611.13"
1627.89843779618,-3.55836277809111,0.245903347365232,-14.4705747856535,1.85912055004879e-47,5.4294582819425e-45,"ENSG00000154258.17"
2106.89450430331,1.20205107248018,0.083095533042082,14.4658927919919,1.99005906030865e-47,5.74799036715963e-45,"ENSG00000143493.13"
166.31217781314,-3.10642840157804,0.214928120115107,-14.4533363057117,2.38831127576496e-47,6.82330147523982e-45,"ENSG00000163827.13"
499.411000810426,-3.50261716622849,0.242701032556661,-14.4318181481604,3.26363023823528e-47,9.22379109481464e-45,"ENSG00000007314.12"
56.759229037152,3.82627186524643,0.265190939866828,14.4283657170486,3.43115195479705e-47,9.5940848914772e-45,"ENSG00000261327.5"
1208.25993194901,2.52632996252893,0.175128149218736,14.4256076124777,3.57111035737106e-47,9.81275874737592e-45,"ENSG00000123975.5"
273.415075541014,-4.00669691955804,0.277753713972691,-14.4253585748704,3.58402389190416e-47,9.81275874737592e-45,"ENSG00000172987.13"
1396.80301252257,-4.83668214258204,0.33546225267512,-14.4179623907377,3.98947424137345e-47,1.06999327510469e-44,"ENSG00000144908.14"
1443.38117049939,-2.92008401202992,0.202530337082682,-14.4180079591622,3.98684151610059e-47,1.06999327510469e-44,"ENSG00000154330.13"
6557.74198257407,-2.61930537432459,0.181743983673665,-14.4120609737912,4.34547030074003e-47,1.15370041802678e-44,"ENSG00000113594.10"
420.246528346205,2.73909807251822,0.190317181172199,14.3922795390705,5.78570460535138e-47,1.52071459847056e-44,"ENSG00000111665.12"
31.5939131374134,5.74909599059222,0.399637275255683,14.3857851771059,6.35527272865701e-47,1.65388107326753e-44,"ENSG00000232679.2"
459.031869338847,4.46715038542055,0.310637671493727,14.3805816079547,6.85163338533113e-47,1.76557188137298e-44,"ENSG00000278828.1"
1385.70533570205,2.70117301712401,0.187876736150418,14.377368228078,7.17723024805288e-47,1.83151766834779e-44,"ENSG00000170312.16"
926.539338541143,-5.83375837267569,0.405867624017515,-14.3735494714502,7.58424494015898e-47,1.91677205776095e-44,"ENSG00000236333.4"
260.713426162553,-3.100578567967,0.215864055555885,-14.3635704424366,8.75955646699325e-47,2.19272554455667e-44,"ENSG00000286289.1"
3231.16953362306,2.0940621888345,0.146039495435296,14.3390127622174,1.24818383749604e-46,3.0950249042213e-44,"ENSG00000107731.12"
2928.44425860212,1.58210352093886,0.110406789871464,14.3297665187145,1.42599202598467e-46,3.50287611317579e-44,"ENSG00000160753.16"
1217.00942194547,-3.35901695406542,0.23464622182729,-14.3152398871259,1.75756627527565e-46,4.27739555364307e-44,"ENSG00000152580.8"
9.74673926077242,-3.64359124590716,0.25461719464006,-14.3100753704318,1.89308052378195e-46,4.5649292189986e-44,"ENSG00000256508.2"
2164.31215964955,-2.24219164441772,0.156702601611304,-14.3085795727847,1.93423674844171e-46,4.62177079054926e-44,"ENSG00000136158.12"
220.360801238981,5.19207683625381,0.362928672143793,14.306053047792,2.00578499072228e-46,4.74955429694994e-44,"ENSG00000155886.11"
2933.68632505473,-2.99661240609444,0.20951351332167,-14.3027166056525,2.10431978642001e-46,4.93838761305925e-44,"ENSG00000164330.17"
1080.71911755967,-4.21008639470222,0.294635967400666,-14.2891121944289,2.55850296476797e-46,5.95112317928862e-44,"ENSG00000004776.13"
19.3034919190239,-3.38961047894934,0.237351586732038,-14.2809682699788,2.87577798964692e-46,6.63043409472629e-44,"ENSG00000267069.1"
473.94474979047,3.15275846152854,0.221116034384081,14.2583891317993,3.97524917956902e-46,9.08569125528627e-44,"ENSG00000123485.12"
148.763593501815,-3.5804263711625,0.251360537622419,-14.2441864782325,4.87188313596493e-46,1.10390152022157e-43,"ENSG00000279204.1"
221.001543819917,-3.17383098674131,0.222869499054768,-14.2407597280118,5.11677432618874e-46,1.1494811657226e-43,"ENSG00000104888.10"
18886.4205811399,-3.4742616443599,0.244131788685017,-14.231090768939,5.87580725589263e-46,1.30881116876171e-43,"ENSG00000095637.22"
3918.90120733646,-2.60984767181014,0.18370054886051,-14.207076070262,8.28116002482684e-46,1.82909252178612e-43,"ENSG00000163431.13"
620.370610432087,3.27588959345174,0.230699217490724,14.1998296703518,9.1835349991817e-46,2.0115002826541e-43,"ENSG00000165304.8"
317.962568991238,4.69918316147559,0.33135736461582,14.1816167777767,1.19071292784943e-45,2.58650401616483e-43,"ENSG00000203805.11"
750.58606594535,2.76667910058804,0.195576759049844,14.1462570196438,1.96965378863264e-45,4.24347378528036e-43,"ENSG00000134690.11"
29308.7091896954,-5.49159378377227,0.389520107444259,-14.0983576427004,3.88711047566168e-45,8.30640745872289e-43,"ENSG00000166819.12"
521.669142180401,2.05886781618413,0.146077681722648,14.0943352324911,4.11504557747891e-45,8.72256919019804e-43,"ENSG00000213186.8"
566.435471427524,-2.7829774610083,0.197866807481275,-14.0649030346925,6.24083433092077e-45,1.31227271643137e-42,"ENSG00000169252.6"
463.077824029876,3.67410407080085,0.261544695296052,14.0477101500453,7.95653340377217e-45,1.65975812686308e-42,"ENSG00000103253.19"
115.636497461544,3.39740080010272,0.241910236856962,14.0440555316869,8.37778334701856e-45,1.7338713188428e-42,"ENSG00000127561.15"
453.797834492819,1.88456086983789,0.134198978913411,14.0430343442021,8.49940746602388e-45,1.74530020185134e-42,"ENSG00000164087.8"
1312.79523321876,2.95415095408388,0.210562384792961,14.0298133353144,1.02420799108331e-44,2.08684363082431e-42,"ENSG00000162849.16"
152.775567577027,-3.60143585280009,0.256787015917677,-14.0249920344675,1.09624450120795e-44,2.2164377284423e-42,"ENSG00000101280.8"
1688.32503374621,-3.89130020885184,0.277528532737687,-14.0212617797025,1.15541946696781e-44,2.31769132369776e-42,"ENSG00000163815.6"
843.180188124265,-3.59657601042225,0.256518288332981,-14.0207391597499,1.16396003168507e-44,2.31769132369776e-42,"ENSG00000205221.12"
1258.6272604325,-4.57559588344271,0.326453025643736,-14.016092742348,1.24270640253628e-44,2.45588684844087e-42,"ENSG00000134962.7"
848.687225334217,2.98319079300277,0.212857348091229,14.0149767896394,1.26239547882782e-44,2.47617931085898e-42,"ENSG00000169679.15"
392.298345847834,-2.79183739749118,0.199263666866126,-14.0107699582125,1.33944870481698e-44,2.60785701906737e-42,"ENSG00000137960.6"
98.7298922865104,3.6626346212695,0.261546160014764,14.0037789928277,1.47798048501662e-44,2.85641463736594e-42,"ENSG00000261039.3"
7943.80032956201,-3.24313307932446,0.231658653470547,-13.9996198317573,1.56706749146009e-44,3.00648189383482e-42,"ENSG00000196549.12"
38962.2872334511,-4.31612009056467,0.308551700813593,-13.9883205284037,1.83698849757989e-44,3.49879751234709e-42,"ENSG00000135218.19"
12347.8580513514,1.24926389882096,0.0893729226608809,13.9781027813223,2.12066112218258e-44,4.01003287305373e-42,"ENSG00000143799.14"
347.326682882226,2.84993198345965,0.204206199806026,13.956148178492,2.88615955001214e-44,5.41855840089422e-42,"ENSG00000164283.13"
659.448441175482,1.90371559773662,0.13646748148598,13.9499577262455,3.14791921846421e-44,5.86807863390875e-42,"ENSG00000198937.9"
3403.47789698636,-3.46968467218713,0.248735817659891,-13.949276404299,3.17813390214172e-44,5.88268109041499e-42,"ENSG00000167779.9"
36.7128372722102,4.76788709516487,0.342195232114915,13.9332364910442,3.97907641339032e-44,7.31370940206651e-42,"ENSG00000261742.6"
444.516734717574,3.10850569549809,0.223162037508293,13.9293659898699,4.20067778225793e-44,7.66740380756023e-42,"ENSG00000174371.17"
687.716405797872,2.93372399110379,0.210986937186491,13.9047660022225,5.92603500190676e-44,1.0742062344146e-41,"ENSG00000138180.16"
98.4163691560848,-3.17570784564777,0.228420659035507,-13.9028924049909,6.08324898749721e-44,1.09515148210532e-41,"ENSG00000166960.16"
6213.73699231636,-1.86576905452865,0.134217924595281,-13.9010423544743,6.24255780861105e-44,1.11618632273152e-41,"ENSG00000162407.9"
266.743513939924,-2.65323861756578,0.190906058547069,-13.8981373234501,6.50112757471905e-44,1.15456511603997e-41,"ENSG00000168490.14"
78.3289669910478,4.51370525909214,0.324876944957924,13.8935844144826,6.92796805656814e-44,1.22211216375058e-41,"ENSG00000144045.14"
3685.3197305282,-5.09448935204068,0.367003025386799,-13.8813279445623,8.22066727431827e-44,1.44048012425454e-41,"ENSG00000135917.16"
4930.26056150851,3.83730319467408,0.276719031160563,13.8671459587741,1.00184404592108e-43,1.74387211278076e-41,"ENSG00000172061.9"
23.3725161893208,-2.65408500740964,0.191489691592707,-13.8601978275405,1.10369655495923e-43,1.90852370069397e-41,"ENSG00000273771.1"
266.67204906055,-3.32659818336555,0.240177762728626,-13.8505669532955,1.26211960743192e-43,2.16820599749938e-41,"ENSG00000068976.14"
833.422237611378,-3.28078821400543,0.23696287183353,-13.8451572122667,1.36082695036301e-43,2.32259581580139e-41,"ENSG00000164946.20"
566.079602053431,3.02521503077367,0.218644772098084,13.836210222381,1.54120545246506e-43,2.6134867169414e-41,"ENSG00000080986.13"
26558.1685350634,-3.89466244208802,0.281611105717577,-13.8299319984699,1.68179423619971e-43,2.83360767335085e-41,"ENSG00000211445.12"
800.975038781821,3.04224484397006,0.220221627784431,13.8144689719033,2.08485971151345e-43,3.49034730302035e-41,"ENSG00000142945.13"
676.15210136814,-2.83890065895383,0.20551698181159,-13.8134602499973,2.11426723809059e-43,3.51717722063121e-41,"ENSG00000137727.12"
3747.79371302998,-5.17111843116865,0.374379388091952,-13.8125083689131,2.14239597955373e-43,3.54155571865348e-41,"ENSG00000163710.9"
174.69698562732,-1.92811550006936,0.139613780095488,-13.810352378903,2.20749112204461e-43,3.62635604073878e-41,"ENSG00000245025.3"
23.4917619098296,-2.2949957419355,0.166232297168026,-13.8059557681245,2.34639676983207e-43,3.83060203094821e-41,"ENSG00000204403.9"
699.147937020514,-6.1568286175989,0.446188271927998,-13.7987235545098,2.5940515370496e-43,4.182947889559e-41,"ENSG00000149124.11"
7509.2402817356,-2.04787249017733,0.14849733428922,-13.7906346937434,2.90195474738582e-43,4.6509133280664e-41,"ENSG00000077157.22"
6458.74947039353,-3.94942917295967,0.286662880334143,-13.7772604822644,3.49276718077511e-43,5.56387227754503e-41,"ENSG00000056998.20"
1960.92321582045,-2.07089774040258,0.150420918813689,-13.767352019486,4.00630251240978e-43,6.34347320699872e-41,"ENSG00000169744.13"
347.077227948526,2.71406320412791,0.197207434951375,13.762479111384,4.28574451151258e-43,6.74529992458663e-41,"ENSG00000161888.11"
570.000649196253,2.39179554642263,0.173872259746613,13.756050274542,4.68428261184872e-43,7.32867167677569e-41,"ENSG00000175643.10"
200.294878039352,-3.1866623659111,0.23176189435545,-13.7497252288755,5.11233164109421e-43,7.95103697364025e-41,"ENSG00000241684.6"
59468.2887150715,-5.48458727637121,0.399213548135918,-13.7384798235953,5.9716504693608e-43,9.23287417274583e-41,"ENSG00000167676.4"
4532.02347986502,-2.75250845168326,0.200534393745722,-13.7258671705635,7.10736429687645e-43,1.09245592502398e-40,"ENSG00000165092.13"
661.447023785093,2.95135188457531,0.215124754613701,13.7192574135647,7.78587316818079e-43,1.18979006018874e-40,"ENSG00000276043.5"
4905.89818821881,-3.67199067322057,0.268008252189721,-13.70103585699,1.0008617272079e-42,1.51187641597313e-40,"ENSG00000135424.18"
808.379023657197,-4.4730749750057,0.326529817376613,-13.6988254577883,1.03179844273057e-42,1.5497023010703e-40,"ENSG00000164879.7"
15977.3154889238,-3.73647454812086,0.272782101171052,-13.6976529327995,1.04859332565941e-42,1.56597880520636e-40,"ENSG00000004799.8"
553.210580124719,-5.42389969429276,0.396308598506665,-13.686051008559,1.23015472868611e-42,1.8267450219653e-40,"ENSG00000130876.11"
18708.8389656839,-5.40255088625973,0.394800645716389,-13.6842503802305,1.26100879744305e-42,1.86204242876365e-40,"ENSG00000167588.13"
3137.95008987943,2.43155858751033,0.177886977082965,13.6691208506864,1.55259629196164e-42,2.2671356076622e-40,"ENSG00000029993.15"
8870.71250922853,-5.41713758947843,0.396299412182094,-13.6693051338399,1.54866955388428e-42,2.2671356076622e-40,"ENSG00000244734.4"
365.794303041275,2.95386868105267,0.21615510822218,13.6655048559688,1.63168186271434e-42,2.36945447953501e-40,"ENSG00000165480.16"
2883.87310300804,-2.06851017644416,0.151474156793555,-13.6558619650436,1.86272095328387e-42,2.69009656791831e-40,"ENSG00000147113.17"
3922.48103970994,1.91531755436878,0.140366510736029,13.6451176589457,2.15864823395533e-42,3.10043225034327e-40,"ENSG00000169241.19"
849.011579553816,1.95242749400306,0.143132908250688,13.6406611020822,2.29470835964312e-42,3.27794100678585e-40,"ENSG00000106462.11"
2481.64742024044,-1.94265773448247,0.142431083343961,-13.6392821628063,2.33851120203763e-42,3.32245559104633e-40,"ENSG00000198478.8"
232.71530258927,2.63463843009507,0.193252113162561,13.6331675083876,2.54298606124176e-42,3.59354008783218e-40,"ENSG00000186871.7"
880.369569730674,2.89829924647777,0.212892191167193,13.6139293347853,3.3096038488839e-42,4.65185174139383e-40,"ENSG00000157456.8"
38.0769523610401,3.16382853097235,0.23260587861528,13.6016705588305,3.913902102781e-42,5.47196823773914e-40,"ENSG00000228168.1"
734.025757572524,2.26050573020841,0.16630496823951,13.5925327675891,4.43464377799526e-42,6.16720513549351e-40,"ENSG00000108106.14"
858.172130823798,5.81727908147688,0.428240655520743,13.5841354772891,4.97369953646936e-42,6.88045887455582e-40,"ENSG00000137745.12"
665.636357711423,3.35921923909873,0.247559695548608,13.5693301434003,6.08758206320628e-42,8.37727785074942e-40,"ENSG00000101447.15"
341.099110201974,2.39079807557645,0.176373238038117,13.5553335765133,7.36764520054772e-42,1.00859992943331e-39,"ENSG00000051180.17"
44471.0336280739,-5.27578583352424,0.389816433458209,-13.534026225423,9.8478761222604e-42,1.33423492782213e-39,"ENSG00000170323.9"
6932.69406406528,-3.14472923851458,0.23240076135892,-13.5314928407565,1.01932395202889e-41,1.37394414128858e-39,"ENSG00000165124.18"
427.337468246069,2.29323740372534,0.169584186615191,13.5227078036999,1.14868547222516e-41,1.54041066081459e-39,"ENSG00000163545.11"
100.347601050107,4.99890916996557,0.369714409064103,13.5210017446164,1.17563935411765e-41,1.56855354231615e-39,"ENSG00000196132.14"
1441.61084908578,-5.27749821890576,0.390343425220985,-13.5201411831594,1.1894730378628e-41,1.57899542056495e-39,"ENSG00000188536.13"
3320.42161282805,-4.53330682939191,0.335366091456551,-13.5174871427907,1.23316507045122e-41,1.62876938249949e-39,"ENSG00000133800.9"
506.075271813613,2.86123234395424,0.211787561363049,13.509916850355,1.36675728451288e-41,1.79619242330683e-39,"ENSG00000072571.20"
3122.23161057566,-1.1071266638807,0.0819523231459434,-13.5093993846775,1.37639762260194e-41,1.79986244340644e-39,"ENSG00000011523.14"
744.663803748008,2.95157213155376,0.218540598527771,13.5058298157753,1.44476614592315e-41,1.87991254353684e-39,"ENSG00000132031.13"
906.560535049421,-3.48371712600219,0.258466132374839,-13.4784278852826,2.09523785538853e-41,2.71286856113459e-39,"ENSG00000280339.1"
327.416933730122,2.51932357943084,0.187330577868165,13.4485443225602,3.13992769929174e-41,4.04558135530315e-39,"ENSG00000100526.20"
9331.38510027901,1.13807986439624,0.0846511832580412,13.4443467958037,3.32327384179031e-41,4.26092339793251e-39,"ENSG00000113648.16"
3785.51354335415,-5.0436263499074,0.375166180006557,-13.4437127297009,3.35188023619583e-41,4.27673884117336e-39,"ENSG00000168079.17"
162.954830385419,-5.57292793869393,0.415119324977073,-13.4248819637624,4.32272562950577e-41,5.48881741284685e-39,"ENSG00000281769.1"
2240.68760908821,-2.13053606549634,0.158706675015976,-13.4243633122669,4.35309485780026e-41,5.50080505973183e-39,"ENSG00000158966.16"
189.530402566712,-3.77326877806548,0.281216170502314,-13.4176806807574,4.76390323558026e-41,5.99112117913835e-39,"ENSG00000171596.7"
25272.6887960816,-3.06325907609355,0.228463396855759,-13.4080956435553,5.42130875248279e-41,6.78541329763131e-39,"ENSG00000105974.13"
507.158632409676,-3.5661704576467,0.266122215672672,-13.4004988972174,6.00580739077215e-41,7.4813574151211e-39,"ENSG00000182782.8"
18.6097479958278,6.05285484447287,0.452026652974219,13.3904821864964,6.87330666091829e-41,8.5216034092253e-39,"ENSG00000249001.5"
646.37279301537,-2.94598999921441,0.220076157827184,-13.3862296956664,7.27827109666682e-41,8.98131819271318e-39,"ENSG00000128918.15"
76.0376858401527,2.5498237023054,0.190673677377897,13.3727095284992,8.73017610447497e-41,1.07226144266365e-38,"ENSG00000143195.13"
333.631871633995,2.92295580976079,0.218867074403418,13.3549361763441,1.10853114449683e-40,1.3551922140444e-38,"ENSG00000169607.13"
64.9884032710839,-5.01484631306452,0.375616680622322,-13.350968079362,1.16919512093809e-40,1.42273724808967e-38,"ENSG00000186466.5"
6266.16397900464,-2.86327023460586,0.214598630108576,-13.3424441393554,1.31089981256677e-40,1.5878198467053e-38,"ENSG00000132561.14"
238.327003366201,-3.86323873025045,0.2895859846098,-13.3405583680299,1.34448710083689e-40,1.62103206231178e-38,"ENSG00000127241.18"
570.148871498965,-2.46199446276746,0.18482934596804,-13.3203656046761,1.7624231690996e-40,2.11522970669469e-38,"ENSG00000165028.12"
397.810501342827,3.10829499154033,0.233467499324742,13.313608962834,1.9293238011066e-40,2.30501576310391e-38,"ENSG00000135451.13"
2360.62908614489,1.30572498893848,0.0980774148062207,13.313207648451,1.93971732627337e-40,2.30694706804386e-38,"ENSG00000102100.16"
120.508350635915,2.42179294604714,0.181921248085344,13.3123149249229,1.96303783872201e-40,2.32416606094456e-38,"ENSG00000146410.12"
397.215838922213,-4.03385984708068,0.303228817613478,-13.3030227101389,2.22296412384573e-40,2.62010713144221e-38,"ENSG00000124440.16"
30888.8500261107,1.09997086851355,0.0827101058866598,13.2991108731124,2.34237170878058e-40,2.74852223185664e-38,"ENSG00000143761.16"
4124.08007821833,4.13533993167299,0.310967102122799,13.298319672542,2.36728743607593e-40,2.76541257643644e-38,"ENSG00000105664.11"
79.7771125709481,-6.00102408044554,0.451525042812493,-13.2905675465217,2.62578960105682e-40,3.0538165431052e-38,"ENSG00000277737.3"
3300.44261414674,1.32382077163339,0.0996626888601109,13.2830127982151,2.904677391646e-40,3.36328372519927e-38,"ENSG00000158850.15"
1144.35276138074,-2.20590646254242,0.166168247362888,-13.275138286348,3.22674867479575e-40,3.71981851615489e-38,"ENSG00000169291.10"
150.855037565028,-4.56848871085066,0.344611389419905,-13.2569289672664,4.11400876231674e-40,4.72194787374381e-38,"ENSG00000232079.7"
406.542645030664,7.10303716041034,0.536121385958577,13.2489345630379,4.57654227673129e-40,5.22999292180893e-38,"ENSG00000170373.8"
1400.96204993754,2.23812335536741,0.168999699073548,13.2433570452299,4.92951578239427e-40,5.60897804434852e-38,"ENSG00000122952.17"
2221.67001281029,-4.64812627315733,0.351128799608849,-13.2376674266971,5.31747822576207e-40,6.02433610715217e-38,"ENSG00000157150.5"
426.420310097117,2.80798212632728,0.2122985434668,13.2265727332529,6.16343739724691e-40,6.95278062443081e-38,"ENSG00000075218.19"
3198.18307509238,-2.42809214384951,0.183735589954248,-13.2151432635023,7.17495808770176e-40,8.02496163307034e-38,"ENSG00000101955.15"
91.1644762331082,5.05930079781353,0.382860693020074,13.214469100771,7.23953007499287e-40,8.06287324114884e-38,"ENSG00000196747.4"
2174.71600030752,2.70179907271094,0.204562992715323,13.2076630129813,7.92467581648854e-40,8.77803464632746e-38,"ENSG00000167900.12"
53.5382350344668,-5.03446232663369,0.381456094728122,-13.1980125529832,9.00804127276043e-40,9.90658396708097e-38,"ENSG00000246022.3"
629.940692735489,2.19722207023171,0.166493635005028,13.1970334491487,9.1258656305373e-40,9.99434384304344e-38,"ENSG00000101003.10"
1017.23935335125,2.59540976697048,0.196747897400395,13.1915502084815,9.81460095405698e-40,1.065979220977e-37,"ENSG00000076382.17"
1267.30080132896,3.24201609825972,0.245785901188491,13.1904071087196,9.96456663318594e-40,1.07781345426609e-37,"ENSG00000117399.14"
1119.89995554186,3.02808989606395,0.229574478878906,13.1900109753105,1.00170660457015e-39,1.07905149157876e-37,"ENSG00000111206.13"
5982.59974958146,-2.63086629157404,0.199509802683592,-13.1866517644068,1.04734605655131e-39,1.12360994899569e-37,"ENSG00000099260.11"
140.178070565247,-2.56138511612762,0.194261848045447,-13.1852195472185,1.06742790237606e-39,1.14049898317286e-37,"ENSG00000164849.10"
19046.2763290969,1.30474773894514,0.0990432389455622,13.1735164644835,1.24653686986432e-39,1.32647672419085e-37,"ENSG00000143321.19"
485.58726858369,-2.20754835518369,0.167920851401285,-13.1463623294063,1.78560304717675e-39,1.89245122951588e-37,"ENSG00000125355.16"
2107.39731546562,2.20724438872187,0.167936552855017,13.1433231848425,1.85880513282116e-39,1.96212185185025e-37,"ENSG00000113368.12"
121.863801304484,3.19729561919536,0.243291294840767,13.1418414345157,1.89556961213715e-39,1.99292606741651e-37,"ENSG00000109674.4"
96.8864577037751,-2.19922230557663,0.167428742841119,-13.1352733602234,2.06743493833646e-39,2.15636745711252e-37,"ENSG00000183807.8"
25.0376657966673,-3.05920593008077,0.232894884229047,-13.1355651722779,2.05948023872601e-39,2.15636745711252e-37,"ENSG00000285336.1"
141.6823601377,2.96396925432142,0.225968664049102,13.1167269001394,2.64097066847822e-39,2.73877315272761e-37,"ENSG00000129810.15"
19812.3640086634,-3.44946300466883,0.262985265903273,-13.1165637467217,2.64666101351702e-39,2.73877315272761e-37,"ENSG00000133392.18"
50.3163226775605,-2.9022936781509,0.221289613231214,-13.1153633275975,2.68890485396209e-39,2.77157549731527e-37,"ENSG00000083067.23"
133.993253640753,2.55702042684218,0.195035438397352,13.1105426165304,2.86540936193458e-39,2.94196951832377e-37,"ENSG00000124507.11"
1871.45074750934,1.87352038790399,0.142913963670607,13.1094284965894,2.9078132589004e-39,2.97388963801315e-37,"ENSG00000161800.13"
245.429434495828,-2.59028021372527,0.197689632687377,-13.1027620341705,3.1748980743807e-39,3.23445817779156e-37,"ENSG00000180660.8"
948.525257660468,3.09971120832919,0.236593324310872,13.1014314007285,3.2310592542832e-39,3.27896376214593e-37,"ENSG00000066279.18"
502.930894490878,-2.55906829843168,0.195425338996787,-13.0948643178444,3.52303326680605e-39,3.56151563018193e-37,"ENSG00000153902.14"
532.848503295546,-3.20918752746172,0.245185787727876,-13.0887991396283,3.81593095378702e-39,3.84283253598996e-37,"ENSG00000157152.17"
140.993683804097,3.01197415257719,0.230381615883533,13.0738476723762,4.6455028234241e-39,4.66039680194195e-37,"ENSG00000174871.11"
10305.2350333661,-4.38445733162604,0.335746550885379,-13.0588305972586,5.65903862068265e-39,5.65559585954459e-37,"ENSG00000101938.15"
638.315858574681,-3.2371589290494,0.247953377331551,-13.0555145644209,5.91092954784109e-39,5.88495728164603e-37,"ENSG00000154263.17"
1291.64885543104,2.20250701072219,0.168838433357996,13.0450571408236,6.78061389329192e-39,6.72534549325603e-37,"ENSG00000138160.7"
339.67388695522,-5.11301959778534,0.391994320158216,-13.0436063352184,6.91091732950949e-39,6.8288177101063e-37,"ENSG00000084674.15"
494.124664811407,-2.00293360066455,0.153607289631581,-13.0393134692272,7.31124103479043e-39,7.19732806585886e-37,"ENSG00000154134.15"
54.6164620733026,-2.74955854372549,0.210942487730529,-13.0346359963192,7.77371219271625e-39,7.62403922661768e-37,"ENSG00000185271.9"
164.591112795662,3.91486142138933,0.300423956883206,13.0311226241897,8.14010971058507e-39,7.95370422427576e-37,"ENSG00000151790.9"
143.06444100783,-2.70813409822384,0.208143460136698,-13.0109016946546,1.06082900186253e-38,1.03269738833165e-36,"ENSG00000144031.12"
55.0272059438179,-4.20815640963881,0.323466454387609,-13.0095605048312,1.07961206010374e-38,1.04710418405044e-36,"ENSG00000248869.7"
285.637042560064,-2.02314497325695,0.155587741953123,-13.0032414370182,1.17265494802488e-38,1.13316406815757e-36,"ENSG00000114378.17"
9754.22841099252,-6.38669821518765,0.491407395785977,-12.9967482580772,1.27656820738723e-38,1.22905929534674e-36,"ENSG00000174697.5"
954.992501094316,2.402585457145,0.184930402447582,12.9918359844916,1.36121895658999e-38,1.30577660784713e-36,"ENSG00000137807.16"
869.352534890403,9.08096923298644,0.699059328931613,12.990269719832,1.38936553539024e-38,1.32793031753444e-36,"ENSG00000198788.9"
1311.94277267147,-2.15984337330363,0.166526209967752,-12.9699905721861,1.8105261139707e-38,1.72419812969587e-36,"ENSG00000159433.12"
913.159165942606,2.78170627870978,0.214488407415315,12.9690285467202,1.83339197848328e-38,1.73967056904168e-36,"ENSG00000146670.10"
763.708441959327,-2.70795549864089,0.208824838530265,-12.967592924768,1.86804943991405e-38,1.76618026901802e-36,"ENSG00000108001.15"
304.891221983961,-5.4554762425371,0.420745607895525,-12.9662107937957,1.90203072931898e-38,1.79186292793621e-36,"ENSG00000186439.14"
36.2528436846317,-2.65317098731967,0.204898371827053,-12.9487167890192,2.38914256096669e-38,2.24272225258744e-36,"ENSG00000231170.7"
782.626717395557,5.26615166617313,0.406789097983005,12.9456558503766,2.48630770503957e-38,2.32562675157509e-36,"ENSG00000188916.9"
31.3639661358673,2.61570554977557,0.2020670233973,12.9447423226136,2.51606031230408e-38,2.34511096626243e-36,"ENSG00000115718.18"
833.815598257301,-2.33351081033995,0.180294073681049,-12.9428037355686,2.58037561072265e-38,2.39655804071499e-36,"ENSG00000119771.15"
1881.37426240498,3.64104189721032,0.281331262294882,12.9421873257509,2.60116632147468e-38,2.40736111245213e-36,"ENSG00000101057.16"
7486.21098683596,-2.15270737035995,0.166348285469254,-12.9409651821018,2.64288132998551e-38,2.43738571499436e-36,"ENSG00000170145.5"
186.701262274681,-4.48905479294131,0.347190794168875,-12.9296481022415,3.062171710148e-38,2.81420004299056e-36,"ENSG00000153303.17"
287.820638334663,-1.99337480765664,0.154355835701212,-12.9141525398187,3.74544975971342e-38,3.43015336182256e-36,"ENSG00000130307.12"
481.189818077956,1.39743478549017,0.108215961329952,12.9133888228316,3.78279298873385e-38,3.45232399013474e-36,"ENSG00000120334.15"
53.1231520902801,-2.41017739951428,0.186650119174175,-12.9128093256945,3.81137524436979e-38,3.46637324993133e-36,"ENSG00000267365.1"
1173.50381472923,1.69378094866685,0.13120699311645,12.9092276900484,3.99285622696351e-38,3.61890458860376e-36,"ENSG00000161980.6"
370.754296434787,7.02438030580593,0.544319289253499,12.9048895464268,4.22420755559858e-38,3.81543200657571e-36,"ENSG00000223808.1"
12.7334717896489,-2.73180709509304,0.211714463533873,-12.9032615414864,4.31442591429777e-38,3.88357434011653e-36,"ENSG00000283383.1"
1078.88746658504,3.00584692669105,0.233037692354685,12.8985439922574,4.58681701846165e-38,4.11467230420634e-36,"ENSG00000135127.11"
17301.4914825473,-2.08419186144396,0.161610409738366,-12.8963961221192,4.7164339919531e-38,4.21655615797603e-36,"ENSG00000163513.19"
6280.17697024239,-4.4166121666996,0.342781119629248,-12.8846424548604,5.49294766752731e-38,4.89412327095891e-36,"ENSG00000123689.6"
595.887191058474,3.00031634885833,0.232999247261814,12.876935801801,6.06979057052198e-38,5.38980997822972e-36,"ENSG00000126787.13"
957.649264208112,-1.94658639124809,0.151202726887714,-12.8740164368441,6.30369770082408e-38,5.5786663423724e-36,"ENSG00000198932.13"
3414.07393996727,-3.8953607095753,0.302826960647896,-12.8633220147942,7.23970655720568e-38,6.38551836072463e-36,"ENSG00000141338.14"
674.401108814635,2.31097833908825,0.179692854087574,12.8607136372935,7.48821228545024e-38,6.58261443848743e-36,"ENSG00000071539.14"
491.945930906398,3.07198456770989,0.238914119476289,12.8581122557504,7.74449483062372e-38,6.78521007093713e-36,"ENSG00000125869.10"
730.113649672247,-3.38390626098693,0.263211815187899,-12.8562095837957,7.93744514103921e-38,6.93115641485298e-36,"ENSG00000177363.5"
8929.60121079192,-3.90278786941566,0.303744202967616,-12.8489295640377,8.72086281218905e-38,7.59003834952242e-36,"ENSG00000168477.19"
375.278866720199,3.30839160134611,0.257732476140563,12.8365336448394,1.02355759212794e-37,8.87893985197712e-36,"ENSG00000167964.13"
932.361059991435,2.24682651436881,0.175083364928098,12.832895434078,1.07278697925208e-37,9.27537268508607e-36,"ENSG00000151725.12"
37.8876234413276,2.23843418987261,0.174461105901318,12.8305628828167,1.10558014789499e-37,9.52756347779408e-36,"ENSG00000104147.9"
194.076106996108,-5.10440506400632,0.397860130790769,-12.8296470768786,1.11872611613694e-37,9.60934550213833e-36,"ENSG00000165478.7"
220.292822379527,-3.00366391094906,0.234355972359048,-12.8166732032212,1.32254314344806e-37,1.1323037127814e-35,"ENSG00000126895.15"
2267.30428529277,1.79272963494226,0.139951464992856,12.8096525108456,1.4478145746182e-37,1.23553111296314e-35,"ENSG00000114346.14"
3545.9146251531,-1.21321929119324,0.0947554885825331,-12.8036835579874,1.56354892797661e-37,1.32997799426981e-35,"ENSG00000108799.13"
1003.97887120528,-2.96369871049742,0.231639689258633,-12.7944339762447,1.76131069173514e-37,1.48379135325533e-35,"ENSG00000106511.6"
405.17429770129,2.81028494702153,0.21964756793239,12.7945188443268,1.7593876914253e-37,1.48379135325533e-35,"ENSG00000168078.10"
8024.30944183498,-5.52639163971139,0.431924538372297,-12.7948082332565,1.75284619204439e-37,1.48379135325533e-35,"ENSG00000187288.12"
2686.67643853712,1.26464647858568,0.0989199702357027,12.7845416408065,2.00038655609931e-37,1.67981342621451e-35,"ENSG00000116128.11"
7497.33303361556,-5.56758196665809,0.435569198011346,-12.7823133317914,2.0585422941066e-37,1.72314412924516e-35,"ENSG00000184811.4"
657.355827323041,-3.21865535633025,0.251977914596249,-12.7735613713908,2.30367780940507e-37,1.92221801721914e-35,"ENSG00000115353.11"
2215.88259495843,-4.54700230431154,0.356077653410468,-12.7696929609621,2.42107601388732e-37,2.01378360598147e-35,"ENSG00000134201.12"
292.457153119032,-3.4121677275428,0.267306923289945,-12.7649807402918,2.57214266235714e-37,2.13268762578533e-35,"ENSG00000101049.17"
3378.91002519433,1.03986146621906,0.0814921719039341,12.7602620217913,2.73280297464919e-37,2.25877337690815e-35,"ENSG00000144136.11"
346.721732160784,3.1143158424621,0.244070876885593,12.7598830397201,2.74613096259112e-37,2.2626741761989e-35,"ENSG00000186185.14"
1569.12493678318,2.32268851155187,0.182172033663732,12.7499730054026,3.1185322533926e-37,2.55550217288866e-35,"ENSG00000079462.8"
210.119402101789,-3.7824164553386,0.296662160584835,-12.7499120477044,3.1209716842842e-37,2.55550217288866e-35,"ENSG00000197769.6"
4576.46811428247,2.20608717462208,0.173052758667911,12.7480612941604,3.19594576414917e-37,2.60876516971729e-35,"ENSG00000189159.16"
10832.1358815578,-2.15218370954819,0.168839718638396,-12.7469041461596,3.24372860541388e-37,2.63957159952626e-35,"ENSG00000174059.17"
159.110357189894,2.99307765259422,0.234885406263031,12.7427144164184,3.42275434276302e-37,2.77665664028343e-35,"ENSG00000103522.16"
14280.8811277659,2.83489307628429,0.222803386288941,12.723743222681,4.36440645511366e-37,3.52966336203715e-35,"ENSG00000164919.11"
190.258559234856,5.31686609256824,0.418016730947202,12.7192662373119,4.62179840484851e-37,3.72636040714841e-35,"ENSG00000145681.11"
325.43183474443,-5.52460510180326,0.434637291841168,-12.7108400625277,5.14784351576636e-37,4.13779568710712e-35,"ENSG00000184601.11"
8272.8180560608,-1.85268526503372,0.146104717015104,-12.6805301217084,7.58173475225886e-37,6.0755584215967e-35,"ENSG00000109686.19"
3092.37283298087,-1.94336763653637,0.153285483120491,-12.6780931695194,7.8211436294895e-37,6.24835681329793e-35,"ENSG00000114698.15"
452.767419940843,-4.00826978908928,0.316393017371058,-12.6686417494116,8.82288459712762e-37,7.02729390154249e-35,"ENSG00000248144.6"
324.576926793781,-2.22306091808931,0.175515557646716,-12.6658909779608,9.13769488535148e-37,7.256047503522e-35,"ENSG00000148541.13"
1408.11168312589,2.91871999346499,0.230588101423553,12.6577216059548,1.01399650162263e-36,8.02767591826781e-35,"ENSG00000011426.11"
526.891675560612,-3.34816468367535,0.264632273628148,-12.6521404126999,1.08867869715077e-36,8.59304230507836e-35,"ENSG00000183549.10"
157.759338486833,-4.48382051552029,0.354437676155485,-12.6505188843223,1.11138375314009e-36,8.74599118788446e-35,"ENSG00000227591.5"
766.981818158577,-1.52655385695066,0.120677670703381,-12.6498452286409,1.12095425661723e-36,8.79497363609773e-35,"ENSG00000137070.18"
384.432038291543,-5.76168242857412,0.455653639162485,-12.6448730644715,1.1941724717669e-36,9.34155632378605e-35,"ENSG00000287148.1"
949.705719023754,-3.80063554837515,0.30071363112331,-12.6387205467805,1.29138218248309e-36,1.00720146244467e-34,"ENSG00000081041.9"
1286.41919413943,-3.76710304449512,0.298099648936222,-12.637059647464,1.31894634300881e-36,1.02565638105454e-34,"ENSG00000286214.1"
216.122542548646,2.88531515378002,0.228409637046612,12.6321953446789,1.40308329034966e-36,1.08786552222863e-34,"ENSG00000115163.15"
3674.74356660882,-2.39024573052078,0.189363704700674,-12.622512504701,1.58676649955509e-36,1.22666384336194e-34,"ENSG00000078596.11"
292.688315045393,-3.1900401739651,0.252868990088934,-12.6153870146085,1.73702223096632e-36,1.3388824726897e-34,"ENSG00000130032.17"
747.087090091277,2.41654977715554,0.191716651888617,12.6047985574018,1.98679572215515e-36,1.52692803395105e-34,"ENSG00000160957.14"
540.777557320896,2.39966298811508,0.190528660850942,12.5947612154395,2.25641742442738e-36,1.72908675170989e-34,"ENSG00000121152.10"
39.6923251771113,3.91104782980844,0.31057624081868,12.5928751648835,2.31099657984072e-36,1.76576261931784e-34,"ENSG00000172156.4"
4785.03857668672,1.04811880555209,0.083350327398369,12.5748612904981,2.90309394039082e-36,2.21173684432558e-34,"ENSG00000163348.4"
18.8483916570422,-3.03728189468547,0.241546361082373,-12.5743227141794,2.92294516728521e-36,2.22042458892845e-34,"ENSG00000259430.2"
166.647777058241,-3.54800463590479,0.282458596663047,-12.5611494138283,3.45280036568138e-36,2.61537189658701e-34,"ENSG00000145708.11"
2980.262025482,-2.76219328885314,0.219921688520217,-12.5598948763947,3.50798535162035e-36,2.64953698224107e-34,"ENSG00000116678.20"
535.598888505837,2.65637720867144,0.211588786192115,12.5544328528807,3.75864697633761e-36,2.83072427295294e-34,"ENSG00000156970.13"
1589.25293994668,1.13247053712588,0.0902222745296905,12.5520060653448,3.87565229648783e-36,2.9105041417396e-34,"ENSG00000006704.11"
165.322980808216,7.87547555401849,0.62749749736306,12.5506087069888,3.94465942046213e-36,2.95388684351642e-34,"ENSG00000101441.4"
619.838064332524,-2.71736478989559,0.21661806890028,-12.5444973436012,4.26109569073229e-36,3.18177952088658e-34,"ENSG00000167641.11"
373.780929718531,3.09060356989122,0.246427498617512,12.541634303111,4.41789385985605e-36,3.2895162099846e-34,"ENSG00000118193.12"
259.845344103284,4.79496134172857,0.382358413383587,12.5404886459715,4.48223166970473e-36,3.32799370639884e-34,"ENSG00000166670.10"
46.2280095664862,4.60413510168145,0.367599776470966,12.5248582735335,5.45887753631178e-36,4.0417221736456e-34,"ENSG00000170965.10"
165.778433143934,-3.03042262597707,0.242037511809632,-12.5204667793832,5.76948450459609e-36,4.25969468311246e-34,"ENSG00000116183.11"
182.723166124967,3.03612729217004,0.242497769841455,12.5202276876817,5.78689053689279e-36,4.26057789556555e-34,"ENSG00000129173.13"
744.617131536079,2.73741413256822,0.218694874591621,12.5170474967917,6.02343477732833e-36,4.42234524266195e-34,"ENSG00000145386.11"
1392.40856127281,-3.2778084648482,0.261891170062459,-12.5159182116238,6.10972304014788e-36,4.47320223919908e-34,"ENSG00000129596.5"
115.137759471638,-4.23446690791257,0.338345269218568,-12.5152242196037,6.16335895382202e-36,4.49993685395161e-34,"ENSG00000254211.6"
1482.34515999824,-4.84110689476938,0.387018983187289,-12.508706562403,6.69047636438671e-36,4.87125985489031e-34,"ENSG00000133317.16"
2687.81961020089,-1.97460101097013,0.157931148575527,-12.5029231331514,7.19558971188177e-36,5.22455469577625e-34,"ENSG00000072163.20"
252.766549196081,-2.39320134830585,0.191475424634641,-12.4987389523871,7.58448409887271e-36,5.49175151666034e-34,"ENSG00000137225.13"
441.330927285098,-4.65653086873955,0.372567178766674,-12.4984999595356,7.60731709240777e-36,5.49315171584741e-34,"ENSG00000000005.6"
373.26383024182,2.87216359289926,0.230130731337998,12.4805738729472,9.52973136769964e-36,6.86245093886622e-34,"ENSG00000178999.13"
1403.85087005744,1.58405023627649,0.126946817280845,12.4780618388572,9.83516069700259e-36,7.0630427256835e-34,"ENSG00000177542.11"
8308.85767319624,-2.44200408773525,0.195735482397359,-12.4760419410201,1.00877925474232e-35,7.20509617707803e-34,"ENSG00000172403.11"
36.7098741670326,-2.43476204625058,0.195152365764892,-12.4762107633573,1.00664329872082e-35,7.20509617707803e-34,"ENSG00000248668.3"
2684.85659931604,1.24439557780759,0.0997491451905694,12.4752505440541,1.01885227682723e-35,7.25732066236501e-34,"ENSG00000160688.19"
64.2127219776171,3.74972058907197,0.300740850881865,12.4682781806217,1.11202928737316e-35,7.8996156187341e-34,"ENSG00000099822.3"
20.9516514531817,4.02423188002244,0.322896283257887,12.4629241297535,1.18928483039627e-35,8.42565026472654e-34,"ENSG00000070031.4"
612.044168996476,-2.16895259201264,0.174111239607982,-12.4572807413015,1.27649316530691e-35,9.01917912820611e-34,"ENSG00000103647.13"
35813.8073240522,-2.15941599462278,0.173398367009665,-12.4534967189306,1.33849799095605e-35,9.43192525316058e-34,"ENSG00000151914.20"
575.213654755582,1.25457837100136,0.100793707856805,12.4469909647903,1.45217482834023e-35,1.02056051305066e-33,"ENSG00000065600.13"
218.03234973206,2.26693411047644,0.182180765962329,12.4433229737611,1.52044352081586e-35,1.06568900002998e-33,"ENSG00000232434.2"
1807.29306923431,2.97119059553505,0.238814574961037,12.4414123217555,1.55725826805709e-35,1.08858979568119e-33,"ENSG00000171848.16"
49.9916334916303,2.59413743060156,0.208522054091956,12.4405902382756,1.57336957750762e-35,1.09693490650425e-33,"ENSG00000203711.14"
6926.08096518229,-1.10713307094068,0.0890080841942151,-12.4385675858939,1.61371835371939e-35,1.12208923833758e-33,"ENSG00000173757.10"
1553.65625470905,-1.60950155103913,0.129409533793751,-12.4372718443164,1.6401049829365e-35,1.1374279517547e-33,"ENSG00000081377.17"
267.577557810726,5.55836210610913,0.446985207934492,12.4352260599275,1.68264099154626e-35,1.16385620583689e-33,"ENSG00000104321.11"
97.7291483719024,5.13441546056715,0.412970983141671,12.4328722117645,1.73293997724043e-35,1.19550116435138e-33,"ENSG00000083782.8"
1193.52758888972,-2.24200126369882,0.180376288455248,-12.4295786486097,1.80583668323495e-35,1.24252909377349e-33,"ENSG00000151623.15"
52.6394731986242,-3.39729950375952,0.273349883509604,-12.4283919939559,1.83284097970588e-35,1.25781703160808e-33,"ENSG00000276365.1"
450.544737319154,-3.23929033086501,0.26068823041109,-12.4259170648281,1.89046001419055e-35,1.29061950683077e-33,"ENSG00000108381.11"
45.4130462612725,-3.6717016337587,0.295485709297252,-12.4259871737657,1.8888032955858e-35,1.29061950683077e-33,"ENSG00000287115.1"
2244.32762803303,1.8717627559229,0.150689154139472,12.421350206734,2.00154652357566e-35,1.36291836335914e-33,"ENSG00000177732.8"
3520.23362542577,1.20753399467752,0.0972796429838881,12.4130183627166,2.22118479508104e-35,1.50856902206486e-33,"ENSG00000134375.11"
1031.19232591837,-2.85011863003394,0.229984327903747,-12.3926645611555,2.86367597339757e-35,1.93991905373149e-33,"ENSG00000149451.18"
573.151109678646,-3.14433070485889,0.253762434721157,-12.3908438548597,2.92944482183269e-35,1.97629761894344e-33,"ENSG00000163884.4"
57.1757316038895,-4.72522921494873,0.381350960802159,-12.390762579985,2.93241542911254e-35,1.97629761894344e-33,"ENSG00000187758.8"
210.668054958298,-3.13243539186278,0.252962621868504,-12.3829970164173,3.23049884120654e-35,2.16057077715706e-33,"ENSG00000153253.19"
13.2304163422366,-2.79028463658902,0.225330835339127,-12.3830572606257,3.22807426310554e-35,2.16057077715706e-33,"ENSG00000230910.4"
17.2746582081861,5.67440901385498,0.4584972754786,12.3761019254297,3.52029438177633e-35,2.34841161245201e-33,"ENSG00000203740.4"
249.021731381928,-2.03861250242271,0.164754353518066,-12.3736487618773,3.62951104031903e-35,2.4151409666771e-33,"ENSG00000179314.14"
512.393129773656,2.57657855930657,0.208370310625563,12.3653823405611,4.02292557676476e-35,2.67016605706275e-33,"ENSG00000137812.20"
280.653838183823,2.5416199748642,0.205600295499403,12.3619470910321,4.19862040074283e-35,2.77976167791246e-33,"ENSG00000091651.9"
2279.60010715835,-2.67420501477288,0.216368606262433,-12.3594871777717,4.32909612954925e-35,2.85894378565509e-33,"ENSG00000170153.11"
89.6340399886962,-2.47689538345807,0.200407900928683,-12.3592701284741,4.34080019295549e-35,2.85948852811133e-33,"ENSG00000146006.8"
3316.90370072144,1.08243585642499,0.0876147388989866,12.3544950316288,4.6063949619641e-35,3.01931384489437e-33,"ENSG00000186283.14"
4273.73912337567,1.05534838872442,0.0854426559227401,12.3515400747689,4.77877555336807e-35,3.12451086180911e-33,"ENSG00000143294.15"
58.498849666892,-2.61690382241133,0.211945953842634,-12.3470336421442,5.05408011693187e-35,3.29631369214484e-33,"ENSG00000258311.5"
1482.63930395593,-3.33793143651065,0.27039589635094,-12.3446083374669,5.20870981491129e-35,3.3887556627507e-33,"ENSG00000189129.14"
88230.8778784682,-2.42472974428538,0.196543998932952,-12.3368291957494,5.737105035101e-35,3.72331033932332e-33,"ENSG00000148180.21"
182.038674127192,2.51815433491526,0.204207536147708,12.3313486976006,6.14101700597901e-35,3.97562785677715e-33,"ENSG00000035499.13"
1057.3086357907,2.93674203167925,0.238459191390695,12.3154910261675,7.47587736272234e-35,4.82791057989666e-33,"ENSG00000178531.6"
2300.63943591497,1.05793297008495,0.0859403652320449,12.3100823138051,7.99416155957221e-35,5.14996427528911e-33,"ENSG00000163882.9"
414.112129974763,3.00348593858057,0.244021821380779,12.3082678491029,8.17590616795017e-35,5.25416913736925e-33,"ENSG00000024526.17"
43.1737887415682,-1.98854577229239,0.161660761486391,-12.3007324350615,8.97565252260083e-35,5.75405002204976e-33,"ENSG00000238198.2"
48.2744080379878,-3.88304369445323,0.315713851382537,-12.2992503415643,9.14186420889077e-35,5.846344497968e-33,"ENSG00000226005.5"
1758.01554206092,2.28711345259,0.185966089183297,12.298551110228,9.22133875472122e-35,5.88285601526924e-33,"ENSG00000133466.14"
128.401811172244,-3.284121311636,0.267138004365373,-12.2937255574621,9.78884341019185e-35,6.22978111848626e-33,"ENSG00000215483.11"
900.759411157865,2.89133213597492,0.235265702558613,12.2896457262171,1.02956242582203e-34,6.53647797108844e-33,"ENSG00000112984.12"
156.342831427945,2.25571684423336,0.183560327847601,12.2886947887026,1.04174428301758e-34,6.59788114092389e-33,"ENSG00000127423.11"
99.2440187928191,4.89084854189148,0.398083741035981,12.2859791489184,1.07732666314363e-34,6.80683990722768e-33,"ENSG00000159263.16"
32.265513473424,-5.11911057583927,0.416975960000618,-12.276752299657,1.20748853595613e-34,7.61094212927359e-33,"ENSG00000253434.8"
1107.78493678519,4.16492589925041,0.339431315729591,12.2703053791548,1.30759241404304e-34,8.22219115088692e-33,"ENSG00000084628.10"
1426.09061978113,-3.15335698554853,0.257202614265857,-12.2602058091411,1.48123208469411e-34,9.29181482436756e-33,"ENSG00000203727.4"
395.332824518799,2.61230104395135,0.213091140423483,12.2590786212878,1.50197950665271e-34,9.39953079829997e-33,"ENSG00000092853.14"
1532.87671595936,1.78898986760753,0.145957658849187,12.2569098580571,1.54271406110911e-34,9.6315193306869e-33,"ENSG00000140525.19"
509.825136095694,2.50995563189892,0.204834105389429,12.2536021387991,1.6069638818192e-34,1.00088717226862e-32,"ENSG00000112742.10"
1961.91157653031,-5.3701897845106,0.438348074041168,-12.2509715509923,1.65995295159803e-34,1.03144688841141e-32,"ENSG00000124253.11"
1058.4553126563,-2.00741294966186,0.163869927286358,-12.2500386916872,1.67915790936139e-34,1.04091949268054e-32,"ENSG00000187800.13"
442.731660053152,2.86885683155921,0.234421682077267,12.2380182845613,1.947291993981e-34,1.20429700634815e-32,"ENSG00000065328.17"
8.00248822032163,-3.48708197746284,0.28511862795089,-12.2302846451108,2.1418676035588e-34,1.32152225567933e-32,"ENSG00000178734.5"
387.605914353935,2.82926580396184,0.231351251094189,12.2293084242279,2.16776337434223e-34,1.33436750658574e-32,"ENSG00000093009.11"
52.6482028956299,-3.07790712142354,0.251705491139961,-12.228208083518,2.19732464128236e-34,1.3494037586791e-32,"ENSG00000253177.2"
36.9838141448067,-3.29725686178631,0.270294005415168,-12.1987790913889,3.15519288220025e-34,1.9331256343998e-32,"ENSG00000260105.6"
565.866831613613,2.74012591168106,0.224665003456006,12.1964964259226,3.24487705182027e-34,1.9834499634894e-32,"ENSG00000109805.10"
27.6331550601871,-3.85225163599129,0.315856241626627,-12.1962181787278,3.25598089401786e-34,1.98561953174862e-32,"ENSG00000250934.2"
2967.16131283872,-2.34614229032251,0.192379454458541,-12.1953890394679,3.28929317251301e-34,2.00129124412806e-32,"ENSG00000182463.16"
428.380952553516,3.64808334603392,0.29932473818786,12.1877108057281,3.61432048631705e-34,2.19396765963874e-32,"ENSG00000169248.13"
71.6601536647181,3.41485315243119,0.280482312406926,12.1749322555388,4.22744942764478e-34,2.56023688378377e-32,"ENSG00000259345.7"
3923.14595805084,-2.13182182114659,0.175588636147435,-12.1410010802555,6.40377239943302e-34,3.86047600336462e-32,"ENSG00000127920.6"
1907.51314753595,1.43015650125842,0.118102052167803,12.109497464332,9.40687152403676e-34,5.6578995683703e-32,"ENSG00000143748.18"
238.031637639071,-2.4501325819457,0.20235686241297,-12.1079787101337,9.58265221859625e-34,5.75046645921424e-32,"ENSG00000123119.12"
80.5988303456539,-3.85681714748812,0.318631414149042,-12.104321721662,1.00194133255777e-33,5.99886696695861e-32,"ENSG00000179796.12"
8816.96522899109,-2.57067025177322,0.21248272540822,-12.0982552667963,1.07879648469817e-33,6.44433790995605e-32,"ENSG00000154734.16"
223.591323728255,-2.14939683734875,0.177716276666558,-12.0945412410456,1.12870997318175e-33,6.72721381748504e-32,"ENSG00000167874.7"
6113.7897091149,2.06341812485171,0.170648305237556,12.0916414726725,1.16926943874671e-33,6.93748937427057e-32,"ENSG00000182481.10"
185.0804917052,2.86963695356616,0.237339558642551,12.0908497933462,1.18059215696155e-33,6.98889284990484e-32,"ENSG00000103269.14"
587.425999071866,2.10444207083131,0.174058745714746,12.0904127062948,1.18689003628077e-33,7.01038600305702e-32,"ENSG00000119714.11"
11.3231573970484,-3.38344502041077,0.279876044980356,-12.0890840109172,1.20624051673236e-33,7.10870532327203e-32,"ENSG00000231943.9"
9444.10151802864,-3.14809970412652,0.260599863353794,-12.0802047384523,1.34384698366371e-33,7.90194051870623e-32,"ENSG00000076555.15"
396.810295572678,1.51794157461575,0.125743856504591,12.0716957218528,1.49031293587644e-33,8.74361276932509e-32,"ENSG00000186638.16"
634.54820045423,-3.8909530389828,0.322414107511634,-12.0681848229684,1.55527048926872e-33,9.10439410689067e-32,"ENSG00000173208.4"
33998.1130379951,-5.14440984307956,0.426317473097497,-12.0670865439828,1.57616220881478e-33,9.2061883325528e-32,"ENSG00000196616.14"
456.074049020318,2.50023722884058,0.207270541576853,12.0626752350793,1.66292084235777e-33,9.69139942805582e-32,"ENSG00000171241.9"
660.859890677031,2.23635032243405,0.185400983966961,12.0622354562723,1.67182590550194e-33,9.72174161509138e-32,"ENSG00000276180.1"
1413.77693981589,-2.44548978977484,0.202828099949163,-12.0569575437909,1.78246584454682e-33,1.03422367015604e-31,"ENSG00000156298.13"
75.7808638814024,-3.17628765199419,0.263463888928592,-12.0558747724819,1.8060473387434e-33,1.04559797910862e-31,"ENSG00000260947.1"
31.1578356912194,-2.11480590285986,0.175428036156915,-12.0551192910136,1.82268411664357e-33,1.05291053454637e-31,"ENSG00000224609.8"
2043.80833524789,-5.3732102884706,0.445967134494588,-12.0484445441479,1.97644398002266e-33,1.13922924497622e-31,"ENSG00000176194.18"
273.896869521303,3.64059984503539,0.302210493954798,12.0465699168604,2.02189941738656e-33,1.16287974368902e-31,"ENSG00000162004.18"
20313.9867384795,1.32378316356554,0.109955456191969,12.0392676217393,2.20908099774623e-33,1.26499967199917e-31,"ENSG00000163468.15"
3633.33554476454,1.46261702399394,0.121572287711051,12.0308423204986,2.4465191740289e-33,1.39791978196034e-31,"ENSG00000137216.19"
140.509833217867,3.84690473758345,0.319811359816928,12.0286682117407,2.51179736203704e-33,1.43210589726207e-31,"ENSG00000167619.13"
30.4677388062916,3.2710369158084,0.271947284977582,12.0282021424779,2.52601481921676e-33,1.43709466468167e-31,"ENSG00000270977.2"
1507.64604897636,-4.67258096184996,0.388599113778217,-12.0241678279192,2.65246999213526e-33,1.50373768655153e-31,"ENSG00000181234.9"
298.215881616343,2.50642890826541,0.208645382994217,12.012865428874,3.04121520107468e-33,1.71534979281217e-31,"ENSG00000100162.15"
377.515313489572,2.11795792487042,0.176393730732773,12.0069909291675,3.26510548727084e-33,1.83376138092792e-31,"ENSG00000160606.11"
105.033699236226,-2.24485214497041,0.186960022101522,-12.0071238745972,3.25986200120096e-33,1.83376138092792e-31,"ENSG00000261468.1"
706.117904516509,2.44082395528622,0.203411924095622,11.9994143221359,3.57819456882649e-33,2.00531484108818e-31,"ENSG00000138778.13"
1482.17223668139,2.35060490018456,0.195915280731149,11.9980682028078,3.63686039911764e-33,2.03385614320017e-31,"ENSG00000197903.8"
92.6060590993985,-3.44435522180547,0.287080761115191,-11.9978615370308,3.64595139141724e-33,2.03461117562655e-31,"ENSG00000276409.5"
110.89169717601,5.03671963116096,0.419947960337766,11.9936756618841,3.83501900412924e-33,2.13558558272315e-31,"ENSG00000170369.4"
5026.72013621427,1.35755396572784,0.113216380587765,11.9907910735184,3.97094598900669e-33,2.20660347515966e-31,"ENSG00000132646.11"
69.2323650683655,-5.46620779952504,0.456541283354511,-11.9730854554076,4.91656326586187e-33,2.7263069383948e-31,"ENSG00000259916.1"
5365.88530686012,-1.95622571008356,0.163422418546119,-11.9703632309878,5.08057174580945e-33,2.81132100561801e-31,"ENSG00000183722.9"
809.142806955762,1.78340266926657,0.149089879673722,11.9619297645789,5.62395502993428e-33,3.10546289930237e-31,"ENSG00000122966.17"
81.1518015998367,3.6315492965314,0.303737888229444,11.956194591661,6.02607286115458e-33,3.32053037908987e-31,"ENSG00000131650.14"
1223.25989639689,-1.86587309939067,0.156075967142803,-11.9549033303986,6.12047564480379e-33,3.3654933441009e-31,"ENSG00000164318.18"
5925.44232548261,1.26048687868993,0.10549829767421,11.9479357153463,6.65579435822044e-33,3.65221083322476e-31,"ENSG00000117410.14"
13.2154097375946,-3.12843904991565,0.261858832568913,-11.9470442116645,6.72756083604061e-33,3.68390018780191e-31,"ENSG00000225398.3"
1335.04371198964,-2.63543138990848,0.220678836543513,-11.9423839240191,7.11541329659276e-33,3.88760341203683e-31,"ENSG00000165072.10"
16.4691265527888,2.4550446664211,0.205807642266399,11.9288314048283,8.37407756978208e-33,4.54760857116017e-31,"ENSG00000232021.7"
6231.71299065447,-3.00009361190498,0.251590947949969,-11.9244894792541,8.8223185294034e-33,4.78115093251214e-31,"ENSG00000130176.8"
2273.37077912727,-3.70710166609692,0.310886294296465,-11.9243007302271,8.84233550259817e-33,4.78213881379198e-31,"ENSG00000152270.9"
6.39812134820772,-2.70920391207379,0.227466606988257,-11.9103368531525,1.04554021327096e-32,5.64291149191251e-31,"ENSG00000213561.4"
37.371399429866,-1.33227740957445,0.111906019976343,-11.9053238588603,1.1103139711837e-32,5.98022385626893e-31,"ENSG00000266601.1"
5145.21132207037,-2.91004354683459,0.244609112838408,-11.896709460522,1.23106160364664e-32,6.61701905731049e-31,"ENSG00000198624.13"
7640.02726808728,1.04006413924618,0.0874802667018723,11.8891285824569,1.34805710728866e-32,7.23108836897449e-31,"ENSG00000132676.16"
573.711599856289,2.38488733824452,0.200692159368104,11.8833109661759,1.4452706259444e-32,7.73676031208199e-31,"ENSG00000135476.12"
724.161304146307,2.3488421419534,0.197875346158601,11.8703122321805,1.68836325524761e-32,9.01970321157074e-31,"ENSG00000101412.13"
4137.56449100348,-3.78460754491583,0.318919835317202,-11.8669556603515,1.75747202034245e-32,9.3698569133227e-31,"ENSG00000198848.13"
187.099742282562,2.24120603193806,0.18893317133929,11.8624274183873,1.85517500926179e-32,9.87073278207226e-31,"ENSG00000049768.16"
2530.94847192519,-3.02325797797809,0.255001739907781,-11.8558327447939,2.00718766692646e-32,1.06579637651505e-30,"ENSG00000171227.7"
1615.89358452136,2.02294646978631,0.170778136013665,11.8454652159012,2.27154298400737e-32,1.20373459257358e-30,"ENSG00000013810.20"
71.3269776509441,-1.79544944690462,0.151712020335996,-11.8345892627904,2.58606347221482e-32,1.3676477324687e-30,"ENSG00000214140.11"
21310.6212994959,-5.35070405643789,0.452202388825053,-11.8325426593621,2.64991086606951e-32,1.39579673755052e-30,"ENSG00000181092.10"
3360.21474303995,-2.80515945710513,0.23720849183288,-11.8257126270228,2.87452874777812e-32,1.511082272132e-30,"ENSG00000176438.12"
1709.61160632314,-2.17207646457549,0.183885450642709,-11.8121170379915,3.37943410470918e-32,1.77295501014323e-30,"ENSG00000101230.6"
31.570324525534,-2.44249570599088,0.206959650998092,-11.8017966024372,3.8206600384785e-32,2.00044279783604e-30,"ENSG00000198010.13"
787.958103301733,-4.90184793277322,0.415353799764762,-11.8016205354313,3.82866353561312e-32,2.00064795964324e-30,"ENSG00000134548.11"
1134.12273781581,-3.25903389243064,0.276362767030488,-11.792593942552,4.2620830210459e-32,2.22271012153116e-30,"ENSG00000132840.10"
70.7957275281153,-2.43240363776631,0.206394809990918,-11.7851976891926,4.65327068125421e-32,2.42191220962546e-30,"ENSG00000189134.4"
2393.74226945405,-2.8139521712932,0.23887902413135,-11.7798211103957,4.95982225587516e-32,2.57636300737989e-30,"ENSG00000249669.10"
9420.90934769066,1.02890293999285,0.0873876236822686,11.7740121156495,5.31359342794774e-32,2.7546842142047e-30,"ENSG00000159346.13"
112.322576268122,1.5849975512313,0.134636004782475,11.7724642363839,5.41201525158404e-32,2.80018521402825e-30,"ENSG00000257167.2"
812.380920976435,-3.26839222739337,0.277726719187335,-11.7683751745497,5.68081132134046e-32,2.93348614479593e-30,"ENSG00000189056.14"
1104.25859334403,1.38050968837132,0.117343911254305,11.7646469562405,5.93741950771689e-32,3.0599830262908e-30,"ENSG00000162769.13"
2226.0416595689,-4.09689400794606,0.348249550571692,-11.7642477965026,5.96556614535817e-32,3.06847241809382e-30,"ENSG00000018625.15"
59.4904209455099,3.13553152527181,0.266621000162365,11.7602571566469,6.25435120755482e-32,3.21072982694084e-30,"ENSG00000197472.15"
85.988970893372,-2.3502713035615,0.199863670212476,-11.7593722814302,6.32024250312258e-32,3.23823107119053e-30,"ENSG00000168356.13"
94.6772551329585,2.8480326183069,0.242279881849274,11.7551345847143,6.64547817230475e-32,3.39824412997778e-30,"ENSG00000183145.9"
33.4116326894515,-2.21147324523219,0.188184790394221,-11.751604582918,6.92904644633031e-32,3.53637003486109e-30,"ENSG00000259407.1"
942.900652200782,1.25199230873595,0.106564937922212,11.7486326473521,7.17707695968399e-32,3.65585834899872e-30,"ENSG00000178966.17"
1292.0937630036,-1.81991799034947,0.15498059954949,-11.7428761770166,7.68284182247398e-32,3.90591517334441e-30,"ENSG00000122547.11"
17.6312528272914,-2.52701782063067,0.215312529270409,-11.7365107789757,8.28338700970383e-32,4.2030993081671e-30,"ENSG00000229116.3"
245.523829144817,-1.75816180534333,0.149893469765266,-11.7294089468782,9.00855114453683e-32,4.56224967789992e-30,"ENSG00000235505.7"
404.096595072317,1.93345828741435,0.164867697893728,11.7273323526397,9.23226018389796e-32,4.66655243603027e-30,"ENSG00000111247.15"
408.955576080173,-3.3240634431359,0.283464106629788,-11.7265761886292,9.3150835036906e-32,4.69937917103654e-30,"ENSG00000158571.11"
7589.3084156895,1.32633578376016,0.113245948681359,11.7119932254007,1.10647427965295e-31,5.57137355678128e-30,"ENSG00000143418.20"
125.545970591241,2.42150498223239,0.206819017276629,11.7083284415453,1.15534892162298e-31,5.80634628220621e-30,"ENSG00000154920.15"
819.034777319341,5.96134584307308,0.509279489485376,11.7054504769021,1.19522778328138e-31,5.99529905644423e-30,"ENSG00000185686.18"
44.2525129040738,3.47406850419248,0.296798878075383,11.7051268074878,1.19979737296035e-31,6.00675698112186e-30,"ENSG00000137825.11"
10.3777219262548,-3.2356040903,0.276454493001207,-11.7039302026677,1.21684224010013e-31,6.08050977923799e-30,"ENSG00000213373.7"
168.869750516619,-3.30109766901824,0.282060018423282,-11.7035292256996,1.2226075075248e-31,6.09772594455062e-30,"ENSG00000173253.15"
104.962193170975,3.34742875612486,0.286038061518794,11.7027389234524,1.2340500324223e-31,6.14313845685374e-30,"ENSG00000204677.13"
6868.27439784122,-3.87658370719497,0.331276363908677,-11.7019628610257,1.24538984106779e-31,6.18786891921091e-30,"ENSG00000180914.10"
12334.1316368501,1.28718548300032,0.110016380864585,11.6999438891256,1.27537801472641e-31,6.32491240359791e-30,"ENSG00000162889.11"
2084.06156242972,1.49768228995681,0.128025482017382,11.6983140102802,1.30010903067726e-31,6.43541728103975e-30,"ENSG00000111602.12"
963.869181535844,2.13940065684302,0.182984768075181,11.6916871242748,1.40566178134183e-31,6.94481471067454e-30,"ENSG00000164109.14"
483.014427573832,-2.12879709761112,0.182109111300363,-11.6896792390578,1.43929165372609e-31,7.09762510816818e-30,"ENSG00000151320.11"
289.819735500707,2.10553905391954,0.180143326905155,11.6881323893174,1.46574336680478e-31,7.21453158297696e-30,"ENSG00000121621.7"
3847.03280321713,-3.38045169805533,0.289452335600856,-11.6787853552401,1.63616800984272e-31,8.03832522816935e-30,"ENSG00000143196.5"
286.671636006544,-2.19441823572072,0.187964273740167,-11.6746559974167,1.7175913297106e-31,8.422606438454e-30,"ENSG00000155970.12"
1682.13272147092,2.76559658605347,0.236953005348075,11.6714982449407,1.78255956881149e-31,8.72491540160916e-30,"ENSG00000158373.8"
26.0179686947024,-3.41790721557282,0.292930819795502,-11.6679672625738,1.85809951513287e-31,9.07774863489823e-30,"ENSG00000181778.5"
6.1780222642577,-4.41555465728354,0.378646240043808,-11.6614248084774,2.00656209567882e-31,9.78487534746238e-30,"ENSG00000251448.2"
2473.60569584728,1.19014443999702,0.102107095567863,11.6558446146969,2.1424544980585e-31,1.04281988938833e-29,"ENSG00000143374.17"
146.601142656553,-8.39673805793093,0.72062505693828,-11.6520206688429,2.24081491866708e-31,1.08867983959788e-29,"ENSG00000203858.3"
861.674318079822,1.47754565068839,0.126912970927191,11.642195749527,2.51457310498114e-31,1.21942877290266e-29,"ENSG00000103495.14"
22.3608713442666,-5.5102383235121,0.473311843408336,-11.641877126574,2.52398612694517e-31,1.22173943573898e-29,"ENSG00000181997.8"
2054.30311407286,-2.76726895510085,0.237856728220856,-11.6341840560902,2.76218835388161e-31,1.33458379951147e-29,"ENSG00000184113.9"
30.0714771993565,2.68033113325855,0.230388500937146,11.6339622956694,2.76937597177882e-31,1.33560143196761e-29,"ENSG00000278023.7"
15.4374700194248,2.57076230642606,0.221036374490935,11.630494357984,2.88422356797647e-31,1.38844198279659e-29,"ENSG00000223776.5"
4656.67166790936,1.15218117983911,0.0991307295791754,11.6228457586289,3.15450609116946e-31,1.51577766179704e-29,"ENSG00000176393.11"
1319.1729094128,1.35954456857563,0.116976738634493,11.6223497461635,3.1728776623814e-31,1.52182329339476e-29,"ENSG00000154370.16"
38.7492501947537,-2.96790078552975,0.255458378044073,-11.6179426498109,3.34084544826872e-31,1.59946779166293e-29,"ENSG00000149488.13"
722.559184628222,1.07756459946784,0.0927637144306501,11.6162295363175,3.40849432396307e-31,1.62888845110992e-29,"ENSG00000184831.14"
117.955849701121,-3.48126996383044,0.299737958104553,-11.6143780582375,3.48313672977508e-31,1.6615383993722e-29,"ENSG00000130226.17"
1817.25107298349,-3.01505119838839,0.259600042241551,-11.6142169021027,3.48971000416776e-31,1.66165829256423e-29,"ENSG00000118596.12"
30.2638541873671,3.14115223265716,0.27065686506569,11.6056625125499,3.85688882417607e-31,1.83317298109663e-29,"ENSG00000179603.18"
308.175264903811,-1.68094981942431,0.144898846229516,-11.6008502701377,4.08004217431149e-31,1.93573697670764e-29,"ENSG00000150048.10"
483.425264334759,-3.84306369236881,0.331280303295167,-11.6006404671294,4.09005747484504e-31,1.93699226430319e-29,"ENSG00000266524.3"
2646.51044052647,1.51334148825176,0.130522780165727,11.5944625630119,4.3961652753089e-31,2.07821597295358e-29,"ENSG00000143367.16"
670.98907463732,2.01296335415809,0.17363535772473,11.5930498288794,4.46929926157867e-31,2.10899572336326e-29,"ENSG00000123473.16"
116.365715536657,-2.61587694517873,0.225712499079964,-11.5894199738225,4.6627937812871e-31,2.19635970873387e-29,"ENSG00000187942.12"
2353.21782545445,-1.9040934687612,0.16440448360715,-11.5817611964349,5.09876222978476e-31,2.39314047227969e-29,"ENSG00000164035.10"
1972.39330718154,-1.93505436399194,0.16708106543011,-11.5815299538019,5.1125364941864e-31,2.39532814996783e-29,"ENSG00000124615.20"
9.41359593965634,3.85907285009619,0.333222089382879,11.5810835267348,5.13923307489892e-31,2.40355163951323e-29,"ENSG00000203585.4"
30.8733860434404,-2.96914306377598,0.256525277255822,-11.5744658598107,5.55159389545864e-31,2.59179562963117e-29,"ENSG00000225731.1"
4576.89182634485,2.87429020679967,0.248784569845803,11.5533298893141,7.1014619231135e-31,3.30362522455071e-29,"ENSG00000131747.15"
12947.6237870585,1.24289705379963,0.107582952316627,11.5529182555027,7.13556502747872e-31,3.31362528590549e-29,"ENSG00000071553.18"
3802.96353225231,-2.69238755110897,0.233138083332863,-11.5484673830183,7.51485600756216e-31,3.48360626636268e-29,"ENSG00000151468.11"
38.9329457618718,-2.7405511602467,0.237319726531419,-11.5479281908067,7.56214269975435e-31,3.4993549070483e-29,"ENSG00000276386.1"
36.5217211880192,3.47461595694598,0.300957573482079,11.5452019257887,7.80579390921544e-31,3.60575548523407e-29,"ENSG00000179546.4"
9.98990786867864,-2.34556061563793,0.203212276828667,-11.5424159024385,8.06283666555081e-31,3.71795787574276e-29,"ENSG00000287146.1"
686.33165034446,-3.23496839026918,0.280321453753746,-11.5402098089538,8.27232025817469e-31,3.80787505544419e-29,"ENSG00000124743.6"
385.342440079636,-2.02923207735756,0.175880553499114,-11.5375579447888,8.53129422434228e-31,3.92021918518553e-29,"ENSG00000165152.9"
7310.11178992552,-2.67530430736132,0.231909984089851,-11.5359600314784,8.69121126832244e-31,3.98673293152857e-29,"ENSG00000131016.17"
94.0000369216596,3.07072970209552,0.266200146006168,11.5354170467824,8.7462269889037e-31,4.00497961979695e-29,"ENSG00000274290.3"
108.308610054135,3.15525704131114,0.273569121347624,11.5336739240455,8.92518865930347e-31,4.07982015167187e-29,"ENSG00000176092.16"
108.799271150611,-2.27151214206827,0.197105697716572,-11.524335259626,9.94769864059028e-31,4.53199997040025e-29,"ENSG00000163239.12"
52.1967091417669,-3.16932574051298,0.275011832382164,-11.5243250192552,9.94888138381123e-31,4.53199997040025e-29,"ENSG00000180509.12"
3027.7001350888,1.18981867961489,0.103284370232367,11.5198328356756,1.04814143540385e-30,4.76632344085723e-29,"ENSG00000165209.19"
28.3856054845036,-4.11000536854642,0.356832901907494,-11.5180112219918,1.0705338000933e-30,4.85974272912821e-29,"ENSG00000229436.1"
12672.099332748,1.02445942892887,0.0889794068804668,11.5134441197738,1.12878489211305e-30,5.11534174212061e-29,"ENSG00000143621.17"
26.5589836361789,-2.4482730471304,0.212658385275238,-11.5127040204019,1.13851627831116e-30,5.15056142153708e-29,"ENSG00000203876.10"
10222.4917220004,1.37593843967075,0.119544897089309,11.5098048781021,1.17744502352539e-30,5.31751975916516e-29,"ENSG00000206053.13"
17.7344515964929,4.89627091546665,0.425472855151953,11.5078338281252,1.20466327202071e-30,5.43110968126799e-29,"ENSG00000177234.7"
4.49161322262088,-4.41671683027241,0.383892589888896,-11.5050848768679,1.24366940431562e-30,5.59736414777942e-29,"ENSG00000243953.1"
1298.13195225833,-1.91557348470989,0.166501926004065,-11.5048127711335,1.2475979667344e-30,5.60544700130718e-29,"ENSG00000120279.6"
184.111828232907,-3.86522784365031,0.336013914654724,-11.5031779193492,1.27146203148913e-30,5.7029194600103e-29,"ENSG00000004846.16"
37.8056902912645,-5.31211751780858,0.461963028104874,-11.4990100822584,1.33436995091122e-30,5.974885824489e-29,"ENSG00000206172.8"
137.30197411972,-2.91010928182723,0.253134614776062,-11.4962913483867,1.37706069541432e-30,6.15555498610035e-29,"ENSG00000287059.1"
1087.15948641197,1.91797936686009,0.166852837716375,11.4950359437121,1.39722848362364e-30,6.23510245561353e-29,"ENSG00000196976.7"
2759.04980295436,-1.94835582720855,0.169606961751462,-11.4874755557712,1.52503489138164e-30,6.79390120086016e-29,"ENSG00000138640.15"
1481.3780884776,1.89952107799736,0.165500454170846,11.4774372524469,1.71282339069203e-30,7.60470439205226e-29,"ENSG00000176058.13"
28.5740788693752,-1.85552895908347,0.161721473133844,-11.4736090583827,1.79033428982365e-30,7.9354378539165e-29,"ENSG00000126838.10"
31.0482567189225,-4.98571118328974,0.43472797434472,-11.4685768515469,1.89754230885383e-30,8.39646499089463e-29,"ENSG00000166947.15"
3169.52105156691,-3.93978933394137,0.343561867849408,-11.4674814134736,1.92171143938478e-30,8.48911991139319e-29,"ENSG00000187134.14"
11129.3554377601,-1.79342700631894,0.156561036972684,-11.4551298394366,2.21630897583718e-30,9.7740713290108e-29,"ENSG00000121691.7"
156.739859569284,-3.67108510500524,0.320498322550915,-11.4543036474771,2.23754224322663e-30,9.85118263332809e-29,"ENSG00000164488.12"
14.0229357140191,-3.24705356693648,0.28377090170119,-11.4425177052002,2.56336974435577e-30,1.12668244750246e-28,"ENSG00000279036.1"
223.246710115652,2.78506625104937,0.243427627061586,11.4410442424629,2.60728283628297e-30,1.14407048528984e-28,"ENSG00000131187.10"
696.280247295009,-3.44464666586495,0.301210316296584,-11.4360182221422,2.76276456129617e-30,1.21027506215181e-28,"ENSG00000166292.12"
2202.71383130067,1.45322949839753,0.127085633096071,11.435041577823,2.79402839012035e-30,1.22193414652119e-28,"ENSG00000079616.13"
2671.98370503832,2.26322081963274,0.1979248833036,11.4347462626069,2.80355082386518e-30,1.22406195771549e-28,"ENSG00000183010.17"
216.50688943961,-4.10396086463117,0.358936006577308,-11.4336839699231,2.83807153120306e-30,1.237079139737e-28,"ENSG00000151655.19"
449.622527409928,2.39143606668436,0.209201710938671,11.4312452606347,2.91892503376832e-30,1.27021565542329e-28,"ENSG00000163808.17"
397.341687210786,-2.81213160817395,0.246134909384112,-11.4251636032068,3.13065466902708e-30,1.36010127802823e-28,"ENSG00000126218.12"
2321.5231967245,-1.35217961458475,0.118389986874748,-11.4214018455404,3.26917678548782e-30,1.41793799719079e-28,"ENSG00000100154.14"
271.335472052307,-2.54890870665523,0.223398898338721,-11.4096744684503,3.7412682178545e-30,1.62002461018266e-28,"ENSG00000169313.10"
6800.99401335551,1.2054365817815,0.105670162534629,11.4075397715649,3.83420805890708e-30,1.65753823388674e-28,"ENSG00000059573.9"
1489.93438611856,-2.33883475398808,0.205091572374024,-11.4038559796244,4.00001184090134e-30,1.72637621061167e-28,"ENSG00000046889.19"
487.063267406924,1.94598125074728,0.170660444398187,11.4026496157885,4.05584080576224e-30,1.74760196292877e-28,"ENSG00000163507.14"
458.355100839704,2.23739485647515,0.196311802180798,11.3971489824874,4.3203656631186e-30,1.85853504237986e-28,"ENSG00000008300.17"
1473.57239710326,1.71054746252962,0.150163982309482,11.3911967185597,4.62592248974405e-30,1.98672788758877e-28,"ENSG00000188486.3"
1988.8277769387,1.15495222400557,0.101398745539579,11.390202293526,4.67902151435258e-30,2.00625451033023e-28,"ENSG00000167977.9"
302.774281924456,2.42871934360123,0.213259166464292,11.3885812453829,4.76687987973356e-30,2.04059724363057e-28,"ENSG00000051341.14"
14.0728937154289,-3.32822549363578,0.292297834741723,-11.3864185705537,4.88664772413153e-30,2.08846583383859e-28,"ENSG00000206120.11"
75264.6413968594,-1.8088465664277,0.15896606983147,-11.3788217092199,5.33151906893649e-30,2.27489687025855e-28,"ENSG00000265972.6"
2092.67401673938,-2.92547524544449,0.25719276697537,-11.3746404296223,5.59328936910959e-30,2.38272314064306e-28,"ENSG00000138356.14"
98.7304831814031,2.5922661514975,0.227903230317835,11.3744160092962,5.60769445123144e-30,2.38499419022924e-28,"ENSG00000153976.3"
1003.90213391634,1.71730060642679,0.150981619808755,11.3742362057187,5.61926223705101e-30,2.38605312824958e-28,"ENSG00000162063.13"
1204.45371505899,2.87134897792694,0.252788230615,11.3587130656413,6.71261832531509e-30,2.84571709778358e-28,"ENSG00000008735.14"
55.034724172878,-2.46673740660451,0.217174261656428,-11.3583321881251,6.7419440950574e-30,2.85354683727035e-28,"ENSG00000225914.3"
3789.1397011656,1.06438584455775,0.093737724073153,11.3549358604771,7.0091312872482e-30,2.96186506035421e-28,"ENSG00000160803.8"
392.196608308309,-2.94428956217224,0.259565754387537,-11.3431356502305,8.02176906419386e-30,3.38433672685829e-28,"ENSG00000112214.10"
497.593960384313,1.20905030473343,0.106706638996619,11.3306005708955,9.25678354988478e-30,3.89912337860852e-28,"ENSG00000000460.17"
678.573095380176,-1.69684339597701,0.149805578431481,-11.3269706892332,9.64842214708921e-30,4.05758604342549e-28,"ENSG00000154240.17"
123.027809198631,3.39461453840658,0.299767039113351,11.3241754278494,9.96117896189025e-30,4.18242216987737e-28,"ENSG00000167749.11"
14176.932729819,-2.22081123659514,0.196122799678074,-11.3235750266695,1.0029658230599e-29,4.20445832429128e-28,"ENSG00000115380.20"
220.38183067684,2.04377799722682,0.180504141348757,11.3226100074789,1.01407045056803e-29,4.2442400832373e-28,"ENSG00000102384.13"
6.61351129030182,-3.59327751589884,0.317545114596213,-11.3158016002483,1.09595989138569e-29,4.5796835906489e-28,"ENSG00000266964.6"
17118.1628599316,-2.01644043248861,0.17839019994735,-11.3035381600769,1.26035579360185e-29,5.258284393497e-28,"ENSG00000240583.13"
2348.14141512011,1.79766201737116,0.159056938056863,11.3020031652344,1.28258492120139e-29,5.34254549427215e-28,"ENSG00000141582.15"
169.480158657048,-3.85480389119248,0.341293689419341,-11.2946825877468,1.39406796165488e-29,5.79773454179382e-28,"ENSG00000246430.7"
112.509678177042,2.89585211961356,0.25641689193527,11.2935310063137,1.4124595852709e-29,5.86494277081521e-28,"ENSG00000106327.13"
76.2070613415826,2.78266772177723,0.246455979082261,11.290729209083,1.45821808765867e-29,6.04539498675403e-28,"ENSG00000136541.15"
1666.75382291705,1.78160424339458,0.157815167464761,11.289182605293,1.4841039814437e-29,6.14302189736477e-28,"ENSG00000185420.19"
2466.55408049989,-2.75311018315054,0.243925559769579,-11.2866818292893,1.52692818728224e-29,6.31034284190667e-28,"ENSG00000106034.18"
2221.16452345651,-1.90703159113083,0.169001481535704,-11.2841116764289,1.57221820116424e-29,6.47714470210044e-28,"ENSG00000154133.15"
564.843856569378,2.01886118128131,0.178910390755134,11.28420307373,1.57058501432005e-29,6.47714470210044e-28,"ENSG00000198826.11"
151.032373805404,1.95421693295947,0.17321505805346,11.2820268336967,1.60993353467596e-29,6.62214288347775e-28,"ENSG00000163689.20"
5489.21264000539,1.41141905892493,0.125144880064963,11.278280487322,1.67997573564792e-29,6.89945034933906e-28,"ENSG00000163382.12"
13.7522456974372,-3.71891894493737,0.329873749312021,-11.2737644407701,1.76843827602196e-29,7.25142459390971e-28,"ENSG00000267361.1"
236.517611516185,2.65400429478127,0.235487656534809,11.270248019938,1.84050718462825e-29,7.53518548921635e-28,"ENSG00000129195.16"
528.083081482837,-3.09548173494982,0.274700127605572,-11.2685849909559,1.87559862739409e-29,7.66691047005072e-28,"ENSG00000263155.6"
292.307142918422,-2.59418132647082,0.230311693251409,-11.2637846991077,1.98065672232589e-29,8.08378591453627e-28,"ENSG00000102010.15"
14.3008161432009,4.2141856964786,0.374197186749328,11.2619384797825,2.02259959703371e-29,8.24217175324558e-28,"ENSG00000124657.1"
5.30901232272365,-3.64065436683799,0.323304116137173,-11.2607733249314,2.04952227770639e-29,8.33895410947908e-28,"ENSG00000285831.1"
3798.36477738236,1.53831363375071,0.136731501288812,11.2506161290616,2.29979897672456e-29,9.34280004702137e-28,"ENSG00000136770.11"
623.149699294007,-2.04009695706144,0.181444340866057,-11.2436516196857,2.48870448495514e-29,1.00790614302868e-27,"ENSG00000141404.17"
1408.67185244769,3.26211752970788,0.290489468188721,11.2297273634326,2.91376225179934e-29,1.17823580040452e-27,"ENSG00000169245.6"
31.3480118268594,-5.33133289566779,0.474764488922936,-11.2294264210084,2.92370299625598e-29,1.18043947086931e-27,"ENSG00000271239.1"
629.744593133182,1.35424446128622,0.12060009458668,11.2292155816916,2.93068749014489e-29,1.18144463176332e-27,"ENSG00000159147.18"
240.478741081347,-2.38304195874091,0.212239070560151,-11.2281021230044,2.96784864902691e-29,1.19459316831582e-27,"ENSG00000077616.11"
40776.6120403528,-1.93753537446864,0.172629473112844,-11.2236649949231,3.1206372693908e-29,1.25417171236495e-27,"ENSG00000115306.16"
149.293904690577,2.55762568497517,0.228131011267983,11.2112144278831,3.59230360619552e-29,1.44152836618692e-27,"ENSG00000243742.5"
5522.9696265143,1.40423627647358,0.125302417289766,11.2067772262225,3.77696221994228e-29,1.51331821629517e-27,"ENSG00000149923.14"
8694.77200943435,1.08736185181,0.0971053274567745,11.1977569129153,4.18187985703741e-29,1.67300654737247e-27,"ENSG00000117139.18"
26982.6748287231,-2.13529288875374,0.190723582844141,-11.1957465191848,4.27783716475071e-29,1.70879440787702e-27,"ENSG00000135046.14"
181.619491000175,2.45159886062359,0.219046786137576,11.1921243121267,4.45627366157279e-29,1.77737021124096e-27,"ENSG00000085999.13"
4716.10874609253,-1.88426614378438,0.168522250330114,-11.1811119308776,5.04538267916583e-29,2.00624566322533e-27,"ENSG00000173269.14"
543.852884988924,-2.31017391823057,0.206637861937367,-11.179819112389,5.11942264671997e-29,2.03261185568562e-27,"ENSG00000164736.6"
366.52082376924,3.82583165695589,0.342240070807934,11.1787951887812,5.17882711805149e-29,2.05309640981698e-27,"ENSG00000105219.10"
114.759390443267,-2.37631689294968,0.212661681590582,-11.1741658166918,5.4560578200894e-29,2.15974433348238e-27,"ENSG00000122592.8"
3987.56280088907,-2.64499591466333,0.236787230524498,-11.1703486239714,5.69568902145236e-29,2.25121037954667e-27,"ENSG00000198947.16"
2363.50730965056,1.23778403366417,0.110938313883065,11.1574080255886,6.58844986498461e-29,2.60016240617501e-27,"ENSG00000123136.15"
20.9548962723903,2.67780461143168,0.240053715075826,11.1550225772837,6.76756391710196e-29,2.66684632679322e-27,"ENSG00000275223.1"
4444.8036569807,1.63147945618987,0.146264529751089,11.1543069188838,6.82223603414075e-29,2.68436604672688e-27,"ENSG00000104522.16"
896.650706757786,2.60372558405424,0.233464297253258,11.1525642879337,6.95720233039205e-29,2.73337976161472e-27,"ENSG00000169783.13"
110.338109240213,7.08839823923877,0.635880305142026,11.1473781809543,7.37473742191528e-29,2.89309848354659e-27,"ENSG00000117148.8"
2070.05577106941,1.14235406150401,0.102657740538917,11.1277927558804,9.18825344903854e-29,3.5991662243596e-27,"ENSG00000117593.12"
84.5225988477334,-4.23781278312513,0.38089022615431,-11.1260738452455,9.36710566647181e-29,3.66376496038014e-27,"ENSG00000130173.13"
785.036645644974,1.82372144072659,0.163937128882017,11.1245173876328,9.53203216947593e-29,3.72273303926457e-27,"ENSG00000160949.17"
2626.11630131071,5.03558572546221,0.452926752695363,11.1178809719132,1.0268185099124e-28,4.0042874947385e-27,"ENSG00000163993.7"
30.7403348913094,-3.30430919934061,0.297216158787475,-11.1175287804704,1.03087910951499e-28,4.01416689103585e-27,"ENSG00000232528.3"
221.461537468697,-1.73753323081011,0.156345413772357,-11.113426284061,1.07936886151055e-28,4.19676496389692e-27,"ENSG00000105784.15"
8275.32699868016,-2.41110743253925,0.21710418642332,-11.1057620410781,1.176098067354e-28,4.56610954244203e-27,"ENSG00000174804.4"
1596.65937244593,-2.02157806797358,0.182049640545487,-11.1045430351644,1.19225627411636e-28,4.62201532579268e-27,"ENSG00000136160.17"
78.3209794505928,-2.1678894413193,0.195284536441455,-11.101183333936,1.23793877721569e-28,4.7920445979878e-27,"ENSG00000157782.9"
808.313246328987,3.82007681737013,0.344235936539142,11.0972632775537,1.29343952696454e-28,4.99952419510821e-27,"ENSG00000069011.16"
141.540253054721,-2.89548761939204,0.261052604704281,-11.0915867806492,1.37821074682932e-28,5.31433393695698e-27,"ENSG00000141052.18"
2228.68597429613,-1.62595280491292,0.146593960269739,-11.091540210259,1.37892852876452e-28,5.31433393695698e-27,"ENSG00000185010.15"
6116.7775001945,-2.57089497377784,0.231844259713893,-11.088887760044,1.4204282917738e-28,5.46625727979247e-27,"ENSG00000136826.15"
223.669401117533,1.74719860365472,0.157651947560585,11.082632537624,1.52326759768889e-28,5.85344525404311e-27,"ENSG00000135119.15"
268.897602603727,1.52204282882297,0.137361935723948,11.0805283923908,1.55949479845246e-28,5.98390675657291e-27,"ENSG00000106089.12"
1328.44059156206,1.03804346341089,0.0937061350633385,11.0776467592997,1.6104985809393e-28,6.1706041838788e-27,"ENSG00000162851.8"
1955.08382194879,2.15771619669931,0.194804050779043,11.0763415240615,1.63414197053631e-28,6.25207970212176e-27,"ENSG00000003249.15"
3852.37279234648,2.30256878038961,0.207921714983413,11.0742102169237,1.67349141848216e-28,6.39332099467805e-27,"ENSG00000104549.12"
250.560007038803,2.45381116376223,0.221586685373321,11.0738204311696,1.68078887805104e-28,6.41188024248092e-27,"ENSG00000144485.11"
268.114891533307,5.77079472407438,0.521147952798697,11.073236866966,1.69177325300923e-28,6.44443017131804e-27,"ENSG00000249203.2"
356.457055099413,-1.93899206651239,0.175109695089513,-11.0730137787129,1.69599121243934e-28,6.45114805032643e-27,"ENSG00000162367.11"
930.102447803906,-2.86321310859208,0.258593878983524,-11.0722385226083,1.71073036678419e-28,6.49780880932884e-27,"ENSG00000154188.10"
372.994915953215,-3.53592573580172,0.319381785812101,-11.0711565057187,1.73151431668465e-28,6.56726151511392e-27,"ENSG00000111404.7"
37.3895140590371,3.86972563317717,0.349572676551375,11.0698744288398,1.7564655822602e-28,6.65229702653126e-27,"ENSG00000237423.3"
840.869974680405,1.28343594019619,0.115964297721703,11.0675092714849,1.80343489611849e-28,6.82035723878827e-27,"ENSG00000168275.16"
755.457928430737,2.03040008792653,0.183472346896923,11.0665183187918,1.82348251862381e-28,6.88626645395233e-27,"ENSG00000131153.9"
68.3918271677134,2.7762687733341,0.25104493672271,11.0588518915265,1.98623626867159e-28,7.47940316414958e-27,"ENSG00000163888.4"
3451.8375436395,-2.01390517541736,0.182122617379842,-11.0579630602226,2.00601405631133e-28,7.54307202519127e-27,"ENSG00000170989.10"
3011.56427413243,-1.47379741208218,0.133317293132581,-11.0548105009642,2.07775142003252e-28,7.80165976059067e-27,"ENSG00000123096.12"
381.817456159433,1.72352423434424,0.155913445815743,11.0543656150162,2.08807774398659e-28,7.82924899043418e-27,"ENSG00000160298.18"
2738.09066727184,-1.72239622901562,0.155823430615426,-11.0535124416977,2.10802353891026e-28,7.89277645252384e-27,"ENSG00000067113.17"
20.9223765373375,-4.15976765763629,0.376349863543562,-11.0529272376229,2.12181381788125e-28,7.93310873245959e-27,"ENSG00000226622.6"
6496.46349114335,-1.89420691232266,0.171412855646653,-11.0505533857236,2.17867720342709e-28,8.13414085438603e-27,"ENSG00000140092.14"
3258.4019588165,-2.5870611874718,0.234151969987947,-11.0486415621657,2.22557004601969e-28,8.29743022547257e-27,"ENSG00000122877.16"
45.2723618456796,2.36817232535452,0.214357296606742,11.0477803314489,2.24701993743958e-28,8.36553428267167e-27,"ENSG00000196550.10"
271.463591191913,-2.65296465337368,0.240272504962464,-11.0414824775233,2.41023335943293e-28,8.96047717388051e-27,"ENSG00000132837.15"
4480.04739752092,-2.76214602007148,0.250271784652906,-11.0365857817421,2.5452145426902e-28,9.44892924294762e-27,"ENSG00000112964.14"
195.752381850605,1.70684295224283,0.154665497087777,11.0357059873163,2.57024942510347e-28,9.52841126790121e-27,"ENSG00000137135.18"
2827.39693702795,-1.60943936435965,0.14589946106179,-11.0311535947212,2.70374415084451e-28,1.00091846846193e-26,"ENSG00000150907.10"
1130.55096619236,1.06897199948483,0.0969331292255505,11.0279324316197,2.80233479573921e-28,1.03595735261898e-26,"ENSG00000103550.14"
3725.74777654115,1.40687132479855,0.127579299401944,11.0274263253802,2.81814613928938e-28,1.04033922928486e-26,"ENSG00000160877.6"
305.855779092289,3.02513614095368,0.274486962295479,11.0210558478081,3.02489890922712e-28,1.1150973762991e-26,"ENSG00000101463.6"
265.741719752577,1.05509402929145,0.0957367319448404,11.0207859392918,3.03398341899688e-28,1.11687983452261e-26,"ENSG00000131944.10"
167.722941807073,-1.55332052520178,0.141020202215486,-11.0148794342829,3.23970053050732e-28,1.19094110131265e-26,"ENSG00000255642.1"
3015.44717661659,1.24030158251457,0.112750310018932,11.0004272476618,3.80325641629068e-28,1.39420908850466e-26,"ENSG00000160293.17"
237.786801904667,-1.76131035165688,0.160127025787994,-10.9994571059406,3.84439386620226e-28,1.40732657909833e-26,"ENSG00000169247.14"
574.195243403063,-2.60733280709681,0.237047469132786,-10.9992012006518,3.85531852816328e-28,1.4093628956084e-26,"ENSG00000077264.15"
153306.065629389,-1.46768197281486,0.133529202393639,-10.9914681321033,4.20037342156188e-28,1.53336965294906e-26,"ENSG00000124942.14"
17.7590914789018,-5.02332737626544,0.457264659691299,-10.9856015981132,4.48242154913523e-28,1.63406335641429e-26,"ENSG00000260102.2"
206.034666269072,-2.37809426668011,0.21650691381698,-10.9839183643363,4.56676070721801e-28,1.66122068081074e-26,"ENSG00000120645.12"
96.734927035003,1.75189261510754,0.159496945994253,10.9838630714012,4.56955772419024e-28,1.66122068081074e-26,"ENSG00000197275.14"
2104.81325094386,-2.62256967085268,0.238806603604651,-10.9819813659525,4.66576424971107e-28,1.69385286656638e-26,"ENSG00000186205.13"
146.621980513309,1.35277760274723,0.123321735389649,10.9694985922229,5.35686271446059e-28,1.9420659253363e-26,"ENSG00000160401.15"
3728.37555552541,-2.68501919096486,0.244840424624188,-10.9664047311067,5.54329663569016e-28,2.00688717317466e-26,"ENSG00000108960.9"
2052.47985155096,4.79441373655565,0.437415893777428,10.9607670977663,5.89971506600109e-28,2.13298639332562e-26,"ENSG00000019505.8"
168.215115372433,-3.04991672474807,0.278369138175467,-10.9563752100479,6.19304711276069e-28,2.23596222955772e-26,"ENSG00000179921.15"
115.493829593234,2.71231348321185,0.247614310094679,10.953783253378,6.37290322252207e-28,2.29774195199959e-26,"ENSG00000117407.17"
17.9263690658961,-4.12416283047177,0.376747115196042,-10.9467668473738,6.88618472469306e-28,2.4794038260799e-26,"ENSG00000237560.7"
521.651225320075,-3.46164739418453,0.316242312643676,-10.9461866922435,6.93041707091647e-28,2.49191631042365e-26,"ENSG00000053438.11"
108.44952768856,-5.20379406443945,0.475420624987886,-10.9456632525609,6.97056706857579e-28,2.50292875451429e-26,"ENSG00000267653.1"
2894.98473153994,-3.08777756266269,0.282154909894438,-10.943554247622,7.1346872810721e-28,2.55836453609412e-26,"ENSG00000221866.9"
4944.05842962087,1.14567796452095,0.10475789852696,10.9364351579285,7.71750803353778e-28,2.76358284950282e-26,"ENSG00000116521.11"
845.73697134324,1.37665811418836,0.12592954795661,10.9319705861463,8.10685340473499e-28,2.89905489646333e-26,"ENSG00000164885.13"
6060.04385483564,1.39098976176962,0.127278967979453,10.9286693933138,8.40721329043057e-28,3.00238035496844e-26,"ENSG00000164032.12"
183.545500240659,2.4978070557585,0.228585011416881,10.9272565172838,8.53911292500605e-28,3.0453465959411e-26,"ENSG00000165891.16"
7976.08721343948,-1.5014970554693,0.137519283262637,-10.9184473613181,9.40904761967087e-28,3.3510488839489e-26,"ENSG00000150347.16"
27.7249911236075,-2.10198669622339,0.192583776529145,-10.9146613183446,9.80942353918577e-28,3.48891594457319e-26,"ENSG00000259920.1"
35.2671346557228,-1.91422382674945,0.175428604399408,-10.9116972873548,1.01346245209005e-27,3.59970906631552e-26,"ENSG00000263400.8"
232.246962375261,1.25225720444407,0.114804294652175,10.9077557441389,1.05836922182822e-27,3.75413989561847e-26,"ENSG00000167394.13"
5606.88350757583,1.52262196832767,0.139594286885755,10.9074805444853,1.06157732967593e-27,3.76044454625365e-26,"ENSG00000125505.17"
25.3291041829932,3.33803667841873,0.306136307240122,10.9037595328427,1.10591326629301e-27,3.91222399612996e-26,"ENSG00000179934.7"
4209.56090590975,1.1263331234247,0.103304734297017,10.9030155402782,1.11499581413448e-27,3.93905241649338e-26,"ENSG00000089351.14"
2486.41029198681,-2.45021363065024,0.224827636059152,-10.8981870449663,1.17576611710945e-27,4.14260544532236e-26,"ENSG00000145362.20"
796.807497949281,2.88677640764591,0.264925779027406,10.8965477736588,1.19713557997738e-27,4.212250546737e-26,"ENSG00000196684.12"
7384.61041844835,1.0704052766668,0.0982498779017991,10.8947237342795,1.22136667474942e-27,4.29176493036281e-26,"ENSG00000077235.18"
791.689508268332,-3.05242997178386,0.280213761466549,-10.8932193615632,1.24171676248183e-27,4.35744771496293e-26,"ENSG00000206384.10"
18.3911446496869,-5.24671175543958,0.481843336909655,-10.8888332649567,1.30298815359655e-27,4.56636541721755e-26,"ENSG00000286649.1"
1767.33790635707,-1.7574698496133,0.161431450197609,-10.8867872243109,1.33258675862911e-27,4.66387621355626e-26,"ENSG00000171115.4"
295.67998679433,-1.63938439458114,0.150632394041558,-10.8833455447097,1.38388665092261e-27,4.8369782889428e-26,"ENSG00000117425.14"
239.111219618719,-1.76614458877319,0.162286346562092,-10.8828908049726,1.39080963247006e-27,4.85471983796056e-26,"ENSG00000101331.17"
587.944700886333,-2.47694791510493,0.227613566404072,-10.8822508000587,1.40061132523325e-27,4.88244934647624e-26,"ENSG00000146374.14"
1620.56937596685,2.04220766232528,0.187700978384825,10.8801119733022,1.4338672115853e-27,4.99175705818648e-26,"ENSG00000145911.6"
321.689162820073,1.04407157772636,0.0959680230591936,10.8793694445739,1.44559470781649e-27,5.0259274206678e-26,"ENSG00000117262.19"
202.119370548286,1.8889276344487,0.173701378556445,10.8745690457194,1.5237414070424e-27,5.29062340062118e-26,"ENSG00000284753.2"
796.848919899287,1.04473850660035,0.0960956981471061,10.8718551063653,1.56976126161306e-27,5.44321965702345e-26,"ENSG00000174442.12"
1940.08523199158,1.32887967538733,0.122262718169531,10.8690506417884,1.61876440024767e-27,5.60574486114751e-26,"ENSG00000179958.10"
33.0759983099569,-4.21890665838322,0.388583880368751,-10.8571324533062,1.84450470622494e-27,6.37907390768635e-26,"ENSG00000224525.2"
1670.65492213412,-2.49963598090427,0.230314339390427,-10.8531496020615,1.92669506212894e-27,6.65456675597859e-26,"ENSG00000162444.12"
1478.97913290812,1.44879839372814,0.133494545067407,10.852865882996,1.93268659499574e-27,6.66650058567821e-26,"ENSG00000168496.4"
417.444334260578,1.31440940884428,0.121197278304267,10.8452056616688,2.10162661725814e-27,7.2302557602111e-26,"ENSG00000138092.11"
9882.44120378517,-2.67015841288331,0.246205532606803,-10.845241309616,2.10080747194087e-27,7.2302557602111e-26,"ENSG00000166482.12"
2864.9044256643,1.08499610937141,0.100055390439279,10.8439545796372,2.13057642515588e-27,7.32027068742445e-26,"ENSG00000175792.12"
61.0318406030344,-1.56169322086301,0.144068931953563,-10.839902813789,2.22707514524087e-27,7.64183330515811e-26,"ENSG00000171357.6"
262.131980408382,2.30759981455288,0.21294670323935,10.8365134535995,2.31111787015153e-27,7.91987250313726e-26,"ENSG00000184661.14"
13.6405969354134,-3.77723027601327,0.348617659696952,-10.8348793325523,2.3527539053586e-27,8.05205516255798e-26,"ENSG00000233766.7"
10.6258527467515,-2.2290931472411,0.205735607044379,-10.8347464946127,2.35617101621413e-27,8.05326384787676e-26,"ENSG00000253875.2"
1721.20588200851,1.31970580135251,0.121831825764936,10.8321925988269,2.42283244618699e-27,8.27035428773752e-26,"ENSG00000006625.18"
4022.86285314513,2.43397807065817,0.224858038347378,10.8245099376789,2.63484859370925e-27,8.9707720773386e-26,"ENSG00000103257.9"
247.545874506049,2.78301185747715,0.257147176710313,10.8226420880068,2.6891153627334e-27,9.14368799406013e-26,"ENSG00000109265.14"
2253.2182873148,-1.92389870248119,0.177779576292856,-10.8218207209131,2.71332807987736e-27,9.21409757771271e-26,"ENSG00000144642.22"
104.331367310027,1.81985711995871,0.168178763973758,10.8209685750972,2.73867661610317e-27,9.2881775713104e-26,"ENSG00000188368.10"
1100.19810244884,2.33581079705776,0.215963665294671,10.8157582613292,2.89885433830638e-27,9.81874837990268e-26,"ENSG00000117122.14"
2023.36734630229,1.58729312670686,0.14677312368166,10.8146034293689,2.93559555104729e-27,9.91763412130166e-26,"ENSG00000167535.8"
3174.11363466148,-1.76285262676804,0.163006191069288,-10.8146360282642,2.93455210437045e-27,9.91763412130166e-26,"ENSG00000184500.16"
167.137377802059,-6.14600855323678,0.568348734905523,-10.8137982470541,2.9614854491111e-27,9.99225719440772e-26,"ENSG00000126545.14"
1967.29698295374,1.81660817773457,0.168013325073196,10.8122863287371,3.01071306145192e-27,1.01453310393849e-25,"ENSG00000101255.11"
986.19724270249,-2.75479468328674,0.254911489084806,-10.8068674863464,3.19390851655804e-27,1.07488721445854e-25,"ENSG00000154678.18"
72.7878900139966,3.97242008382519,0.367775177281595,10.8012185955215,3.39665294622766e-27,1.14165762197759e-25,"ENSG00000287566.1"
19.8925115859503,5.58365274354317,0.517011463581529,10.7998625501708,3.44719214860785e-27,1.15716473095797e-25,"ENSG00000127588.5"
153.254014400456,-3.29945303618946,0.305629936314265,-10.795581990361,3.6116698638005e-27,1.21083074872618e-25,"ENSG00000177301.16"
183173.674785589,2.73776002519706,0.253639958508969,10.7938829563412,3.67909078234513e-27,1.23186270220585e-25,"ENSG00000115414.21"
4962.49435838802,1.49523889569662,0.138543968371374,10.7925224986234,3.7339748833247e-27,1.24864880195046e-25,"ENSG00000104738.18"
2129.58444120282,-1.08700129529094,0.100747743894578,-10.7893363490936,3.86570947335395e-27,1.28942014971618e-25,"ENSG00000088854.12"
196.89622480617,2.01101619533488,0.186430574812403,10.7869441338068,3.96763766593878e-27,1.32174129799157e-25,"ENSG00000175305.17"
1378.31220097894,1.12111921354869,0.103958517611406,10.7842939598216,4.08367083488637e-27,1.35867347119182e-25,"ENSG00000156873.16"
19.1067744541124,-1.57562627879476,0.146124157357651,-10.7827912050044,4.15095478065952e-27,1.37757191230877e-25,"ENSG00000275120.3"
30.7882785636658,1.83662051486686,0.170370576449047,10.7801508520231,4.27184628397903e-27,1.4141210041323e-25,"ENSG00000163467.12"
1095.15692314824,1.03764150042953,0.0962730205183507,10.778113066804,4.36752986634339e-27,1.4439767925405e-25,"ENSG00000033011.13"
5.9054982995557,-4.52709208696264,0.420129159956686,-10.7754769686288,4.49446598137772e-27,1.48407718410216e-25,"ENSG00000284646.1"
1478.47007277003,2.98869324081123,0.277441941565805,10.7723195128461,4.65132993318309e-27,1.53394674985928e-25,"ENSG00000089685.15"
15.5432998416781,-3.88329270485162,0.360754651860068,-10.7643593362668,5.07130437158366e-27,1.67035293361786e-25,"ENSG00000213791.4"
1250.19616981007,-1.8017241492406,0.167432360527355,-10.7609075304546,5.26490965702004e-27,1.73195100657215e-25,"ENSG00000129467.14"
3104.34257190058,1.0570897892069,0.0982659412756164,10.7574381874791,5.46688156904978e-27,1.7961439395113e-25,"ENSG00000143373.18"
446.779490096522,2.21453243248749,0.205966257485817,10.7519185886066,5.80415814144406e-27,1.90457543807385e-25,"ENSG00000139734.19"
23.8438718668439,-2.85552027966433,0.265588391976972,-10.7516757732089,5.81946010757488e-27,1.90721557939524e-25,"ENSG00000250971.3"
86.3512305277494,-1.65065546392583,0.153579268810446,-10.7479054739031,6.06225795034662e-27,1.98431367331147e-25,"ENSG00000237248.5"
263.83244691442,-2.90221651036643,0.270176811979745,-10.7419155963096,6.46880392686528e-27,2.11212475048108e-25,"ENSG00000255471.1"
552.655587987944,1.30638902053645,0.121615979068198,10.7419191996463,6.46855141159204e-27,2.11212475048108e-25,"ENSG00000280789.2"
1049.16104080656,-1.05916442936708,0.0986395700053741,-10.7377235049724,6.76929787913228e-27,2.20476115805592e-25,"ENSG00000158301.18"
10160.9655454725,-2.38757383858219,0.222461077582526,-10.7325464055459,7.15955953507909e-27,2.32898345074281e-25,"ENSG00000162733.19"
9430.123585255,-2.5199857836975,0.234813946205932,-10.7318403545225,7.2144836983196e-27,2.34394919068767e-25,"ENSG00000069702.11"
1771.32744511575,-2.23659502478342,0.208556007906081,-10.7241936937661,7.83675645752746e-27,2.5429790954278e-25,"ENSG00000177098.9"
286.70343509407,-1.96278763332348,0.183063847916584,-10.7218746664708,8.03578505371334e-27,2.60434740261161e-25,"ENSG00000182916.8"
172.656968080056,2.31641661933519,0.216116694327116,10.7183604049997,8.34698455346555e-27,2.70187366999124e-25,"ENSG00000180044.5"
343.894591875701,5.68959132295891,0.530840544107544,10.7180798190996,8.37234041645768e-27,2.70674779220386e-25,"ENSG00000141668.10"
247.753618706177,-1.45390665561092,0.135711518796313,-10.7132148288242,8.82431879230713e-27,2.84936603362409e-25,"ENSG00000175984.15"
5548.24239846492,-2.6343748860362,0.245912981739813,-10.7126304085218,8.88021616624907e-27,2.86389695354221e-25,"ENSG00000010319.7"
4270.87934367056,3.38360976091158,0.31585874275144,10.7124144528564,8.90096014077223e-27,2.86706907279482e-25,"ENSG00000187608.10"
18.5636245794268,-5.35316367029846,0.499814131374222,-10.7103087613392,9.10576084995457e-27,2.92944697894989e-25,"ENSG00000226482.1"
426.111829847976,-2.3404574557468,0.218565863166266,-10.7082479479716,9.31071895258011e-27,2.99172294559432e-25,"ENSG00000197245.6"
2633.82209978854,-1.72615874998628,0.161341899882594,-10.6987630072683,1.03145935766591e-26,3.31024148435784e-25,"ENSG00000166265.13"
29.2907969115158,3.69166514192771,0.345113005681286,10.6969748492672,1.05155338084267e-26,3.37061330025229e-25,"ENSG00000147434.9"
3425.33992002199,1.53049847164844,0.143134923128528,10.6926977581434,1.10120439606489e-26,3.52117473797684e-25,"ENSG00000065911.13"
1735.51286032626,-1.89666351794119,0.177399573709303,-10.6914773146477,1.11579349306446e-26,3.56348920676869e-25,"ENSG00000198844.12"
6.1258376067465,5.22069565827465,0.488416709691442,10.6890193449213,1.14576000832397e-26,3.65475194888194e-25,"ENSG00000287747.1"
2305.53994494608,1.13349230909378,0.106131010890965,10.6801235527502,1.26103713316507e-26,4.01758787977099e-25,"ENSG00000141858.12"
606.841950313663,2.20961784038548,0.206895767012277,10.6798600681587,1.26462138037079e-26,4.02412934160605e-25,"ENSG00000128165.9"
362.697524182977,2.14465054199178,0.200825014035621,10.6792002594427,1.27364130110205e-26,4.04793082928249e-25,"ENSG00000160345.13"
7001.78818434247,-2.46956824217832,0.231299534091196,-10.6769270067125,1.30520903915382e-26,4.14325052960374e-25,"ENSG00000105971.15"
5444.48629296249,-1.93456441080174,0.181195121650675,-10.6766914758962,1.3085237819061e-26,4.14876225375391e-25,"ENSG00000164741.15"
122.596719825018,-3.40161988616417,0.318640156287222,-10.6754274972736,1.32645547818039e-26,4.20054889017991e-25,"ENSG00000262179.3"
16.7008725373786,-2.67492318569423,0.250666270601297,-10.671252974234,1.38742702269495e-26,4.38834318465872e-25,"ENSG00000188626.6"
37.5432930337545,2.14147662257095,0.200691601775126,10.670484482806,1.39895040553754e-26,4.41947265134e-25,"ENSG00000156509.14"
7.02384902864006,-3.20046503222627,0.300012827016424,-10.6677606556171,1.44056311732132e-26,4.54546950488278e-25,"ENSG00000227260.2"
3642.12181422536,-1.02259726743455,0.0958690251066586,-10.6666075543885,1.45854696460924e-26,4.59669645297235e-25,"ENSG00000076067.13"
9.68209814562301,2.74487339503549,0.257366711094195,10.6652231105012,1.4804331069067e-26,4.65451002176266e-25,"ENSG00000233542.2"
1569.5294269591,1.19428375559565,0.112020634093034,10.6612836578285,1.54450779304727e-26,4.850160433985e-25,"ENSG00000137288.10"
1190.82876051723,1.213244923744,0.113833945616712,10.6580239942582,1.59959872197071e-26,5.01716620623844e-25,"ENSG00000182134.16"
673.255041410526,1.54608454228788,0.145128328478545,10.6532236572713,1.68429364688386e-26,5.27651659293152e-25,"ENSG00000182325.11"
889.762175062306,-1.85388263710586,0.174089369825656,-10.6490283637792,1.76194462768662e-26,5.51320864215655e-25,"ENSG00000204161.14"
900.459789916778,4.57711404853993,0.429833877933285,10.6485651399733,1.77073310071002e-26,5.53411995470417e-25,"ENSG00000105048.17"
5200.69967116393,1.90353322256159,0.178778196851128,10.6474573303069,1.7919275637947e-26,5.59370832384558e-25,"ENSG00000132182.12"
806.924802136216,1.27780161033013,0.12001737545903,10.6468051433629,1.804522530106e-26,5.62634284475754e-25,"ENSG00000149679.11"
1382.02069753724,2.40871119447891,0.226289480040064,10.6443799068894,1.85213322996094e-26,5.76794666069825e-25,"ENSG00000141526.17"
48947.2444582282,-2.69576485887055,0.253351588885521,-10.6404103117295,1.93276333201023e-26,6.01192324479964e-25,"ENSG00000120738.8"
193.055244009527,3.20808026458411,0.301551592387199,10.6385784243012,1.97113668809601e-26,6.12403743616021e-25,"ENSG00000275713.2"
1955.69842799308,-2.0648269782412,0.194196645607202,-10.6326603726085,2.10034061256235e-26,6.51775119959726e-25,"ENSG00000129757.14"
3256.59409749033,1.07333336871923,0.100963283330404,10.6309277324781,2.13973246576436e-26,6.63216133610263e-25,"ENSG00000149657.20"
2401.95383335398,-1.47517477891613,0.13880798475248,-10.6274490011985,2.2210468161004e-26,6.87608887095206e-25,"ENSG00000204301.6"
5.53243660307154,-4.46502123632672,0.420308211242587,-10.6232072486199,2.3243514876923e-26,7.187441706177e-25,"ENSG00000286625.1"
27.51612569386,2.8618783417542,0.269648653606924,10.6133603986989,2.58289096657851e-26,7.97752128854871e-25,"ENSG00000256663.1"
2316.53207128425,1.57282998592908,0.148410906042562,10.5978059690439,3.05052813955716e-26,9.41080770189206e-25,"ENSG00000185803.12"
3791.99791766026,1.51928242847795,0.143369987508997,10.5969349295131,3.07906585172681e-26,9.4877100641017e-25,"ENSG00000119333.11"
104.948780163308,-3.3502918835579,0.31622252296375,-10.5947288389131,3.15253304524265e-26,9.70271411723159e-25,"ENSG00000108602.18"
233.01918930288,-4.03682096427583,0.381245085801555,-10.5885193399635,3.36878181657824e-26,1.03561475166015e-24,"ENSG00000181195.11"
29.8376213528539,-4.18694910334163,0.395519511144752,-10.5859483169954,3.4625659280134e-26,1.06320190247552e-24,"ENSG00000180440.4"
1082.19022430762,-1.81470518569992,0.171440396242449,-10.5850501134726,3.49593633150732e-26,1.07219592225599e-24,"ENSG00000204136.11"
105.096329335498,3.28117123520398,0.310084681422623,10.5815328256477,3.62970865927846e-26,1.11192613520367e-24,"ENSG00000196890.4"
737.44668568632,2.24634084168293,0.212328903697328,10.5795339332843,3.70798062074747e-26,1.13458163720287e-24,"ENSG00000068489.13"
17.9258576227217,-2.95460674053337,0.279328235044163,-10.5775441572036,3.78755699995163e-26,1.15758311845033e-24,"ENSG00000223656.1"
122.566367258813,-4.01509757342361,0.37960977702887,-10.5769076993985,3.81336621529755e-26,1.16374598168223e-24,"ENSG00000196666.6"
14.491137260576,-2.25575913576645,0.213273673321206,-10.5768288257928,3.81657676232722e-26,1.16374598168223e-24,"ENSG00000254847.1"
66.7636051140689,3.46456989655549,0.327597755247805,10.5756826506176,3.86353529261347e-26,1.17669943952552e-24,"ENSG00000267013.6"
4107.44451159908,-3.94651622258128,0.373255403338816,-10.5732326639593,3.96583982605258e-26,1.20645988411998e-24,"ENSG00000151632.17"
20550.3951556914,-1.85872518422665,0.175899966716394,-10.5669444908054,4.24087192404177e-26,1.28863673585565e-24,"ENSG00000116016.14"
1226.04631111152,1.05890934344705,0.100222734411363,10.5655602959382,4.30390778118096e-26,1.30628074042218e-24,"ENSG00000149636.16"
198.049195022993,-2.86707625929187,0.271470122840716,-10.5612957672477,4.50401046230118e-26,1.36543726633361e-24,"ENSG00000114200.10"
26051.6301685288,-2.10363289059307,0.199189734742294,-10.5609503085824,4.52061837787739e-26,1.36889324244389e-24,"ENSG00000110799.14"
3009.00232042778,-2.53905098120455,0.24045462657639,-10.5593766996948,4.59704090320963e-26,1.39043294706515e-24,"ENSG00000196139.14"
318.737538145461,1.79991932085203,0.170528059082678,10.5549745334248,4.81770210578499e-26,1.4554997948098e-24,"ENSG00000197299.12"
969.888180712264,2.33025533645619,0.220904926259838,10.5486798140266,5.15158354849449e-26,1.55458349011055e-24,"ENSG00000151651.16"
2450.66933538962,1.4884082065523,0.141128444544225,10.5464792116084,5.27363682853571e-26,1.58959025689487e-24,"ENSG00000254986.7"
1222.44959658291,1.68165402781721,0.159454141231339,10.5463176737281,5.2827084000872e-26,1.59050065965512e-24,"ENSG00000104524.14"
10.5949113816936,4.94246449877881,0.468792329879119,10.5429721942193,5.47409856509817e-26,1.6462380627579e-24,"ENSG00000197153.5"
22.1648032272964,1.81309254579162,0.172046643884319,10.5383778774012,5.74817933954585e-26,1.7247162758062e-24,"ENSG00000273162.1"
1650.62629837975,1.38033791151277,0.130986390156293,10.5380254381066,5.76975784409754e-26,1.72921682068711e-24,"ENSG00000136108.15"
5.4244368836608,4.97389864660558,0.472068845840519,10.5363840262527,5.8713177054337e-26,1.75765050762664e-24,"ENSG00000168505.7"
3.60165470363975,-4.01980549679039,0.381561651813967,-10.5351401999651,5.94945588940168e-26,1.77901591122905e-24,"ENSG00000267014.6"
564.688023661433,-4.75090521474464,0.451007742386532,-10.5339770656818,6.02345719972447e-26,1.79909714815407e-24,"ENSG00000115593.15"
256.395463337669,-3.94793804690187,0.374826082693072,-10.5327196510352,6.10448337342462e-26,1.82122861506348e-24,"ENSG00000137441.8"
416.125134709671,-1.33563936211639,0.126817385390201,-10.5319894272129,6.15203296752656e-26,1.83333372469918e-24,"ENSG00000124224.17"
25.2648438908702,-2.93346642246556,0.278567450020824,-10.5305426827372,6.24732670865788e-26,1.85962327531556e-24,"ENSG00000188828.12"
6.14154472587531,-2.35495457120445,0.223741225184376,-10.5253494042675,6.60160606096005e-26,1.9584267912672e-24,"ENSG00000285955.1"
454.023148528602,2.25198367605257,0.214120633787869,10.5173594726215,7.18592410869833e-26,2.12936673363052e-24,"ENSG00000261716.2"
5.15671429018411,-2.82191682851296,0.268629194124036,-10.50487769103,8.20290626885748e-26,2.42525521226828e-24,"ENSG00000287092.1"
141.024122744601,-2.69408889230077,0.256502484502605,-10.5031687998071,8.3528150451918e-26,2.46680214211035e-24,"ENSG00000154529.15"
71.9242125977494,4.68332433269302,0.44595938620274,10.5016835110718,8.4853124057369e-26,2.50311954289999e-24,"ENSG00000285094.1"
106.802071491347,-2.07048352028951,0.197225575134869,-10.4980478260674,8.81849452472779e-26,2.59558018015616e-24,"ENSG00000167992.13"
26.5009512909391,-4.55679591345938,0.434057978305403,-10.4981273037521,8.81107421468528e-26,2.59558018015616e-24,"ENSG00000267603.1"
8680.9789055383,-1.48340802154943,0.141317527851175,-10.4969853641343,8.91828648907655e-26,2.62201613063633e-24,"ENSG00000111077.18"
19218.1857301905,-3.68724085909469,0.351334273692402,-10.4949648673415,9.1111603176872e-26,2.67572891385576e-24,"ENSG00000125740.14"
408.79041985336,-2.16284091937961,0.20610103755176,-10.4940806949428,9.19685726495904e-26,2.69788165571633e-24,"ENSG00000187260.16"
232.103327153863,2.14205326193796,0.20416287760722,10.4918841615221,9.41322583111684e-26,2.75827455680128e-24,"ENSG00000171320.15"
25.3446679202473,2.89856169703864,0.276356074299519,10.488503661031,9.75611683083341e-26,2.85556542073079e-24,"ENSG00000270882.2"
36.6422916932101,-1.69152920309477,0.161327259957768,-10.4850798528257,1.01160171335272e-25,2.95432660375142e-24,"ENSG00000272320.1"
748.146734460084,2.11857110276572,0.202241051629286,10.4754751110033,1.11973916806447e-25,3.26650658084422e-24,"ENSG00000094804.12"
4649.01390241402,-1.375500372479,0.131328116216485,-10.4737691524607,1.14011036324462e-25,3.32224620704229e-24,"ENSG00000139112.11"
36.7762240675816,-1.71125959405858,0.163431420938228,-10.4708114525014,1.17630299000436e-25,3.42391448386209e-24,"ENSG00000279805.1"
19.5730867009576,3.05082490240923,0.291532646549103,10.4647796345353,1.25367903544549e-25,3.6410717975303e-24,"ENSG00000273542.2"
340.169919930855,2.17694781645119,0.208086820379621,10.4617284865985,1.29471928063373e-25,3.75611496381643e-24,"ENSG00000007968.7"
83.8455384993215,3.72019613824509,0.355650623733311,10.4602547837361,1.31501583176178e-25,3.81079119316721e-24,"ENSG00000276966.2"
2153.9702953563,1.18776494328283,0.113558447999481,10.459503138756,1.32548896684382e-25,3.83691101371399e-24,"ENSG00000164466.13"
8.97273916316036,-2.94778041744585,0.281836627523873,-10.4591814177742,1.32999692974855e-25,3.84572489565576e-24,"ENSG00000214942.6"
109.044599611309,-2.08129069171724,0.199012152390267,-10.4581085462349,1.34514014322113e-25,3.88523774993671e-24,"ENSG00000225889.9"
3251.96991568438,1.08482217024679,0.103756455714738,10.4554667251678,1.3831608956436e-25,3.99066970154735e-24,"ENSG00000182004.13"
78.9921139858721,2.16451384548143,0.207101194374876,10.4514792974271,1.44257341982873e-25,4.15296821103815e-24,"ENSG00000197191.6"
1616.44471906319,1.42940396902554,0.136793084617761,10.4493876501119,1.47474320772211e-25,4.24093550019343e-24,"ENSG00000161981.11"
1172.75575040411,-2.90075549664092,0.277802183198342,-10.4418023762249,1.59748418610857e-25,4.58387274537966e-24,"ENSG00000005102.14"
207.88198633709,-2.5843901264081,0.247502466596988,-10.4418762444752,1.59624139501651e-25,4.58387274537966e-24,"ENSG00000106714.17"
60.5897078648084,-2.29637362768338,0.22007023495989,-10.4347306581552,1.7210112695368e-25,4.93294004454802e-24,"ENSG00000258819.2"
875.855968061826,1.64920041196928,0.158071967962841,10.4332250254325,1.74850925051426e-25,5.00629816345499e-24,"ENSG00000239672.8"
1653.9385373273,5.29224498411144,0.507348017747648,10.4311927887413,1.78631647439375e-25,5.10898174243366e-24,"ENSG00000162989.5"
340.680015078287,4.19059196016226,0.401741334609674,10.431069942638,1.78862766395973e-25,5.11003146951276e-24,"ENSG00000253125.1"
150.345107981606,-2.82385905448717,0.270806719037846,-10.4275812081772,1.85551527066361e-25,5.29537061608278e-24,"ENSG00000136011.15"
118.250720327892,6.22346055433598,0.596867221155846,10.4268760852441,1.86933236382314e-25,5.32901646971013e-24,"ENSG00000164287.13"
312.083682422961,-3.3559237038908,0.321977396546235,-10.4228549577979,1.95009870169936e-25,5.55323881641019e-24,"ENSG00000130595.19"
4342.35419865637,-2.37442242285676,0.227853347511225,-10.4208362474893,1.99193984767485e-25,5.66624967059369e-24,"ENSG00000133401.16"
3121.62354379465,-2.81935572560132,0.270559125634573,-10.4204791429185,1.99943350160041e-25,5.68141731416922e-24,"ENSG00000131386.19"
14.7003756610362,3.80702201418116,0.36555329160742,10.4144104336766,2.13113907735039e-25,6.04912089730859e-24,"ENSG00000274641.2"
75.9148790161475,2.22092064784222,0.213261868783266,10.4140541415741,2.13913326791399e-25,6.0652620079667e-24,"ENSG00000196421.8"
462.979889356891,1.7095634582941,0.164176925774661,10.4129337921733,2.16446489997571e-25,6.13047364557775e-24,"ENSG00000142731.11"
3118.13882020379,-1.71835496350274,0.165054506935494,-10.4108333386758,2.21276092691858e-25,6.26051756761333e-24,"ENSG00000170962.13"
622.625811810513,-2.23825208550966,0.215027344443126,-10.4091509445287,2.2522134620481e-25,6.35845098136115e-24,"ENSG00000221818.9"
26.7707214890045,-1.54032933047062,0.147977350721823,-10.4092235937257,2.25049550941551e-25,6.35845098136115e-24,"ENSG00000268798.1"
16353.504365681,-1.84744540481148,0.177501437911445,-10.4080588109555,2.27819657294141e-25,6.42034150246675e-24,"ENSG00000107562.16"
3696.28369517147,3.77777000699509,0.362967060325702,10.4080243634372,2.27902093357232e-25,6.42034150246675e-24,"ENSG00000165731.20"
1747.80111537318,-1.87141990062532,0.179889445255193,-10.403166778187,2.39827703598535e-25,6.7490699800684e-24,"ENSG00000234456.8"
40.4636951814491,-2.41615571205587,0.232365861980314,-10.3980666155709,2.53014626105738e-25,7.11255233429221e-24,"ENSG00000272482.1"
33.1455704853978,-2.66522819459503,0.256624431088649,-10.385714965986,2.88003265661074e-25,8.07884507431769e-24,"ENSG00000258479.6"
1951.95605013917,-1.77663364414612,0.171067260862476,-10.3855853843032,2.8839465296285e-25,8.08018769871114e-24,"ENSG00000115295.20"
161.762403534165,3.73669113375297,0.359799017427161,10.3854956594189,2.88665965952281e-25,8.08018769871114e-24,"ENSG00000143512.13"
5.55738683230435,-2.92605614842418,0.281844675452318,-10.3818038915523,3.00051295553754e-25,8.38994494929242e-24,"ENSG00000285719.2"
593.042044494721,2.31101852301572,0.222639857759006,10.3800754558389,3.05533606415275e-25,8.53416079810743e-24,"ENSG00000167513.9"
125.524839845738,-3.38015097354281,0.325776840161946,-10.3756638190195,3.19980711880989e-25,8.92820916250522e-24,"ENSG00000154493.19"
3082.68281597588,2.53862721159712,0.244779060864028,10.3710962965386,3.35651644429718e-25,9.34562269299862e-24,"ENSG00000148773.14"
27.1709936017673,-3.08999643798703,0.298097297999153,-10.3657311177501,3.55032910129328e-25,9.87479895221086e-24,"ENSG00000285051.2"
6334.96687255065,-1.47124644112052,0.141940406756724,-10.3652404184112,3.56859919963062e-25,9.91512276565446e-24,"ENSG00000114019.15"
712.574078062146,-1.90896554780752,0.184283100838239,-10.3588746831604,3.81422935366277e-25,1.0575232524438e-23,"ENSG00000132970.14"
420.09406378067,2.04342197140619,0.197478768693425,10.3475527264325,4.29319552762708e-25,1.18781422366474e-23,"ENSG00000136492.9"
3879.6902870342,1.25449862603068,0.121264509074966,10.3451424955272,4.40260853183894e-25,1.21552691860141e-23,"ENSG00000130520.11"
8.55650872641081,-3.83118947035552,0.370448092543888,-10.3420412939544,4.54746182268005e-25,1.25289703927997e-23,"ENSG00000228522.2"
14.2908426205221,-3.08863949775597,0.298735472214013,-10.3390450249018,4.69189645666858e-25,1.29132781640918e-23,"ENSG00000013293.6"
306.752675327483,-2.95887347497764,0.286203649974091,-10.3383498961159,4.72604935205979e-25,1.29936695784037e-23,"ENSG00000036448.10"
470.307397678079,3.61203978769612,0.349425072909407,10.3370938943256,4.78838474895961e-25,1.31512962112492e-23,"ENSG00000107954.10"
1818.75594749226,-1.54430197482659,0.149428599613056,-10.3347148994606,4.90869563995498e-25,1.34623692209006e-23,"ENSG00000157554.19"
755.099690155281,-2.58337239712333,0.24997186809462,-10.3346525223609,4.91189015478759e-25,1.34623692209006e-23,"ENSG00000241644.2"
23.3172886118093,-1.91366598478629,0.185315929754728,-10.3265055913925,5.34732178399017e-25,1.46405214344164e-23,"ENSG00000226239.2"
1798.26830506458,-2.59317895322925,0.251123080275242,-10.3263266378663,5.35730367038444e-25,1.46525878951493e-23,"ENSG00000108924.14"
279.359590037656,3.32535865930807,0.322250440055261,10.3191749210267,5.77169946367994e-25,1.57695788672935e-23,"ENSG00000184343.11"
993.537888015725,1.57325600336079,0.152529146576192,10.3144614565513,6.06202069308325e-25,1.65456024815161e-23,"ENSG00000221955.11"
12.0585927631236,-1.81443781696967,0.175927990643453,-10.3135254960475,6.12136920832538e-25,1.66902560447743e-23,"ENSG00000259883.2"
7140.92111805685,1.14674198620973,0.111202436180379,10.3122020128194,6.20627406725393e-25,1.69042184024562e-23,"ENSG00000197451.12"
418.385976336002,1.69337927498508,0.164232873329319,10.3108424072294,6.29471134645669e-25,1.71273491749759e-23,"ENSG00000134222.16"
5046.99284792798,-1.75950509144865,0.170654698873035,-10.3103231441503,6.32881600332435e-25,1.72023371076915e-23,"ENSG00000164056.11"
79.3878078473432,-1.57036429263395,0.152336971640324,-10.3084909442842,6.45062220299528e-25,1.75027720559441e-23,"ENSG00000232284.7"
1609.46714729993,-2.84585846882689,0.276212680025634,-10.3031420156482,6.81967179064012e-25,1.84601702724186e-23,"ENSG00000103044.11"
1145.33869162697,1.10092867139985,0.106858568658311,10.3026709530441,6.85315793175823e-25,1.85126827418637e-23,"ENSG00000174943.11"
14.7848915917159,-3.91661671152022,0.380154844571709,-10.3026878848086,6.85195149583036e-25,1.85126827418637e-23,"ENSG00000250266.2"
869.760563840241,1.03282653132733,0.100259930440152,10.3014886085908,6.93792587834447e-25,1.87224274934708e-23,"ENSG00000037241.7"
161.416243537826,1.62961384563973,0.158221231981545,10.2995901702359,7.07621236568022e-25,1.90760170071322e-23,"ENSG00000278709.2"
23.3201897894226,-2.84122779877477,0.276096044786048,-10.2907225671288,7.75919002402674e-25,2.08957531343769e-23,"ENSG00000101883.5"
7040.12303475952,-1.97408198258762,0.191848601561058,-10.2897908377995,7.83463739494293e-25,2.1077339742956e-23,"ENSG00000090006.18"
74.3689868510089,-2.58940558788366,0.251833587185611,-10.2822090445591,8.47622088694281e-25,2.27335703869801e-23,"ENSG00000187546.14"
23.1659716145579,2.72261826966318,0.264835115168097,10.2804277594951,8.63435299696057e-25,2.31340809553631e-23,"ENSG00000235529.1"
33.4667907132936,3.7362729457803,0.363442262488324,10.2802379673727,8.65137298361884e-25,2.31560781569692e-23,"ENSG00000188263.10"
50.3482364271411,-2.56529827833582,0.249626760372208,-10.2765355545648,8.9901232823475e-25,2.40382909820165e-23,"ENSG00000259683.1"
9301.77367344199,-1.49112768810118,0.145133354314475,-10.2741902104061,9.21147455581066e-25,2.45801418502464e-23,"ENSG00000113369.9"
661.45434291327,1.75533769784743,0.170856404472119,10.273760022463,9.25265738256267e-25,2.46649945885677e-23,"ENSG00000067836.13"
882.803250380183,-1.03563137784183,0.100831904332089,-10.270869966226,9.53409776405567e-25,2.53894858794771e-23,"ENSG00000019485.13"
5338.67892326321,-1.65046451603495,0.16075959918373,-10.2666622983344,9.9590779854634e-25,2.64943730536356e-23,"ENSG00000107104.20"
2101.4176275591,-2.9498457966206,0.287475071771335,-10.2612229242853,1.05363823563956e-24,2.80018477103641e-23,"ENSG00000168309.18"
29840.4817248994,2.16118186732939,0.210678381825021,10.2582042286824,1.08709499864406e-24,2.88618231761216e-23,"ENSG00000182492.16"
10.4597816326939,3.24910135499885,0.316753735299704,10.2574997321646,1.09505331542602e-24,2.90437753205423e-23,"ENSG00000266995.1"
116.170755958227,5.21066047132976,0.508114829211504,10.2548876194298,1.12506796293747e-24,2.98097644534762e-23,"ENSG00000243064.8"
237.570298699457,2.43673631554799,0.237639696938218,10.2539110550267,1.13649734663194e-24,3.0082272164022e-23,"ENSG00000186891.14"
6743.76766620326,-1.58642297140888,0.154720695316507,-10.2534633014904,1.14177609508541e-24,3.01915924378521e-23,"ENSG00000148700.15"
975.966407769449,-1.11881398153224,0.109118896843807,-10.2531643362717,1.14531423483594e-24,3.02547129129929e-23,"ENSG00000151689.13"
640.948980327663,1.73161105436007,0.168893866611565,10.2526580100304,1.15133120692461e-24,3.03831219305287e-23,"ENSG00000149554.13"
235.506159342284,-2.2252710804523,0.217059876463873,-10.251876655899,1.16067800652172e-24,3.05990578971081e-23,"ENSG00000144229.12"
129.278899595536,-2.03164063845653,0.198204947779395,-10.2502014264436,1.1809717468933e-24,3.10717331284719e-23,"ENSG00000248441.7"
445.982745077813,1.60661639769508,0.156757001422503,10.2490886092214,1.19464633996099e-24,3.14000843995347e-23,"ENSG00000165244.7"
140.92375852383,2.07351526299775,0.20235603484647,10.2468664429552,1.22242402799197e-24,3.20980950566842e-23,"ENSG00000213085.10"
4188.33911971003,1.78723793205843,0.174440349214317,10.2455535093125,1.23913579304759e-24,3.25044363118391e-23,"ENSG00000181788.4"
115.113767880296,-3.17824861879355,0.310259110683933,-10.2438526681374,1.26112200788858e-24,3.30152697762385e-23,"ENSG00000043591.6"
26.5660534414373,3.77156070277338,0.368211972297897,10.2429062239238,1.27352329505163e-24,3.33067525245143e-23,"ENSG00000228918.4"
1668.99843720197,1.41303529865766,0.138072127685298,10.2340372553564,1.39576470553187e-24,3.64674746721666e-23,"ENSG00000141696.13"
2053.41943926185,2.40985294263429,0.235507870251338,10.2325792342415,1.41694436718834e-24,3.69840772067313e-23,"ENSG00000103260.9"
62.3025452295559,5.23674659023814,0.511787041083962,10.2322766499651,1.42137953316445e-24,3.70630353667603e-23,"ENSG00000287952.1"
47.1301010723817,1.72396077811575,0.168509707841911,10.2306318145961,1.44573058421962e-24,3.76606369431403e-23,"ENSG00000179528.16"
17.8528407058113,3.53611845638459,0.345744278370396,10.2275545181874,1.49240376390731e-24,3.88379609213266e-23,"ENSG00000128564.7"
5030.35923314953,-1.35095403488382,0.132146130471564,-10.2231826998107,1.56128823574398e-24,4.05502964311212e-23,"ENSG00000157557.13"
55.5673590858053,2.06138523616968,0.20168907839202,10.2206091306689,1.60330190794337e-24,4.16003823774763e-23,"ENSG00000183150.8"
2706.20924670604,-3.27193294905546,0.320194731795983,-10.2185720880012,1.63734924204397e-24,4.24419008657631e-23,"ENSG00000185818.8"
529.770008698015,-1.66501388591395,0.162951700182483,-10.2178368439812,1.64981329975364e-24,4.27228500204185e-23,"ENSG00000112320.12"
118.188618656751,-1.41295674274534,0.138295023276871,-10.2169746189388,1.66454976673789e-24,4.30620335324199e-23,"ENSG00000245105.4"
721.26334578643,-1.97821824405422,0.193622802122845,-10.216866104433,1.66641362499492e-24,4.30678620642738e-23,"ENSG00000085563.15"
10544.3943021037,-1.77874589625573,0.174198369640608,-10.2110364174217,1.76964370884248e-24,4.56460404742058e-23,"ENSG00000157654.19"
15.3047988722042,-2.52578598621719,0.247363462101774,-10.210828894277,1.77343295011988e-24,4.56989330009324e-23,"ENSG00000275152.5"
19.1619700516544,-3.89034332698375,0.381518874042019,-10.196987860043,2.04517097407655e-24,5.26496316186367e-23,"ENSG00000286892.1"
325.271988373262,-1.85674918835343,0.182110722315762,-10.1957159070184,2.0721218416208e-24,5.32912431361656e-23,"ENSG00000184005.11"
134.079740357136,-2.42777381458948,0.238229997595752,-10.1908820849216,2.17779134491034e-24,5.59541228833072e-23,"ENSG00000009694.13"
144.213670725516,1.31597879338837,0.129183445144607,10.1868996597457,2.26884611456811e-24,5.82366711672933e-23,"ENSG00000236675.1"
12840.028149212,2.01840108287764,0.198415024068355,10.1726222213006,2.62738479441369e-24,6.73738360354824e-23,"ENSG00000137573.14"
4594.21258915397,-1.78200727464841,0.175200326389175,-10.1712554501183,2.66451906107906e-24,6.82594727109181e-23,"ENSG00000069122.19"
4573.22417975919,-1.84026509602671,0.181021882346674,-10.1659814392076,2.81274832792272e-24,7.19579076755695e-23,"ENSG00000106484.16"
13759.936842655,-1.59332774599457,0.156732187898678,-10.1659255023263,2.81436345649389e-24,7.19579076755695e-23,"ENSG00000150938.10"
606.502013791804,1.19690955688285,0.117847304103404,10.1564441035718,3.10183601263278e-24,7.92309599184061e-23,"ENSG00000092470.12"
323.584217273027,-4.01729896218744,0.395611819087588,-10.1546484921827,3.15946639306809e-24,8.06246744421375e-23,"ENSG00000171819.5"
316.067561171863,-3.19333054552052,0.314542289358291,-10.1523090966094,3.23614332756492e-24,8.24213093233685e-23,"ENSG00000122121.11"
128.810122142825,-3.71775389349212,0.366232231591696,-10.1513563602369,3.26789622006581e-24,8.3149452321597e-23,"ENSG00000016602.9"
44.8361062927877,2.23748804759002,0.220448181035244,10.149723336716,3.32304120608632e-24,8.44708076022949e-23,"ENSG00000188610.12"
10.6781144883441,-2.95881010401702,0.291673919343358,-10.1442395352939,3.51505381721471e-24,8.92653860209387e-23,"ENSG00000240661.3"
345.451820366299,1.87101059795888,0.184556856921447,10.1378546924173,3.75249797179343e-24,9.5111530077742e-23,"ENSG00000182010.11"
3099.39631220164,2.20890434908727,0.217909446861823,10.1367993948787,3.79324482279628e-24,9.60516829695351e-23,"ENSG00000157613.11"
3538.11844030913,-1.65676272821648,0.163580595478812,-10.1281128324971,4.14573202964834e-24,1.04775404487766e-22,"ENSG00000107738.20"
1959.4068856027,1.29619567027186,0.128012720316097,10.1255224252029,4.25699280218323e-24,1.074839565923e-22,"ENSG00000180992.7"
1389.89796262433,2.07820483409441,0.205297213631914,10.122908135619,4.37227749422686e-24,1.10288811572225e-22,"ENSG00000132749.11"
37.3259995586445,-2.51698667547936,0.248744425188365,-10.1187661736473,4.56129140426832e-24,1.14836190871445e-22,"ENSG00000288079.1"
1617.20852029944,1.38935245255829,0.137308094093332,10.1185036594704,4.57354004158977e-24,1.15034379381001e-22,"ENSG00000168101.14"
1326.82423642466,-1.29708930604511,0.128200156938718,-10.1176889094226,4.61176327632651e-24,1.15884881410101e-22,"ENSG00000139597.18"
3017.47791350656,1.72200258929238,0.170213462737002,10.1167237984757,4.65745012107631e-24,1.1692112605766e-22,"ENSG00000156802.13"
2994.17936468437,3.12412043047383,0.308831914583156,10.115924821729,4.69561140014137e-24,1.1765438516808e-22,"ENSG00000138755.6"
10.922907010133,-4.1165317141445,0.406933988525242,-10.115969248632,4.69348134342072e-24,1.1765438516808e-22,"ENSG00000189367.15"
185.949546691977,2.56997780107021,0.254155762642136,10.111821877865,4.89651186573632e-24,1.22571350360965e-22,"ENSG00000227036.8"
192.527663502594,1.74739930881796,0.17281714769897,10.1112611340036,4.92462186446632e-24,1.23040647419803e-22,"ENSG00000254389.3"
29.1061177190083,2.35746366938075,0.233297920762446,10.1049493354946,5.25227114165379e-24,1.31102274156912e-22,"ENSG00000267751.5"
25.8321540577498,2.46569384567712,0.244288199486285,10.0933808954433,5.90982499063515e-24,1.47235867349625e-22,"ENSG00000288547.3"
7245.12824073409,-2.12897084631782,0.210955397168022,-10.0920425592247,5.99097266343469e-24,1.4911621731602e-22,"ENSG00000180354.16"
3.99239157216222,-4.24021595170241,0.420199006849381,-10.0909709032756,6.05674548581108e-24,1.50610689071957e-22,"ENSG00000234471.1"
310.953864094971,-2.21699691303235,0.219742123757297,-10.0890847650176,6.17424879120087e-24,1.53387481311837e-22,"ENSG00000185518.12"
2108.14620048894,-2.10617673766078,0.208773763140831,-10.0883209938599,6.22247021345683e-24,1.54439477894711e-22,"ENSG00000124785.9"
1977.77676246278,-1.46062742613947,0.144804757189716,-10.0868745922886,6.31481450043164e-24,1.56583570122024e-22,"ENSG00000274180.1"
1336.3361289849,-2.29321933930995,0.227357570626848,-10.0863997314332,6.34542655141353e-24,1.57194336924932e-22,"ENSG00000013297.12"
18.1063452416979,-3.76110552075878,0.373113673673907,-10.0803207872942,6.75053704145406e-24,1.67072613557042e-22,"ENSG00000277270.2"
169.481482134197,-2.1865287676925,0.216922677103462,-10.0797611245118,6.78909715849061e-24,1.6786888966488e-22,"ENSG00000267272.5"
78.4606202159748,-1.95928258873402,0.194431741450256,-10.0769687815366,6.98477008242015e-24,1.72544827863093e-22,"ENSG00000254109.6"
1453.00920217736,1.26476625081737,0.125528811105271,10.0755056921292,7.08951537852507e-24,1.74967908177608e-22,"ENSG00000117155.17"
2413.80295271027,-2.25079180150934,0.223406717917191,-10.074861770019,7.13610657008824e-24,1.75952556367917e-22,"ENSG00000127955.17"
3153.62758962271,1.21036224792201,0.120165999421792,10.07241860215,7.31565735173272e-24,1.80210625897791e-22,"ENSG00000130827.6"
49.2698964956948,3.03891577925749,0.301713131334425,10.0722025780478,7.33174682895039e-24,1.80437859224843e-22,"ENSG00000109705.8"
315.216644786784,2.62963868343662,0.261082541365992,10.0720587047999,7.34248194827839e-24,1.805330173326e-22,"ENSG00000180596.7"
2388.87160503253,1.02278632898561,0.101556270476011,10.0711292782971,7.41220731425241e-24,1.8190705606705e-22,"ENSG00000136950.13"
9.73167258225928,-3.19785366612153,0.317526810069987,-10.0711296328543,7.4121805908122e-24,1.8190705606705e-22,"ENSG00000287342.1"
7734.65758993832,1.33089688899581,0.132177217510374,10.0690339384044,7.57181410422085e-24,1.85650710741923e-22,"ENSG00000166557.14"
65.4119657225584,-3.23528975057179,0.321380747259273,-10.0668436991396,7.7422886001961e-24,1.89653600715335e-22,"ENSG00000259347.7"
2642.49898893114,-1.7796973899161,0.176872423312365,-10.0620399527917,8.12960765228369e-24,1.98955872935405e-22,"ENSG00000136732.16"
1669.78292362074,1.22955483303099,0.122218804410649,10.0602754131005,8.27664796415018e-24,2.02365967525324e-22,"ENSG00000182173.13"
49.3329472392101,-2.91165449352904,0.289457397207399,-10.0590087578339,8.38382027398487e-24,2.04795847659311e-22,"ENSG00000180287.17"
13.1091277820158,-3.0879213831568,0.307005440418457,-10.0581975972409,8.45317369381282e-24,2.06298251966737e-22,"ENSG00000229246.2"
565.641133478321,3.33207065925009,0.331446207660077,10.0531265171915,8.89980894504581e-24,2.16594979918133e-22,"ENSG00000170558.10"
34.7680642171236,-4.39902438949049,0.437912638395148,-10.0454382993191,9.62189742033472e-24,2.33951851800257e-22,"ENSG00000228035.1"
2482.19368484778,1.32761868528004,0.132205552517899,10.0420796252132,9.95528211504053e-24,2.41610928081002e-22,"ENSG00000160113.5"
1768.92608182502,1.72551448931384,0.171869518855015,10.0396771970337,1.02007424137435e-23,2.47111809772197e-22,"ENSG00000117308.15"
101.346875443958,-2.73810639047686,0.272752180046492,-10.0388066192913,1.02911625301284e-23,2.49072666613163e-22,"ENSG00000152779.14"
1651.56682351946,3.42557991849613,0.341268105794554,10.0377968533583,1.03970336810654e-23,2.51403526470213e-22,"ENSG00000099812.9"
75.7739124055748,1.403464627347,0.139824536770898,10.0373272085039,1.04466414540433e-23,2.52370886009258e-22,"ENSG00000285053.1"
11.6764829005782,-3.05116676313736,0.304081432848434,-10.0340449416988,1.07999467072828e-23,2.6066648232711e-22,"ENSG00000277987.2"
36.6184112827247,2.00690065007468,0.200041411290899,10.0324259718217,1.09785460462152e-23,2.6473404062268e-22,"ENSG00000167094.16"
6.32877837447572,-3.11117751154691,0.31019623688661,-10.0297074612294,1.12850455001963e-23,2.7187546831087e-22,"ENSG00000204978.3"
954.373122192405,1.53564976614412,0.153131530114063,10.0283055031205,1.14464063940755e-23,2.75423366459251e-22,"ENSG00000147799.11"
7377.01070580078,1.40423355516166,0.140027828603914,10.0282463076229,1.14532696522585e-23,2.75423366459251e-22,"ENSG00000171302.17"
97.4854121224204,-3.00510890504746,0.299733269246483,-10.0259437752845,1.17234162907479e-23,2.81662041851935e-22,"ENSG00000172318.5"
35.8875917388281,-2.36666769916786,0.236096439189127,-10.0241566848538,1.19374293209312e-23,2.86541910750096e-22,"ENSG00000137463.5"
1092.15894719423,1.98011670423301,0.197547269124233,10.0235083633972,1.20160217014637e-23,2.88165250366125e-22,"ENSG00000135074.16"
74.1882760309681,1.8880750472055,0.188413759574642,10.0208978976268,1.23376929259843e-23,2.95609772895689e-22,"ENSG00000167100.15"
5361.36578759522,-1.88611804562052,0.188315121232213,-10.0157546206538,1.29966249001391e-23,3.11114106443767e-22,"ENSG00000144655.15"
311.415753522407,1.62889824368325,0.162664071663683,10.013878461441,1.32455661644523e-23,3.16784768941277e-22,"ENSG00000265688.2"
836.218464623784,1.72617135978284,0.172411781481718,10.0119106997678,1.3511736015369e-23,3.22856790389053e-22,"ENSG00000090971.5"
96.6113828975735,2.53211994334601,0.252917426978604,10.0116467797224,1.35478357429955e-23,3.23425353922701e-22,"ENSG00000169962.5"
26.7332475670283,-3.535327531538,0.353209809416757,-10.0091431134819,1.38950803498987e-23,3.31414058000669e-22,"ENSG00000260192.3"
5025.36815851508,3.39742321740674,0.339445206455268,10.0087529674821,1.39499794423993e-23,3.32120706217412e-22,"ENSG00000171428.15"
731.703056173004,1.31685935479875,0.131600469916165,10.006494320557,1.42720505599968e-23,3.39481065085029e-22,"ENSG00000184207.9"
2125.29279651948,1.17433836567466,0.117382233599022,10.0043961481105,1.45778313865975e-23,3.46440976641347e-22,"ENSG00000095380.11"
8.65212747503721,-1.73556118401038,0.173481834888534,-10.0042819187699,1.4594663761232e-23,3.46527680488005e-22,"ENSG00000234336.7"
8.51222248059145,4.22843288806047,0.42285786593932,9.99965527108639,1.52928486060266e-23,3.62777285885201e-22,"ENSG00000231123.1"
1668.80981219292,2.19318333902054,0.219331424266355,9.99940316968511,1.53318280699087e-23,3.63374002695653e-22,"ENSG00000158106.14"
28.6528361705641,-2.27207598423726,0.227341813137967,-9.99409634715282,1.61755790186314e-23,3.83026053086223e-22,"ENSG00000283445.1"
2888.31561343196,1.03939119666121,0.104072549596933,9.98717914269138,1.73447360744292e-23,4.10341172799547e-22,"ENSG00000145050.19"
49.5676114208303,-2.34781554447253,0.235157269236395,-9.98402282904702,1.79056587752584e-23,4.23230517310155e-22,"ENSG00000235904.3"
18.3357431640574,-2.67491691288112,0.268031347216792,-9.97986593977593,1.86718885361405e-23,4.40549298279997e-22,"ENSG00000286406.1"
71.565430830808,-2.58683970893686,0.259282271246326,-9.9769247488552,1.92335583502125e-23,4.53394482221511e-22,"ENSG00000186479.5"
9017.7282209287,1.05192116889712,0.105459143254722,9.97467963831594,1.96735305862204e-23,4.63350428251089e-22,"ENSG00000101294.18"
9951.03728160585,-4.2205788479123,0.4231530430063,-9.9741190986767,1.97849248094133e-23,4.6555681619572e-22,"ENSG00000162896.6"
734.457834081017,1.23710902900666,0.124199171888051,9.96068661489749,2.26493020332157e-23,5.32481444222757e-22,"ENSG00000198554.12"
4026.10295336576,-1.84387413236296,0.185179817105668,-9.95720895064286,2.34555092170901e-23,5.50942452423589e-22,"ENSG00000048740.18"
1477.04646496437,1.06819643597584,0.107286032448294,9.95652846506983,2.3616554708809e-23,5.54229932112799e-22,"ENSG00000146918.20"
146.485218233894,2.22049925603704,0.223070822956859,9.95423438441554,2.4167587827452e-23,5.66655556161238e-22,"ENSG00000220323.4"
50.8621095279293,2.47566294178194,0.248732972866278,9.9530951335225,2.44459452696441e-23,5.72671323945923e-22,"ENSG00000015413.9"
308.156582627266,1.22537424232288,0.123127251771893,9.95209610130033,2.46926536391021e-23,5.77935626224541e-22,"ENSG00000114859.16"
200.566741737874,1.60888229907904,0.161691352807319,9.95032987939859,2.51348643002979e-23,5.8776225379807e-22,"ENSG00000123219.13"
66.3047158375885,-2.84757190614176,0.286214083914597,-9.94909777742259,2.54479810360189e-23,5.94555318711751e-22,"ENSG00000143171.13"
2120.94246963043,-1.7561573448701,0.176574038718684,-9.94572790889146,2.63242383821701e-23,6.14481600032824e-22,"ENSG00000113578.18"
39.1235801936821,-1.66095807418505,0.167065618302998,-9.94195030106471,2.73420722243919e-23,6.37674380076234e-22,"ENSG00000248896.3"
798.44939349747,-2.07011674930075,0.208223078038865,-9.94182186142865,2.7377355366067e-23,6.3793121315754e-22,"ENSG00000146966.13"
233.248155775475,2.10738851233448,0.212065675219869,9.93743334535185,2.86103757746186e-23,6.66071848414593e-22,"ENSG00000162814.11"
374.349439826603,-1.50497019507491,0.151465891155832,-9.93603367458194,2.90150812082053e-23,6.74895924315458e-22,"ENSG00000184785.6"
1307.50033686061,2.17472705907614,0.21889302874306,9.93511338192898,2.92842611545134e-23,6.80554836591716e-22,"ENSG00000188322.8"
3011.84527625871,-1.8046117385409,0.181653543979395,-9.93436020574194,2.95063993096289e-23,6.85111483616862e-22,"ENSG00000127329.16"
1086.66696770736,1.92844063622115,0.194185458574833,9.93092196694011,3.05418363419755e-23,7.08527472561768e-22,"ENSG00000124243.17"
5923.17964370728,-1.47755300146032,0.148793946620611,-9.93019564987902,3.07651294434905e-23,7.13078185443303e-22,"ENSG00000119138.4"
2729.53963092271,1.47144739230198,0.14821057637299,9.92808629661426,3.14228170974573e-23,7.2703989840631e-22,"ENSG00000116586.12"
46.5848582934469,-2.87498156113868,0.289659045270233,-9.92539887182363,3.2280946127665e-23,7.46237808284562e-22,"ENSG00000137675.5"
8812.68933990429,1.06288675484866,0.107122376343545,9.92217304291258,3.33416831240964e-23,7.70081545899605e-22,"ENSG00000168159.14"
653.326417482792,1.17177028637106,0.118152950285325,9.91740183839148,3.4974154985135e-23,8.07076988261009e-22,"ENSG00000170779.11"
54.0151862317571,-1.86272736962225,0.187832370506477,-9.91696673262197,3.5126906641501e-23,8.09890889618608e-22,"ENSG00000253250.3"
4189.83204737259,-2.40265669556454,0.242310238558232,-9.91562184850535,3.56032409024499e-23,8.20153885959678e-22,"ENSG00000154175.18"
172.795292844405,-1.98762691573294,0.200469160864986,-9.91487621914872,3.58700797179479e-23,8.25577211301701e-22,"ENSG00000197083.11"
1001.37593031679,-1.99732246131057,0.201482347456587,-9.91313872666153,3.64995848492051e-23,8.39330785806217e-22,"ENSG00000143382.15"
8352.85295797931,-2.16912871698528,0.218881675635503,-9.91005167832076,3.76451405958348e-23,8.64916849144163e-22,"ENSG00000184347.15"
3321.5263702785,2.16371316284233,0.218360435109895,9.90890662840723,3.80790413679942e-23,8.74121854424768e-22,"ENSG00000184678.10"
787.464151888351,2.35536744306513,0.237717794965785,9.90825042527484,3.83299285907842e-23,8.79113301117079e-22,"ENSG00000189057.11"
853.364983289225,-2.06952784714938,0.208918079708298,-9.90592987470952,3.92303469754741e-23,8.98980331214787e-22,"ENSG00000154065.17"
2794.77945414808,-1.43996915471551,0.145513179979528,-9.89579881986013,4.3413053545168e-23,9.93962281690936e-22,"ENSG00000143344.16"
38.2017882187688,-1.32474773024358,0.133876408577675,-9.89530376798962,4.3628387786237e-23,9.98023102326766e-22,"ENSG00000271755.1"
684.22895909947,1.21986297915423,0.123285599693996,9.89461041826473,4.39317550397615e-23,1.00321655036064e-21,"ENSG00000006634.8"
19.7220212951792,2.23592400574747,0.22597195861038,9.8946967557273,4.38938655246417e-23,1.00321655036064e-21,"ENSG00000283064.1"
944.070938140448,2.01260087904604,0.20342203049482,9.8937213149944,4.43238300157942e-23,1.01041417878156e-21,"ENSG00000138795.10"
369.944691812867,2.31688464821854,0.234228022711965,9.89157753796035,4.52834931612188e-23,1.03139630350908e-21,"ENSG00000149243.16"
116.158367691276,-2.83949827032081,0.287239897175926,-9.88545915187298,4.81369962019888e-23,1.09543966075591e-21,"ENSG00000225670.4"
1616.85278243505,1.83825537652209,0.185962227049944,9.88510089217415,4.83094921419487e-23,1.09841409295759e-21,"ENSG00000185507.21"
19.3836949635051,2.66167300013799,0.26927995716666,9.88440813844402,4.86447789095416e-23,1.10508156340397e-21,"ENSG00000279623.1"
7694.31408667043,-1.51829895125928,0.153615371301413,-9.88376969307441,4.89558204601416e-23,1.11118720636819e-21,"ENSG00000079819.19"
1793.46464525538,-2.3113325921439,0.233876795436809,-9.88269309841986,4.94847880161887e-23,1.12222447646031e-21,"ENSG00000069431.11"
1199.23658005896,1.759446509541,0.178045244090027,9.88201913807568,4.98188035426661e-23,1.12882537268572e-21,"ENSG00000172366.20"
530.641883433902,3.02768460422214,0.306392425613542,9.88172144973653,4.99670480225109e-23,1.13120920777233e-21,"ENSG00000132329.11"
12137.9803625371,-1.54138777947379,0.155999548147722,-9.88071951345775,5.0469213762766e-23,1.14159450476811e-21,"ENSG00000178695.6"
5106.79176616708,-2.0905325563402,0.211640800257823,-9.87773885656025,5.19928358095042e-23,1.17504703045315e-21,"ENSG00000166250.12"
6851.43377136361,1.20435852428767,0.12195584483053,9.87536535014985,5.32385959486899e-23,1.20113584198744e-21,"ENSG00000116857.17"
29.5850738106014,-1.97948724316612,0.200536224427268,-9.87097093714387,5.56235565254382e-23,1.25386754692506e-21,"ENSG00000263586.1"
71.2478712097507,-3.48700048489583,0.353305393508108,-9.86964973920163,5.63610694872094e-23,1.26940389923034e-21,"ENSG00000250961.2"
401.17554587519,-1.46778951640359,0.148724043679801,-9.86921468840442,5.66060339251007e-23,1.27382961959533e-21,"ENSG00000047648.23"
13.642131942511,-3.54305498704943,0.359148746136838,-9.8651464752699,5.89483485638147e-23,1.32540495607468e-21,"ENSG00000166573.6"
4211.41746682979,-1.67771388454737,0.17007277896293,-9.86468201894349,5.92217927273089e-23,1.33041504277315e-21,"ENSG00000171914.16"
4328.96266669105,1.59971471745141,0.162181614125709,9.86372423332431,5.97896508467233e-23,1.34202492131108e-21,"ENSG00000133816.17"
13957.0097545146,-2.63907630091949,0.267565316088098,-9.86329745388434,6.00444156032118e-23,1.34659336153142e-21,"ENSG00000148053.17"
66.6071678353756,2.98007731000786,0.3021510872306,9.86287137776698,6.02998325361839e-23,1.35116862607081e-21,"ENSG00000149926.13"
133.326684033523,1.8470030243988,0.187346377121779,9.85876029616633,6.28202008345033e-23,1.40644476893874e-21,"ENSG00000233822.4"
654.314112264242,3.30047434548373,0.334843362704674,9.85677099532264,6.40769431856511e-23,1.43214147507794e-21,"ENSG00000074211.14"
1563.83479829731,2.6628567542456,0.270154675509207,9.8567857440426,6.40675347002632e-23,1.43214147507794e-21,"ENSG00000176532.4"
7194.88559006726,1.48230514417796,0.150405738090683,9.85537628414311,6.49728641769715e-23,1.45093182840061e-21,"ENSG00000117632.23"
96.6021280659434,1.95094672968968,0.198004389644487,9.85304787026477,6.64962826051301e-23,1.48369124956981e-21,"ENSG00000177602.5"
682.99132684583,-2.70754006179113,0.275035562929674,-9.84432715882433,7.25228507311559e-23,1.615415770015e-21,"ENSG00000111452.13"
369.806457523104,3.95298324681311,0.401709830197513,9.84039460739486,7.54144563753443e-23,1.67588871306309e-21,"ENSG00000075886.11"
22.5570613694758,-1.73998356776727,0.176868640845155,-9.83771662095032,7.74486138685499e-23,1.7193068977373e-21,"ENSG00000236444.5"
1061.10076394172,-1.53885386765102,0.156442526654816,-9.83654445217723,7.83559776486845e-23,1.73798187047935e-21,"ENSG00000139946.10"
75.8439583096244,-1.69346243693545,0.172172722444874,-9.83583469488125,7.89105005028568e-23,1.74880572952537e-21,"ENSG00000262370.6"
171.82220015926,-3.66103485273593,0.372262953853571,-9.83453984565972,7.99321742637134e-23,1.76995557569287e-21,"ENSG00000120907.18"
15.3367303574202,-3.41106752265123,0.346947369254923,-9.83165697430297,8.22541150052995e-23,1.81830711421303e-21,"ENSG00000280302.1"
575.649898529649,1.17260066948671,0.119292177149823,9.82965268555712,8.39076471173339e-23,1.85330134187563e-21,"ENSG00000143443.10"
36.491181424916,-3.06538268209421,0.311923095534488,-9.82736682848573,8.58336666050796e-23,1.89425028803351e-21,"ENSG00000238099.3"
6037.80446456875,4.18780906614604,0.426242315576128,9.82494912661503,8.791841051212e-23,1.93700545004238e-21,"ENSG00000138696.11"
23.4123354013043,-3.32975349435767,0.338918921395018,-9.82463145064943,8.81960367611751e-23,1.94149466518486e-21,"ENSG00000236751.2"
12188.34615695,2.73919333322117,0.278819172011615,9.82426464241514,8.85176808484901e-23,1.94694453842821e-21,"ENSG00000214530.9"
50.003744176025,4.72115968756328,0.480578829337953,9.82390275923549,8.8836144165007e-23,1.9523153956798e-21,"ENSG00000287226.1"
49.2040095732369,1.35591278529345,0.138031012667064,9.82324739269979,8.94157674294102e-23,1.96341188898464e-21,"ENSG00000143570.19"
432.029850629132,-2.90302207737225,0.295551495304974,-9.82239008595329,9.01796471299508e-23,1.97853242501137e-21,"ENSG00000118729.12"
232.777180083109,2.30576154803142,0.23483737304296,9.81854599271822,9.36850163419479e-23,2.05201414127647e-21,"ENSG00000105173.14"
154.556724330925,-2.4235447918405,0.246869939860425,-9.81709151470898,9.50462189066171e-23,2.08009560178312e-21,"ENSG00000131480.9"
45.2062294928048,-2.34023895951857,0.238420271871437,-9.81560393816049,9.64586485431333e-23,2.1092505143991e-21,"ENSG00000261625.1"
24.5550600096424,4.2594126199347,0.434057647140792,9.81301135457962,9.89700976176032e-23,2.1623691153625e-21,"ENSG00000101188.5"
37.1799899062022,3.82652477031286,0.390304258310879,9.80395342565036,1.08263438867615e-22,2.36345201594385e-21,"ENSG00000183971.10"
2916.79764734875,1.36412427466678,0.139184184934745,9.8008568667937,1.11634581386476e-22,2.43502351631712e-21,"ENSG00000167553.16"
192.331192721682,-2.66699185236531,0.272147106012296,-9.79981706013372,1.12789733892795e-22,2.45795079902779e-21,"ENSG00000158887.19"
370.844734931108,-2.06516695367337,0.210736853314516,-9.79974276540608,1.12872721595896e-22,2.45795079902779e-21,"ENSG00000198838.14"
295.931336459428,2.81091540393822,0.2868740094846,9.79843175402448,1.14347113637729e-22,2.48799630368715e-21,"ENSG00000135773.13"
2476.31353306963,1.27274793188554,0.129933889302135,9.7953500716508,1.17888339928829e-22,2.56080754271847e-21,"ENSG00000106367.15"
18.3392971337569,2.24752670920802,0.229468280008307,9.79449843406095,1.18885976429395e-22,2.58034599873676e-21,"ENSG00000215784.6"
12648.4991304951,-2.30601247305228,0.235611432493011,-9.78735390151614,1.27591233661418e-22,2.76700328841312e-21,"ENSG00000006210.7"
237.584649122036,2.09239410266498,0.213787793116132,9.78724777578096,1.27725186979098e-22,2.76762474407141e-21,"ENSG00000085840.13"
2323.09168304258,1.43843799151978,0.146978393300025,9.78673095564132,1.28379516549258e-22,2.77951170756236e-21,"ENSG00000106789.13"
12.0046158390841,-2.40634350634945,0.245926580552284,-9.7848044767892,1.30847939002546e-22,2.83062323353327e-21,"ENSG00000287901.1"
44.4348981610044,3.29886844581038,0.337228381655898,9.78229776987303,1.34130270569566e-22,2.89924344708098e-21,"ENSG00000279930.1"
1578.41152265586,-1.80712383871584,0.184747123366563,-9.78160745231346,1.35048411373861e-22,2.91669058714097e-21,"ENSG00000267519.6"
254.630865846858,1.32508558876061,0.135469319960577,9.78144416127743,1.3526650103257e-22,2.919002227537e-21,"ENSG00000100479.13"
66.9954004669725,-4.05327918195817,0.414396823551101,-9.7811540813086,1.35654788640125e-22,2.92497987253245e-21,"ENSG00000187151.7"
223.432500952661,3.66973170325261,0.375189049825946,9.78102027485886,1.35834267392386e-22,2.92644908536187e-21,"ENSG00000099769.6"
290.24336013269,3.37448418097808,0.345044721531151,9.77984582984968,1.37419706483278e-22,2.95818146208558e-21,"ENSG00000218416.4"
77.3682912971657,-6.1438914426372,0.628235169168585,-9.77960442865386,1.37747847777441e-22,2.96281868329154e-21,"ENSG00000171209.3"
1036.82415112435,1.14029296595497,0.116625436590625,9.77739504596752,1.40787367258674e-22,3.02571967377514e-21,"ENSG00000101189.7"
1059.56971448787,-2.15694578859841,0.220683124257843,-9.77394984710415,1.45660018073084e-22,3.12788228352364e-21,"ENSG00000161281.11"
3.79709251012332,-3.47858810750197,0.356061914567811,-9.76961580326357,1.520274789171e-22,3.26195122927106e-21,"ENSG00000223458.2"
28.6074263760045,4.61839111952385,0.472869483006503,9.76673540055944,1.56410906874834e-22,3.35326613074889e-21,"ENSG00000154252.12"
19905.5184964581,-1.6213163896971,0.166081313730716,-9.7621842775515,1.63593159459303e-22,3.50438679969709e-21,"ENSG00000261371.6"
507.434940482028,1.4712250936179,0.150714599507578,9.76166276143623,1.64436745114629e-22,3.51958909494536e-21,"ENSG00000141570.11"
264.401146454358,-1.54016701393811,0.157790547949164,-9.76083189998369,1.65789619312441e-22,3.54565854679268e-21,"ENSG00000129244.9"
104.45533563106,-2.39699739824091,0.245634007857564,-9.75841016131145,1.69796059217125e-22,3.6283899353357e-21,"ENSG00000238018.2"
3.14719344346558,-3.72695023994081,0.382001458083085,-9.7563770008705,1.73233538815533e-22,3.69883861431963e-21,"ENSG00000241151.1"
29.1037889527082,-1.51477428188941,0.155287646200642,-9.75463482737203,1.76233781439215e-22,3.7567953863328e-21,"ENSG00000278058.1"
13.0543997628234,3.9451682767691,0.404541868171823,9.75218781333519,1.80534884061499e-22,3.84536377039906e-21,"ENSG00000197588.9"
1028.41452073887,-1.81174755344091,0.185796562948693,-9.75124364351786,1.82222083527251e-22,3.87815809184636e-21,"ENSG00000152527.14"
612.70941800573,-1.95245374503688,0.200247818438825,-9.75018734415498,1.84128156872418e-22,3.9155537825523e-21,"ENSG00000171056.8"
12.1638537158879,-3.38828336091322,0.347560186876186,-9.74876723184709,1.86721857753362e-22,3.96429508012065e-21,"ENSG00000287417.1"
850.0201506094,-2.5156025955418,0.258167465434838,-9.74407286876644,1.95555721149004e-22,4.14849602476224e-21,"ENSG00000182118.8"
15.1981450461991,-2.22714020173536,0.228584753229081,-9.74317040079829,1.97300792468162e-22,4.18214034615578e-21,"ENSG00000282840.1"
4860.50665306001,-1.46417731139525,0.150322727805425,-9.74022579799409,2.03102559496254e-22,4.3016500191777e-21,"ENSG00000053254.16"
12933.401546074,-1.41242197492705,0.14503952215786,-9.73818690184169,2.07218429577005e-22,4.38528921336715e-21,"ENSG00000099204.20"
207.64253388171,-1.56418926174055,0.16062682477513,-9.73803263514882,2.07533182398809e-22,4.38841686739364e-21,"ENSG00000248124.8"
210.549942638091,1.75124904523807,0.179898946874896,9.73462644256565,2.14604731898472e-22,4.53430126464585e-21,"ENSG00000260219.2"
4546.36118574693,4.22653428139245,0.434346502387037,9.73078926194799,2.22857015102801e-22,4.70487854213818e-21,"ENSG00000256612.7"
288.03015952061,-2.61357789677766,0.268616920852426,-9.72975897603085,2.25125742103014e-22,4.74896067851977e-21,"ENSG00000166473.17"
3924.25337215075,-2.33539952188095,0.240058868938877,-9.72844507767629,2.28052185341196e-22,4.80683531636568e-21,"ENSG00000124212.6"
6287.92626596092,1.49052667949119,0.153287251320771,9.7237484960318,2.38824045601567e-22,5.0298487296407e-21,"ENSG00000123989.14"
148.588889608438,-2.80696059488019,0.288789529128529,-9.71974504529532,2.48402675697132e-22,5.22739465814525e-21,"ENSG00000241158.7"
46.634917961238,3.33513331644322,0.343155098814147,9.7190259680493,2.50162974921751e-22,5.26022690627464e-21,"ENSG00000204866.8"
7.22216902192396,-2.85564074366712,0.293890512465124,-9.7166823104097,2.55986380558721e-22,5.37837412198676e-21,"ENSG00000182533.7"
771.296289506025,1.08927452001666,0.112126567816787,9.7146870828733,2.61049610594482e-22,5.48037377385413e-21,"ENSG00000115687.14"
1572.10177871565,1.20158443739636,0.123728614298673,9.71145150381962,2.6947194198223e-22,5.64816628633248e-21,"ENSG00000204220.12"
6.44367641134857,-2.09905423901851,0.216165799985511,-9.71039007631735,2.72293032128629e-22,5.7027490489792e-21,"ENSG00000167910.4"
2455.63243216044,1.08342741097337,0.111598044372145,9.70830104657099,2.77930960378361e-22,5.8161921676631e-21,"ENSG00000160991.16"
399.080231887999,-1.37452902082552,0.141603419369152,-9.70689145042607,2.81800339648036e-22,5.8924742460692e-21,"ENSG00000137672.13"
6.99226711952488,-3.24653831073331,0.334583828727499,-9.70321346097527,2.92149369685639e-22,6.10401751416323e-21,"ENSG00000272180.1"
9.849791230814,4.56835314694252,0.470813721366896,9.7031011196517,2.92471323054464e-22,6.10589059186937e-21,"ENSG00000188624.3"
10.4022251923,2.72421038596116,0.280767657209658,9.7027215065833,2.93561837331046e-22,6.12379312095969e-21,"ENSG00000227440.1"
371.713031208624,-1.6342072934235,0.168439077603365,-9.7020674577171,2.95450170852283e-22,6.1582968205245e-21,"ENSG00000198075.10"
54388.6146953241,2.41546577184507,0.249114790725042,9.696195736973,3.1295015827033e-22,6.51789378762072e-21,"ENSG00000133110.15"
4066.79739452053,1.06947929598946,0.110319162433054,9.6944109473136,3.18470032447809e-22,6.62760596425829e-21,"ENSG00000153395.10"
931.43352413681,1.14831910379509,0.118499112483928,9.6905291501726,3.30810258764068e-22,6.87896902005914e-21,"ENSG00000180035.13"
177.937456441902,-3.90326897624742,0.402816504400802,-9.68994302270115,3.32714228877685e-22,6.90763095720464e-21,"ENSG00000072657.9"
944.402181672827,-1.55532268047949,0.160508770917814,-9.68995445909851,3.32676975473808e-22,6.90763095720464e-21,"ENSG00000134138.20"
10754.9562438678,1.0050030623079,0.103723256688933,9.6892740778658,3.34900476637487e-22,6.94753285551674e-21,"ENSG00000155660.11"
955.923406222233,2.71009114043993,0.279703226561786,9.68916652751333,3.35253297247549e-22,6.94936724357617e-21,"ENSG00000173894.11"
329.423465557367,-1.31530104351111,0.135772920030059,-9.68750648671266,3.40745977300281e-22,7.05765742108793e-21,"ENSG00000166839.17"
3679.70031071409,1.27638142269436,0.131761935969016,9.68702693465664,3.42349215566817e-22,7.08528093067575e-21,"ENSG00000142197.12"
1873.55262714152,1.6160427109615,0.166878428978691,9.68395208926527,3.52807905852052e-22,7.29598976979964e-21,"ENSG00000125967.17"
4527.21820071066,4.0809921926979,0.421451994387629,9.68317209799326,3.55510840237409e-22,7.34610607295602e-21,"ENSG00000086548.9"
13032.9646754443,-1.9893644703771,0.205523355836878,-9.67950558356997,3.68493675592339e-22,7.60839573391127e-21,"ENSG00000165795.23"
30.1870284789066,-3.09688819820855,0.319980699236084,-9.67835936855569,3.72647788717654e-22,7.68812753426595e-21,"ENSG00000080293.10"
2493.84529354367,1.49851259077012,0.154844625952539,9.67752404419526,3.75704333996441e-22,7.7451080115784e-21,"ENSG00000113810.16"
6.29896455714,3.06648538312801,0.317075981011823,9.67113741426433,3.99908436963439e-22,8.23116159526001e-21,"ENSG00000274825.1"
4018.9385893024,1.75959534081254,0.181950105370748,9.67075747072045,4.01396017996565e-22,8.25531528718444e-21,"ENSG00000073350.14"
3937.51643324396,2.37403997963485,0.245494361147072,9.67044606866795,4.02619323044629e-22,8.2740002243198e-21,"ENSG00000164932.13"
4460.73614601568,3.74734711450239,0.387578186591039,9.66862234291963,4.09858040644391e-22,8.41617870335717e-21,"ENSG00000101210.13"
891.345832067634,6.14855089823033,0.636300067428388,9.66297382786669,4.33105244142224e-22,8.87274998989417e-21,"ENSG00000105141.6"
9.00334943041026,-2.97563858997787,0.307988881536711,-9.66151302323291,4.3932678254574e-22,8.99319715921514e-21,"ENSG00000278931.1"
1439.79860276222,3.09121440454972,0.31995758817642,9.66132549681948,4.40131832542788e-22,9.00266543700751e-21,"ENSG00000068078.20"
142.825273709135,-1.57081489867968,0.162628933695827,-9.65888949144596,4.50723203222612e-22,9.20497954429147e-21,"ENSG00000231999.7"
10213.9391283427,-1.2140955847,0.12574513938301,-9.6552088665786,4.67206223740391e-22,9.53419905651587e-21,"ENSG00000152518.8"
762.007926081421,1.04976217223442,0.108736126958526,9.65421706287944,4.71748953449519e-22,9.61197635074974e-21,"ENSG00000159055.4"
15.587937427117,2.07080040920188,0.214495269522583,9.65429407282966,4.71394667279871e-22,9.61197635074974e-21,"ENSG00000273821.1"
13139.426450556,-1.82724784163813,0.189422958408048,-9.64639058007919,5.09163591243296e-22,1.03582475481724e-20,"ENSG00000024422.12"
42.5412751395007,3.64407714881031,0.377876337167694,9.64357063510208,5.23351895825004e-22,1.06386552435146e-20,"ENSG00000164047.6"
52436.3761792856,1.18238572941718,0.122650226616463,9.64030611304612,5.40266239508981e-22,1.09655272889993e-20,"ENSG00000067225.18"
7.82468341137369,-3.02950091334057,0.314324363494225,-9.63813584051443,5.51809201149202e-22,1.1191167471455e-20,"ENSG00000258942.1"
80.9184866694915,-2.37557384673118,0.246506297151829,-9.63697022826162,5.5810909663863e-22,1.13102077841556e-20,"ENSG00000183873.18"
11182.9842556515,-2.20121040546974,0.228479742524369,-9.63416004040255,5.73591737115626e-22,1.15971424756516e-20,"ENSG00000165507.9"
3582.41080504516,-1.57488404596408,0.163489931656479,-9.63291151942733,5.80606068399854e-22,1.17299384333757e-20,"ENSG00000100077.15"
5.77331596765559,-3.78360997211823,0.392929029012407,-9.62924521414975,6.01698117631944e-22,1.21467229829785e-20,"ENSG00000188729.6"
16.1415582097767,-3.19843910447041,0.332189702257511,-9.62835115819153,6.06955506481912e-22,1.22434524423412e-20,"ENSG00000256654.4"
793.853218609783,-1.00016198947845,0.103903691456497,-9.6258561698667,6.21868620339763e-22,1.25346586020018e-20,"ENSG00000184271.17"
550.884461882657,1.17544929941975,0.122136398083373,9.62407044800323,6.32764352479179e-22,1.27445043988987e-20,"ENSG00000163535.18"
14.5809139765433,-2.09306689673301,0.217556306019806,-9.62080545963336,6.53176626658483e-22,1.31455547129338e-20,"ENSG00000141485.17"
1627.06609745201,1.26870959004992,0.131921094089472,9.61718517274769,6.76572587837273e-22,1.36059938016181e-20,"ENSG00000171793.16"
135.067592192475,1.64051253457341,0.17058282238469,9.6171027752947,6.77114617670947e-22,1.36064836474489e-20,"ENSG00000187951.11"
30.9885804348635,-3.11963664794989,0.324547298988092,-9.61227117796583,7.09660759668503e-22,1.42278591968932e-20,"ENSG00000269289.6"
6641.23512852424,1.31304221128798,0.136631342775543,9.61010983727975,7.24716368713128e-22,1.45186318866279e-20,"ENSG00000179918.19"
8.11418242373564,-3.60503165424236,0.375204695128955,-9.60817308803489,7.38475751434306e-22,1.47830134430307e-20,"ENSG00000269736.1"
6.62552751610525,4.05929176348666,0.4227286219582,9.60259502818347,7.79565287110505e-22,1.55818205371958e-20,"ENSG00000226806.1"
13.4365062234999,3.57396926228312,0.372261305751887,9.60070038723062,7.94030103399914e-22,1.58588808797594e-20,"ENSG00000244649.5"
750.010555545199,1.10004292980685,0.114595516947937,9.59935396344186,8.04470615517511e-22,1.6055205511209e-20,"ENSG00000160404.18"
346.116812058847,1.40593851997165,0.146495667747122,9.59713376916069,8.21984016596475e-22,1.63798543534661e-20,"ENSG00000138346.15"
579.612484822265,2.27410837403921,0.236970897015275,9.59657241746704,8.2647151089838e-22,1.64568009033735e-20,"ENSG00000143590.14"
38.4486294543263,-2.16335329739025,0.225473871580647,-9.59469619350757,8.41646844515759e-22,1.67462874044301e-20,"ENSG00000226491.1"
5444.37411330424,-1.89491330957774,0.19754544882567,-9.59229038604661,8.61509599986245e-22,1.71285312602409e-20,"ENSG00000179094.16"
114.847733826102,3.45161726840146,0.360060552921018,9.58621331995401,9.13772253431752e-22,1.81401736474322e-20,"ENSG00000002726.21"
950.564991230697,3.83795469444874,0.400375658050651,9.58588419969131,9.16690545516589e-22,1.81843730553645e-20,"ENSG00000237940.3"
987.898814380758,1.179439331781,0.123110219312717,9.58035277952885,9.67140205183171e-22,1.91562269427539e-20,"ENSG00000030110.13"
399.705039299812,1.85121441740297,0.193262929653891,9.57873514966508,9.82406328980639e-22,1.94293212572815e-20,"ENSG00000197859.11"
51.2757362737552,3.14371398759967,0.328336601414678,9.57466811209778,1.02184969689462e-21,2.01790363885636e-20,"ENSG00000196748.10"
417.425729425239,1.79922305845679,0.187918913761502,9.57446497769932,1.02386032273536e-21,2.02035621041862e-20,"ENSG00000187741.15"
1158.68186029535,4.71944331642184,0.49292749163395,9.57431548558568,1.02534249668015e-21,2.02176310448169e-20,"ENSG00000105388.16"
9.23168246731092,1.9656581004176,0.205317149135836,9.57376482525161,1.03082048086284e-21,2.03104089347817e-20,"ENSG00000224367.6"
298.561943597434,2.93488217205786,0.306573150036108,9.57318725306566,1.03659730039323e-21,2.04089314183789e-20,"ENSG00000138316.11"
4.17638153876274,-3.95850473537479,0.413542174636763,-9.57219112863582,1.0466357941178e-21,2.05911491112217e-20,"ENSG00000225386.2"
712.699577625611,1.37799276705524,0.143979261256662,9.57077258924657,1.06109741714086e-21,2.08600482514064e-20,"ENSG00000132196.15"
130.819103726,-1.00848249283362,0.105414127710428,-9.56686276059615,1.10198845781701e-21,2.1615421362136e-20,"ENSG00000272631.1"
10.9390649788636,-1.63994384979899,0.171437321154425,-9.56585088215291,1.11282275202839e-21,2.18116578779374e-20,"ENSG00000262115.1"
151.108609988145,3.327762618182,0.34792768671742,9.56452373646465,1.12719255009048e-21,2.20768472329197e-20,"ENSG00000130822.16"
2853.6545776994,-1.31463656859459,0.13750551348653,-9.56060986400645,1.17064810562624e-21,2.28938354228274e-20,"ENSG00000100307.13"
262.188920257755,-2.42798980658333,0.253956093666973,-9.56066763953022,1.16999472871401e-21,2.28938354228274e-20,"ENSG00000180875.5"
1779.04816502562,-1.85159163097982,0.193675936519737,-9.56025649986274,1.17465212448847e-21,2.29550605502267e-20,"ENSG00000080200.10"
23.3945251808835,-3.61866642134018,0.378652779421514,-9.55668786287159,1.21585598924354e-21,2.3742614280295e-20,"ENSG00000158578.21"
3846.73590942157,1.01590271613089,0.106326739686087,9.55453650822158,1.24138329285856e-21,2.42231020560462e-20,"ENSG00000100997.20"
848.052066320167,-3.32069403900297,0.347585099024932,-9.5536144912955,1.2524853206212e-21,2.44216054652875e-20,"ENSG00000009950.16"
36114.609092147,-1.69505999242797,0.177450401626379,-9.55230293587565,1.26844723852146e-21,2.47145049794648e-20,"ENSG00000177469.13"
1738.16591575124,1.23084513320237,0.128882781206709,9.55011306924134,1.29554814342892e-21,2.52238425199154e-20,"ENSG00000235173.7"
52.6892222592475,6.66838993357479,0.698267408057178,9.54990861184337,1.2981074761841e-21,2.5254964399721e-20,"ENSG00000009709.12"
277.305652753839,-1.7654068544327,0.184865248269132,-9.54969563485815,1.30077877366809e-21,2.52882169283225e-20,"ENSG00000279118.1"
391.99416746303,-2.56716869850533,0.268864313321348,-9.54819427983007,1.31976468553185e-21,2.56383555022314e-20,"ENSG00000180139.11"
561.944564488656,-2.11730262271068,0.221804164275685,-9.5458199787405,1.35035083659763e-21,2.62131620303781e-20,"ENSG00000153162.9"
21.3577369859218,3.97244778188088,0.416177613109731,9.54507800695537,1.3600520926575e-21,2.63819994121105e-20,"ENSG00000170091.11"
5.4028265788672,-3.59351978673077,0.376576591308235,-9.54260001729478,1.39295413438689e-21,2.69804027031872e-20,"ENSG00000287652.1"
443.146236245512,-1.50289863563424,0.157635349998939,-9.53402035548725,1.51307343862327e-21,2.92423693093926e-20,"ENSG00000108622.11"
1291.8046435504,1.66774018414393,0.174973093438811,9.53140938053509,1.55162198714454e-21,2.9943342371591e-20,"ENSG00000073111.14"
585.933201544154,-2.37766981857697,0.249525595714215,-9.52876121494223,1.59171195505644e-21,3.0694465903671e-20,"ENSG00000178662.16"
613.983691651873,-1.26254243600144,0.132511128212596,-9.52782194998647,1.60617607344941e-21,3.09506832218067e-20,"ENSG00000136114.17"
58.4026999247692,-3.76529583207363,0.395262699023941,-9.52605910289948,1.63367479435293e-21,3.14575152342655e-20,"ENSG00000198099.9"
2040.24239683867,-1.35029028201505,0.141798764932682,-9.52258140369619,1.68929650431194e-21,3.25047359585175e-20,"ENSG00000162616.9"
3052.31900149434,-1.26796527307763,0.133175544997793,-9.52100682673114,1.71509225868568e-21,3.29769458136756e-20,"ENSG00000118762.8"
477.627308972247,-1.92961806057923,0.202753538116519,-9.51706233343413,1.7814370019422e-21,3.42025494222417e-20,"ENSG00000198774.5"
5458.3536950827,-1.98170835017908,0.208268454687877,-9.51516326919979,1.8142777114921e-21,3.4807646254641e-20,"ENSG00000158186.13"
311.071948892811,2.03769997230435,0.21424964847766,9.51086728395179,1.890794908877e-21,3.6196397221357e-20,"ENSG00000164045.12"
220.542086051223,-1.67190450132245,0.175849740291969,-9.50757446980892,1.95159782310308e-21,3.73060343145028e-20,"ENSG00000145335.17"
75.6632867760735,-3.85088815476664,0.405147515157511,-9.50490379601493,2.00233006945396e-21,3.82479967627383e-20,"ENSG00000174145.8"
52.3868162682719,4.02367679440394,0.423340805479995,9.50458057035581,2.00855790868705e-21,3.833909663902e-20,"ENSG00000224272.2"
834.32479744688,1.3667423161175,0.14387451460903,9.49954423708424,2.10810922910437e-21,4.01809593747493e-20,"ENSG00000144554.12"
2234.18809638016,-1.61437511156284,0.169951019571356,-9.49906105673595,2.11791288901645e-21,4.03385669383395e-20,"ENSG00000165410.15"
144.218151025102,1.66272536744203,0.175131792782406,9.49413776348363,2.22041292607405e-21,4.22296189210784e-20,"ENSG00000128408.9"
1059.11108265642,2.24687591504983,0.23675806868276,9.49017673421088,2.306428910021e-21,4.38338231894374e-20,"ENSG00000276168.1"
236.847649912137,2.0921932300617,0.220506541914375,9.48812317266362,2.352312312633e-21,4.46735381685302e-20,"ENSG00000155367.15"
25.8319459365891,4.07943296063817,0.430319260542309,9.4800148045827,2.54246998545206e-21,4.82500224531566e-20,"ENSG00000079393.20"
21727.3390616468,-2.39836734572984,0.253043513975156,-9.47808267460795,2.58998044678287e-21,4.91161948508232e-20,"ENSG00000151726.15"
142.165849064884,4.17271189749575,0.440353661514199,9.47581969262495,2.64674409289627e-21,5.01564684482232e-20,"ENSG00000107159.13"
28.9225747448748,4.09791490675458,0.432758884610797,9.46927966699067,2.81780096587595e-21,5.32827917892686e-20,"ENSG00000116014.10"
1333.86868083384,1.14489230847919,0.120907032045392,9.4691953735939,2.82007558875557e-21,5.32874671278587e-20,"ENSG00000198018.7"
14499.321155005,-2.85236067550626,0.30137836340754,-9.46438438133378,2.95295328472567e-21,5.57582069940586e-20,"ENSG00000182253.15"
4748.98866980721,1.63504759479831,0.172783961691573,9.46295928621512,2.99348964545249e-21,5.64425264283165e-20,"ENSG00000133195.11"
263.390201210822,1.62538975682734,0.171801056409486,9.46088336589294,3.05352529171412e-21,5.75332320913361e-20,"ENSG00000176890.16"
15.2210642344099,3.88122364977663,0.410344063621269,9.45846179794828,3.12506336366652e-21,5.88389437325293e-20,"ENSG00000106689.11"
824.360273813236,-2.03505157127177,0.215206388482047,-9.45627862456112,3.19097842793911e-21,6.003699141013e-20,"ENSG00000107736.21"
1318.6503607702,-2.2750645560576,0.240666591030962,-9.45317979662956,3.28690688717452e-21,6.17976113179507e-20,"ENSG00000154262.13"
5243.53946100817,-1.53846991504027,0.162782948474601,-9.45105079774565,3.35446055430184e-21,6.30226170187774e-20,"ENSG00000179776.19"
1960.28086782227,-1.75815508713651,0.186037170778026,-9.45055807817185,3.37028932396054e-21,6.32371293240625e-20,"ENSG00000152465.18"
295.755672718652,-3.91785938473382,0.414564358174092,-9.45054563298601,3.37069008457661e-21,6.32371293240625e-20,"ENSG00000153822.14"
50.9788966234931,-2.2391803028537,0.237268853572483,-9.43731243751155,3.82463218119411e-21,7.16511990381369e-20,"ENSG00000182950.3"
3052.97350959436,1.39252769775972,0.147557132688568,9.43721033600436,3.82835975141277e-21,7.1669948508642e-20,"ENSG00000129925.11"
5420.68672470496,1.60904680607279,0.170515937100964,9.43634262831434,3.86018381727775e-21,7.22142857319063e-20,"ENSG00000180921.7"
731.15649561137,1.58993921610662,0.168502964933961,9.43567501455976,3.88484722093703e-21,7.26239860278158e-20,"ENSG00000127586.17"
432.646428047805,1.07233429872208,0.113670023189097,9.43374751440126,3.95693213683531e-21,7.391897959103e-20,"ENSG00000167523.14"
647.684460704745,1.49747116252111,0.158797210609289,9.4300848029727,4.09757548725241e-21,7.64919560418624e-20,"ENSG00000119969.15"
80.8528375324777,-2.3295787808548,0.247039771988124,-9.42997462354679,4.1018819650376e-21,7.65180025330365e-20,"ENSG00000259134.7"
1464.18535829413,1.1148920875378,0.118246447961771,9.42854611496024,4.15812366494233e-21,7.75121435527264e-20,"ENSG00000126768.12"
20.9683803937311,3.92001972828855,0.416021981342534,9.42262645747311,4.39942922754439e-21,8.19522309119609e-20,"ENSG00000144583.5"
2359.04436958434,-1.23763053416526,0.131387236508881,-9.41971661061313,4.52307125048602e-21,8.41957540706618e-20,"ENSG00000188641.14"
4975.84764096165,-1.14466133185926,0.121534152109499,-9.41843351840685,4.57867702381951e-21,8.51705215103129e-20,"ENSG00000151491.14"
18.8037457645302,-2.3892318191626,0.253694412637539,-9.41775498452217,4.60835563896066e-21,8.56619657810764e-20,"ENSG00000236581.9"
2515.43326862566,-1.3902140291935,0.147625031632994,-9.41719716375519,4.6328967904053e-21,8.60572856812812e-20,"ENSG00000251322.9"
29.4857875846548,3.55997008665439,0.378100140130944,9.41541594092374,4.71212978085491e-21,8.74672451694847e-20,"ENSG00000287335.1"
10.2370628328103,-2.56735972832881,0.272716435663485,-9.41402641202296,4.77486857637423e-21,8.85692629932393e-20,"ENSG00000224613.7"
5726.97733057826,1.69440828718099,0.180053754286198,9.4105690486615,4.9345804188996e-21,9.14672156067398e-20,"ENSG00000140937.14"
112.831026750865,-2.66444473056254,0.283154451239014,-9.40986348229237,4.96781722557185e-21,9.20183988420934e-20,"ENSG00000184905.9"
663.230822823008,1.93791955264814,0.205979198472949,9.40832650585658,5.04098733856804e-21,9.33079656386778e-20,"ENSG00000167702.13"
2497.13656441312,-1.68798332066971,0.179418199170763,-9.40809420934584,5.05213850461623e-21,9.34485633042456e-20,"ENSG00000122591.12"
11.7525081055766,-2.77689058273453,0.295185419334617,-9.40727556596113,5.09163152090104e-21,9.41128290403396e-20,"ENSG00000281128.2"
803.195798934085,-2.13698030668912,0.227205081357355,-9.40551282534047,5.17770925844915e-21,9.55694593743522e-20,"ENSG00000135604.10"
1032.99733382047,1.09120119740994,0.116026650267788,9.40474619315014,5.21559288733295e-21,9.62011532987083e-20,"ENSG00000165724.6"
139.987511382475,1.90390832299878,0.202444212179404,9.40460733602772,5.22248386779075e-21,9.62607054565302e-20,"ENSG00000166246.14"
2188.19593432929,-1.94893417258208,0.20726370303416,-9.40316198182019,5.29474846104737e-21,9.75242947092985e-20,"ENSG00000186469.8"
1196.81733696334,1.31801204040781,0.140185247756505,9.40193109832167,5.3570690967441e-21,9.86030841308276e-20,"ENSG00000007376.8"
102.047328015676,-1.93020371398922,0.205303143042008,-9.40172510458972,5.36756936066331e-21,9.87272169878758e-20,"ENSG00000279026.1"
300.917537476276,-2.20814118349088,0.234897577412468,-9.40044255804944,5.43340495066029e-21,9.9868262743465e-20,"ENSG00000160801.14"
2366.95843767622,1.21169554742414,0.128907846771467,9.39970356942102,5.47170066682118e-21,1.00501873044534e-19,"ENSG00000160767.21"
321.031082139103,2.00582544747238,0.213415415355701,9.39869054973962,5.52463130307546e-21,1.01403218694159e-19,"ENSG00000147536.12"
980.348692875245,1.11967323317768,0.119224093202256,9.39133360635618,5.92452988353797e-21,1.08667371569373e-19,"ENSG00000163918.11"
620.657745574281,1.05882557529883,0.112757167659345,9.39031723905737,5.98198092265463e-21,1.09644621039787e-19,"ENSG00000140650.12"
12.303630716933,4.3631497301704,0.464689984682952,9.38937759363865,6.03558520004385e-21,1.10550049754671e-19,"ENSG00000099617.4"
396.6494336198,-2.74845038972236,0.292759311081091,-9.38808873259396,6.10988478349449e-21,1.1183301646892e-19,"ENSG00000146477.6"
3149.2447410335,-2.44274959988283,0.260258439117934,-9.3858612545352,6.24043185661064e-21,1.14143013861624e-19,"ENSG00000109610.6"
33.5690726490474,3.86993293345393,0.412420629451861,9.38346110037554,6.38418776213414e-21,1.16691231668939e-19,"ENSG00000130427.3"
484.991243872111,1.57633345300327,0.168015783682052,9.38205577153555,6.4698743364163e-21,1.18093178512754e-19,"ENSG00000097046.13"
510.70796033436,-1.98949221530852,0.212052522846532,-9.38207284026686,6.46882681877549e-21,1.18093178512754e-19,"ENSG00000172935.9"
998.518705929824,1.12883094712751,0.12034766475632,9.37974949005597,6.61296583498111e-21,1.20621231094132e-19,"ENSG00000197620.11"
11.4172440472776,-4.52840353637535,0.482835782407397,-9.37876541336048,6.67497067795009e-21,1.2166777343914e-19,"ENSG00000197254.4"
1450.90801056113,-1.30794414347841,0.139506671336139,-9.37549531467884,6.885172381639e-21,1.25412245931393e-19,"ENSG00000178385.15"
3477.89295700236,-1.92749964466478,0.205606179510549,-9.37471650537566,6.93619164753667e-21,1.2625405904699e-19,"ENSG00000170271.11"
1983.95094944093,1.08154602512904,0.115378176961954,9.37392194613785,6.98862797778591e-21,1.27120482884515e-19,"ENSG00000172172.8"
68.2468966392419,3.7006903737514,0.394847956760079,9.37244402660046,7.08720707446639e-21,1.28824447265058e-19,"ENSG00000217275.2"
7.74646433670558,-3.86068028080008,0.412079807068271,-9.36876841470774,7.33837798225064e-21,1.33297807108138e-19,"ENSG00000285691.2"
13533.8120458663,1.07577627055593,0.114841415138244,9.36749402870842,7.4275016268901e-21,1.34823517100262e-19,"ENSG00000179222.18"
22.1337512226145,-1.68384566162725,0.179822993196404,-9.36390631529606,7.68419629548831e-21,1.39386760131549e-19,"ENSG00000183638.6"
152.03713616484,5.44572544139369,0.581728135135077,9.3612894279717,7.87694483616235e-21,1.42784564188752e-19,"ENSG00000287900.1"
157.046029048838,-2.14847797525659,0.22958242136212,-9.35819895316721,8.11074088432951e-21,1.46921235977751e-19,"ENSG00000169432.18"
37.0197348204143,1.99056475496482,0.212774641616163,9.35527250731183,8.33844872098047e-21,1.50942001502927e-19,"ENSG00000253161.5"
18.5388200242915,-2.84622254853053,0.304290930337623,-9.35362268396409,8.46959701803775e-21,1.53210521694497e-19,"ENSG00000226009.2"
139.280250059544,1.26495743993156,0.135271041760362,9.35128038839598,8.65930234524758e-21,1.56426874805833e-19,"ENSG00000166578.10"
54.6514153558451,2.55061105120055,0.272832256454388,9.34864185176343,8.87803684255734e-21,1.60268077177045e-19,"ENSG00000143473.13"
2830.71522895479,1.05003859562546,0.112336992481348,9.34722011362202,8.99815503720314e-21,1.6232498764437e-19,"ENSG00000164934.14"
12.7292284429426,1.7844582666193,0.190917392305166,9.34675591926684,9.03772031618769e-21,1.6292691412255e-19,"ENSG00000274270.1"
28.019452789815,-1.75914917690651,0.188334681468387,-9.34054823673991,9.58365794359949e-21,1.72650353248505e-19,"ENSG00000264176.1"
979.356120061456,2.73620253062086,0.293013735442743,9.33813743061045,9.80436038674135e-21,1.76505348222678e-19,"ENSG00000154451.14"
76.290670972303,3.96530355611983,0.424649030346569,9.33783730268647,9.8321856793171e-21,1.76885125527153e-19,"ENSG00000260284.1"
5674.41484976802,-1.48136242511535,0.158658860121511,-9.33677718332799,9.93109741216182e-21,1.78542383297716e-19,"ENSG00000111859.17"
247.608553519926,-2.65972915698468,0.284886654365961,-9.33609600949589,9.99517120046093e-21,1.79571483139382e-19,"ENSG00000149575.9"
348.860573824997,-1.51882946604225,0.162743979207125,-9.33263075808922,1.03275096876612e-20,1.85415481304978e-19,"ENSG00000171408.14"
361.155641220671,-1.89617632454997,0.203193677207606,-9.33186677168412,1.04022379903225e-20,1.86629640503507e-19,"ENSG00000186994.11"
10.637929243623,-2.99048168190895,0.320511485911722,-9.3303416986829,1.05530136592431e-20,1.89205600968311e-19,"ENSG00000229558.2"
415.69980575381,2.4126792164153,0.258592812388132,9.33003200720837,1.05838941268618e-20,1.89629906769214e-19,"ENSG00000149380.12"
6165.5916918261,-2.49001983854619,0.26689608391035,-9.32954804755617,1.06323305329782e-20,1.90367967117711e-19,"ENSG00000162772.17"
17120.0214044828,-2.02578049874763,0.217145759649765,-9.32912759620553,1.06745886999504e-20,1.90994478821985e-19,"ENSG00000076706.17"
3610.33952295052,-1.27293533236887,0.136477745066053,-9.32705425161293,1.08854148610097e-20,1.94634179732502e-19,"ENSG00000150764.14"
116.548939571975,-2.3389834234875,0.250950935989143,-9.32048097078505,1.15814096279832e-20,2.06937981415303e-19,"ENSG00000274021.1"
829.469257827708,1.63382027472048,0.175395966945103,9.31503901245261,1.21907730547382e-20,2.17530399844358e-19,"ENSG00000100625.9"
8.41925168367318,2.75017402114989,0.295385683943244,9.31045128672626,1.2729034330663e-20,2.26827076845522e-19,"ENSG00000264269.1"
32.588437116675,-2.8622121154158,0.307503769750158,-9.30789277068475,1.30393544641197e-20,2.3219945307244e-19,"ENSG00000089250.19"
80.77282438038,-2.86625521204185,0.307978766994779,-9.30666500165071,1.31909141592841e-20,2.347393282076e-19,"ENSG00000158104.11"
419.172893244356,-1.95468936259957,0.210192829137983,-9.29950546179857,1.41100432697114e-20,2.50925830379631e-19,"ENSG00000198885.10"
5517.0973382319,1.23225381723159,0.132510955873929,9.29925989217037,1.4142667718641e-20,2.51335955589425e-19,"ENSG00000100911.16"
2394.6829693561,1.03907371872177,0.111739473401961,9.29907477712823,1.41673099419332e-20,2.51603766563359e-19,"ENSG00000185900.11"
50.7997814067857,3.48926131099562,0.375263223282335,9.29817017632559,1.42883409765598e-20,2.53581873212625e-19,"ENSG00000109255.11"
5190.31431840397,-1.54020526392319,0.16566867723756,-9.29690083608634,1.44598979401566e-20,2.56280483788992e-19,"ENSG00000174099.12"
245.803345555531,-3.36069240976643,0.361590870028727,-9.29418491539744,1.48338375000505e-20,2.62730852325693e-19,"ENSG00000224940.9"
920.843992778448,-1.90247982000388,0.204749954237047,-9.29172280938,1.51810852508294e-20,2.68700097463164e-19,"ENSG00000092607.15"
3.38235684256471,-3.61453174416319,0.38901096841455,-9.29159339361185,1.51995583481294e-20,2.68846023971893e-19,"ENSG00000231749.3"
170.559357498765,-2.45906431565721,0.264673716584707,-9.29092751402917,1.52949594696826e-20,2.70351523000093e-19,"ENSG00000075035.10"
2580.67199495239,1.37510631701564,0.148011009258573,9.29056780238115,1.53467417229622e-20,2.71084515756948e-19,"ENSG00000074071.15"
17249.7905263677,1.30886987723155,0.14091010349003,9.28868721840204,1.56202962266721e-20,2.75731273352485e-19,"ENSG00000092820.18"
11.6434935278678,2.83413854093308,0.305144637537702,9.28785301227162,1.57431804276736e-20,2.77713929101324e-19,"ENSG00000176177.10"
1605.50910068557,-1.33531754520262,0.143778475239242,-9.2873258182819,1.58213320892453e-20,2.78905360585999e-19,"ENSG00000126785.13"
3.57937153331676,-2.64931378978548,0.285273666077465,-9.28692026226519,1.58817129831748e-20,2.79782134081613e-19,"ENSG00000277288.5"
3533.58372877268,2.62633775380851,0.282858562338725,9.284985867472,1.61728637511758e-20,2.84720395737378e-19,"ENSG00000172379.21"
854.595572870104,1.41370773784949,0.152305741734863,9.28203836405922,1.66266772622969e-20,2.92513778555696e-19,"ENSG00000159259.8"
12170.3011127696,1.21297551265542,0.130708733292393,9.27998827700377,1.69497212955233e-20,2.97997641827114e-19,"ENSG00000108639.8"
36.6003054354074,3.78614202775468,0.408010195609288,9.27952798361026,1.70231011688211e-20,2.99087694599795e-19,"ENSG00000211891.6"
47.3292214822348,2.26697553039435,0.24431191067912,9.27902173943458,1.71041692545148e-20,3.00311279015141e-19,"ENSG00000095587.9"
3599.04404684291,-1.63353728604868,0.176064191202754,-9.27807792651897,1.72563285459179e-20,3.02780600467895e-19,"ENSG00000162618.15"
19.6917639355027,-2.95469045139444,0.318527002348986,-9.27610667103572,1.75784598547703e-20,3.08226977199989e-19,"ENSG00000237813.4"
290.494610285832,-2.86748867990086,0.309141248817863,-9.27565858928875,1.76525081438192e-20,3.09319016034763e-19,"ENSG00000231290.6"
233.889767325155,1.5196368191716,0.16393589806098,9.26970137197366,1.86667814964335e-20,3.26656248237189e-19,"ENSG00000054967.13"
608.91451348958,1.84486610696537,0.199020964728211,9.26970738728342,1.86657288172431e-20,3.26656248237189e-19,"ENSG00000163704.12"
112.25304258932,2.12998664129701,0.229815781187472,9.26823488922844,1.89251753407853e-20,3.30957623857086e-19,"ENSG00000204052.4"
573.576772647519,-2.83685836391311,0.30611888994628,-9.2671783972918,1.91135174918869e-20,3.33882558762239e-19,"ENSG00000117594.10"
3167.09831351287,-2.12459581616473,0.229260865980274,-9.26715428331122,1.9117837883776e-20,3.33882558762239e-19,"ENSG00000147251.15"
471.370519008567,-1.46430473315109,0.158019591591549,-9.26660244089259,1.92169732886094e-20,3.35391053066275e-19,"ENSG00000104967.8"
3.24245134361566,-3.51155205098446,0.379035821932873,-9.26443319546286,1.96116162243139e-20,3.42051573218226e-19,"ENSG00000282142.2"
43.3571681795735,2.07655761498929,0.224239034261893,9.26046449417027,2.03544786421775e-20,3.54772623760606e-19,"ENSG00000121594.12"
4778.34893449042,-2.76109567175707,0.298294097472025,-9.25628664850139,2.11665545555195e-20,3.68682385644318e-19,"ENSG00000106809.11"
2270.08370046678,1.53371445769447,0.165697832395576,9.25609246373836,2.12050687937638e-20,3.69108627930655e-19,"ENSG00000160325.15"
12.2719913971359,-2.50677634856588,0.270882270814987,-9.2541174474944,2.16007473333025e-20,3.75747215690617e-19,"ENSG00000283213.1"
19574.7712695969,-1.91339062203328,0.206767421713822,-9.25383025127391,2.1658889449152e-20,3.76509424789358e-19,"ENSG00000065534.19"
377.903142629506,5.57194301747508,0.602290585338351,9.25125371890863,2.21874708738679e-20,3.85443149007763e-19,"ENSG00000248779.1"
81.7665155224558,-2.4668425318392,0.266669256465187,-9.25056965522848,2.23299377411394e-20,3.8766187819558e-19,"ENSG00000180871.8"
4233.28084889056,-1.72357739443546,0.1863450867704,-9.2493846996842,2.25788665417633e-20,3.91724705071754e-19,"ENSG00000157617.17"
6465.14682388724,-1.7871700811782,0.193227612639802,-9.24904084236493,2.26516143732383e-20,3.92727593790367e-19,"ENSG00000122729.19"
1245.45229091849,1.28845731581191,0.139336605732073,9.2470841315702,2.30700169623605e-20,3.99718078997155e-19,"ENSG00000099364.18"
35.2655301149567,-1.47089442372779,0.159100145215482,-9.24508536265406,2.35053013308848e-20,4.06723726254757e-19,"ENSG00000250654.7"
2374.06188706926,1.07235879117366,0.116073901829964,9.23858657516786,2.49774727126229e-20,4.31062306486265e-19,"ENSG00000214160.10"
23.6157175518516,1.95987846809416,0.212156276626179,9.23790000117453,2.51382285144976e-20,4.33267671000036e-19,"ENSG00000280721.1"
5048.88939142885,1.76877005976491,0.191553564456633,9.23381438910972,2.61162158460213e-20,4.49828713824918e-19,"ENSG00000143578.16"
524.232488504478,2.24631345057251,0.24338839436179,9.22933674164192,2.72312831421492e-20,4.68727600594793e-19,"ENSG00000186193.9"
13.0488939753044,-2.61568527783646,0.283415403356396,-9.2291570848294,2.7276991884378e-20,4.69207103854052e-19,"ENSG00000279965.1"
666.100670995889,-1.61683598901839,0.175219451488859,-9.22749144161765,2.77043970110431e-20,4.76247463072764e-19,"ENSG00000123700.5"
2732.87544363002,1.14175807618343,0.123737188070442,9.22728319584447,2.7758296505162e-20,4.76862134210247e-19,"ENSG00000162702.8"
972.066828966688,-2.12362546741211,0.230168073596408,-9.22641196161646,2.79849212902631e-20,4.80441326710173e-19,"ENSG00000138131.4"
1128.74411566482,1.16593463317157,0.12637083584178,9.22629517645468,2.80154380582119e-20,4.80651288460863e-19,"ENSG00000130695.16"
80.1509571523843,-2.37169725204545,0.25706217400416,-9.22616196347533,2.80502876968031e-20,4.8093526537689e-19,"ENSG00000151079.7"
2503.513615477,1.18927116698048,0.128913931668533,9.22531142745971,2.8273807681474e-20,4.84451604367576e-19,"ENSG00000153406.14"
1283.58866039597,1.0273612178073,0.11137910752005,9.22400296323404,2.86211134315271e-20,4.90082961194957e-19,"ENSG00000181588.16"
2177.37149492357,-1.25773406365931,0.136375731788786,-9.22256509396587,2.90076324404745e-20,4.96055049489546e-19,"ENSG00000172059.11"
16.2958643602492,2.7301177861042,0.296030827763377,9.22241040479214,2.9049521221459e-20,4.9644838477557e-19,"ENSG00000258947.7"
43.4901451989586,2.23167378194846,0.241995155012512,9.22197711699257,2.91671712394769e-20,4.98135106470703e-19,"ENSG00000287750.1"
915.601788882802,-1.5087083803182,0.163651923121557,-9.21900795016976,2.99861568906667e-20,5.11789706307977e-19,"ENSG00000159899.15"
835.568362390506,-2.80033752423836,0.303779721403088,-9.21831619077223,3.0180206727069e-20,5.1476739364976e-19,"ENSG00000105609.17"
28.9139252129891,-2.23457170424192,0.242410772622481,-9.21812046580099,3.02353357520768e-20,5.15373258694933e-19,"ENSG00000280304.1"
6.15011956802308,-3.40965005071536,0.369943637062207,-9.21667440422016,3.06457384583156e-20,5.22030194192072e-19,"ENSG00000228868.3"
326.483528587761,1.86606022601438,0.202469674776245,9.21649243560356,3.06977710197958e-20,5.22577858474295e-19,"ENSG00000140534.14"
1008.43829293161,1.16126659747871,0.126059064428702,9.21208326225137,3.19855837567623e-20,5.43796302369173e-19,"ENSG00000143793.13"
275.139825906754,1.61636537006402,0.175465583597335,9.21186558027993,3.20505286600578e-20,5.44548219328351e-19,"ENSG00000196584.3"
4525.22985857586,1.13098037489113,0.12280889641046,9.20927072832808,3.28348083634349e-20,5.57153068447078e-19,"ENSG00000125835.19"
245.611491656783,-2.6782869524671,0.290823452851466,-9.20932244702767,3.2818992903778e-20,5.57153068447078e-19,"ENSG00000174899.12"
24018.2854511817,-2.36591430558949,0.256968271353657,-9.20702891888689,3.35276385202579e-20,5.68175661422605e-19,"ENSG00000128016.7"
30.8184060846988,-1.83300787267375,0.199127050101859,-9.20521783321808,3.40978912918405e-20,5.77467122883207e-19,"ENSG00000267532.5"
97.4726510512306,2.24510984749386,0.244028274124011,9.20020376963748,3.57271605730614e-20,6.04281009332268e-19,"ENSG00000259807.2"
3546.91508558867,-1.09740157338493,0.119287860886554,-9.19960811795076,3.59257546542208e-20,6.07249218862727e-19,"ENSG00000107186.17"
6.79143928818932,-4.63840326037044,0.504299438531693,-9.19771648740182,3.65637003535118e-20,6.17635154300581e-19,"ENSG00000205835.9"
1070.83400465219,-1.65614327095255,0.180124515351398,-9.19443568090463,3.76968028047802e-20,6.36366579910624e-19,"ENSG00000119865.9"
8547.16463514201,1.68650975456845,0.183551280081197,9.18822115445014,3.99391095655859e-20,6.73786621195032e-19,"ENSG00000076554.15"
41.5770433461649,2.30014711669779,0.250360459919259,9.18734179286774,4.02668673831813e-20,6.78880270878472e-19,"ENSG00000177807.10"
207.328245413882,1.46859816685141,0.159852243964249,9.18722271537122,4.03114541574709e-20,6.79196321201901e-19,"ENSG00000185480.12"
16.8105609060397,3.46105368834428,0.376807770909929,9.18519721604042,4.10773907131507e-20,6.91657999682545e-19,"ENSG00000159217.10"
2555.77333858233,-3.18567970607084,0.346850736277145,-9.18458395177048,4.13121193383915e-20,6.94720246123021e-19,"ENSG00000091513.16"
10068.0679072986,1.1051595552208,0.120327386959389,9.18460529350475,4.13039285050608e-20,6.94720246123021e-19,"ENSG00000119383.20"
6904.58997980661,-1.40329566818158,0.152812452453046,-9.18312379426516,4.18763489795871e-20,7.03758284257971e-19,"ENSG00000113580.15"
1920.51083329205,1.92791080824105,0.209945287001742,9.18292015874139,4.19556400805473e-20,7.04640283627543e-19,"ENSG00000203499.12"
88.6509795968352,-2.83489954826027,0.308815749640564,-9.17990598458743,4.31467966446354e-20,7.24182888255171e-19,"ENSG00000204065.3"
585.022762614049,1.67108401414455,0.182098679311691,9.17680468886994,4.44072737878408e-20,7.44863295621957e-19,"ENSG00000185842.15"
4.5124657151118,-4.37584862257462,0.477002288146836,-9.17364283424064,4.57298323936233e-20,7.66069416592731e-19,"ENSG00000256713.8"
467.103315849066,-2.47997685798404,0.270394927614949,-9.17168409873283,4.65685973097374e-20,7.79623574324292e-19,"ENSG00000150471.16"
704.441618661784,-1.7785551431762,0.193927472675485,-9.17123870403035,4.67614351732969e-20,7.8235363596113e-19,"ENSG00000215386.13"
1314.62559756464,1.00532203446398,0.109622079920803,9.17079875870157,4.69526885583877e-20,7.85053731595841e-19,"ENSG00000157778.9"
9.45691631678826,-2.34444626195556,0.255656318159176,-9.17030441037594,4.71685147394397e-20,7.88160992632825e-19,"ENSG00000281692.2"
6581.06098001801,1.1163610130359,0.121747980494602,9.16944173119485,4.75475009057982e-20,7.93988890602286e-19,"ENSG00000013306.16"
53.5774241973619,-2.37303597081534,0.258845051290223,-9.16778574280965,4.82834523943305e-20,8.05766516020687e-19,"ENSG00000172554.12"
47.1755994510174,-1.96206016450805,0.21402881847357,-9.16727092408047,4.85145333768138e-20,8.09109134058485e-19,"ENSG00000135298.14"
1440.14107200866,-1.73974282698226,0.189785850155271,-9.16687321820309,4.86937953763493e-20,8.11583841263136e-19,"ENSG00000153956.16"
37.3908355981479,-3.34243360087499,0.364889674293254,-9.16012108961118,5.18391155384449e-20,8.62912801021206e-19,"ENSG00000261054.1"
1595.34524450221,-1.51343251875346,0.165224633200838,-9.15984795629001,5.19704887716342e-20,8.64552105616224e-19,"ENSG00000255248.9"
150.884238166657,-1.41661632854553,0.154713861953703,-9.1563633061493,5.36757196638145e-20,8.92354595600064e-19,"ENSG00000102053.12"
25439.746757236,-1.80739290321731,0.197401699186895,-9.15591360490831,5.38997740379794e-20,8.95513059933155e-19,"ENSG00000134531.10"
383.203894444446,-2.33128637581078,0.254636701939292,-9.15534311454671,5.41853398130832e-20,8.99688863958989e-19,"ENSG00000136842.14"
48.9467867263544,2.97651045101903,0.325203989193446,9.15274888970834,5.55028874958061e-20,9.20983519532681e-19,"ENSG00000262152.7"
1379.46518147072,-1.20679628170295,0.131863180850249,-9.15188207899714,5.59501403824353e-20,9.27819236474404e-19,"ENSG00000120318.16"
28.8528003072244,-1.71845507993595,0.187776620627573,-9.15159232386151,5.61004398741796e-20,9.29725070399078e-19,"ENSG00000255920.3"
13.0555201779971,-1.96433707974367,0.214706345780811,-9.14894747335052,5.74909342792354e-20,9.52168693506883e-19,"ENSG00000259236.1"
108.160267281492,-1.93506075749416,0.211524159093788,-9.14817846710442,5.7901583445809e-20,9.58366007109347e-19,"ENSG00000213904.9"
803.302872729919,-1.10909983990445,0.121238646090999,-9.14807180436495,5.79587698110411e-20,9.58708814168285e-19,"ENSG00000135338.14"
18.4276380647045,-3.96252101059701,0.433170067263937,-9.1477258242375,5.81446487718583e-20,9.61178583848757e-19,"ENSG00000287666.1"
63.6715542746242,-1.98235748686068,0.216767879402928,-9.14507025819945,5.95911155429956e-20,9.84470698260275e-19,"ENSG00000166924.9"
663.695542122175,1.01820405449398,0.111343190449791,9.14473575241341,5.97758222861577e-20,9.86901829754628e-19,"ENSG00000153363.13"
34.2174442068475,2.32731467250033,0.25450515853876,9.14446954970421,5.99232178414953e-20,9.8871428609282e-19,"ENSG00000266088.6"
11.4349288516468,2.77847281339194,0.303987911672713,9.1400766500984,6.24080808132289e-20,1.02777819304192e-18,"ENSG00000273445.1"
1786.72412968167,1.11460794956124,0.121958296240796,9.1392548429879,6.28841215220232e-20,1.03496947406691e-18,"ENSG00000131462.8"
195.552646122049,1.66376087364989,0.182057679799627,9.13864702374007,6.32385147316381e-20,1.04015088936569e-18,"ENSG00000261061.1"
5.93822029987354,-3.71733393275949,0.406786270635057,-9.13829743308729,6.34432394650979e-20,1.04286560731747e-18,"ENSG00000261472.1"
1200.45295972609,-2.6120793493626,0.285845274170492,-9.13808827850213,6.35660361178064e-20,1.04423105832527e-18,"ENSG00000164638.10"
26.1228892617193,1.94580121451637,0.213041884693099,9.13342095766484,6.63682062306446e-20,1.08822328918669e-18,"ENSG00000176912.5"
34.5956055307858,3.21714223729076,0.352311991043076,9.13151501816869,6.75472951984867e-20,1.10686602680613e-18,"ENSG00000165164.14"
10.9223824237525,-1.99643414438838,0.218796537230503,-9.12461490322916,7.1991747890043e-20,1.17822609062384e-18,"ENSG00000277152.1"
88.7862888408903,-2.88217560539859,0.315873035609285,-9.12447496456665,7.20848116142162e-20,1.1790150519403e-18,"ENSG00000134765.10"
804.108279395579,1.08328104000582,0.118750899560631,9.12229754901966,7.35482764743496e-20,1.20220329530585e-18,"ENSG00000161036.13"
10.6570299070896,3.78144950576099,0.414548542632184,9.12184971571871,7.3852891387222e-20,1.20643219218256e-18,"ENSG00000117598.13"
18.9338775397532,-5.02766209317183,0.551525791171631,-9.11591474714417,7.80095687741745e-20,1.27354255009963e-18,"ENSG00000197891.12"
787.819222419013,1.78884213976785,0.196267924532194,9.11428672836667,7.91896490401743e-20,1.29200542232895e-18,"ENSG00000168502.17"
708.906218805179,-1.27920154992081,0.140373582084569,-9.11283683813203,8.02554548835126e-20,1.30858211920487e-18,"ENSG00000138639.18"
36.1767893459165,1.81576321725702,0.199264080097107,9.11234586972294,8.06195664562559e-20,1.31370408229153e-18,"ENSG00000255624.3"
43.8268411853222,3.19717184361879,0.350869769103014,9.11213254932802,8.07782773086056e-20,1.31547474645563e-18,"ENSG00000277893.2"
105.102370505213,2.47103387439915,0.271201820195213,9.11142068523172,8.13101438036991e-20,1.32249741320323e-18,"ENSG00000049249.9"
153.090364666664,-1.83805592169827,0.201729611310582,-9.11148298832744,8.12634564110895e-20,1.32249741320323e-18,"ENSG00000164776.10"
783.219806580094,1.0066213983403,0.110497764187197,9.10988023825494,8.24729603627081e-20,1.3397523425052e-18,"ENSG00000146733.14"
9.00254064695178,-2.12572185270865,0.233378256590038,-9.10848287140469,8.35419803572815e-20,1.3546066697784e-18,"ENSG00000259660.2"
7088.893034747,-2.09840010099639,0.230526973689231,-9.10262286193546,8.81761740998747e-20,1.42886717635087e-18,"ENSG00000146648.19"
93.8090270851774,-1.66451749641575,0.182881930433402,-9.10159627291281,8.90137748740411e-20,1.44155148415853e-18,"ENSG00000140459.18"
954.194349087274,1.56142363440334,0.171628032752336,9.09771911594723,9.22487091933934e-20,1.49210158303948e-18,"ENSG00000181444.13"
463.552822825876,2.52557937116209,0.277700202949624,9.09462558664474,9.49129251140888e-20,1.53330751302932e-18,"ENSG00000124249.7"
31.6611550343534,1.39355173067993,0.153251153974465,9.09325440324012,9.61180082677044e-20,1.55182170104935e-18,"ENSG00000203288.4"
1111.34518616649,2.10461552857392,0.231624112035693,9.08634040764117,1.0242868024258e-19,1.65269210036584e-18,"ENSG00000183248.12"
48.6749197248045,3.17424821302799,0.349492792595871,9.082442557545,1.0616511831355e-19,1.71087919666055e-18,"ENSG00000108878.5"
1492.50120006992,-1.15853021116557,0.127595835913856,-9.07968667525898,1.0888785213766e-19,1.75368155979551e-18,"ENSG00000075651.16"
120.66661558574,-1.95568767854683,0.215480408654166,-9.07594194182914,1.12698434429907e-19,1.81394099850317e-18,"ENSG00000185739.13"
22.6610383743236,-2.44818081779634,0.269796322114339,-9.0741815848728,1.14534994741412e-19,1.84237319570579e-18,"ENSG00000254862.5"
20.2787506388211,-2.22463948397554,0.245187458030727,-9.07321892336248,1.15551806379866e-19,1.85759246415192e-18,"ENSG00000238120.1"
4106.38640386565,1.05469920713046,0.116276387030589,9.07062245452297,1.18339021823132e-19,1.90007504557068e-18,"ENSG00000101199.13"
35.789731228681,-2.19572977411706,0.242107079384521,-9.06925059646745,1.19838382004373e-19,1.92297437887847e-18,"ENSG00000185610.6"
93.4943204561589,-2.42981465167698,0.267922544428963,-9.06909366979837,1.20011085708758e-19,1.92457069967602e-18,"ENSG00000139874.6"
3480.87049885371,1.03613540775951,0.114272821079017,9.06720774000187,1.22105962448308e-19,1.95697141279959e-18,"ENSG00000177628.16"
1582.02613050775,1.04085775695928,0.114796977050784,9.06694395357484,1.22401840723782e-19,1.96051796562089e-18,"ENSG00000129235.11"
1137.4031902655,1.57954260168969,0.17425271974438,9.0646654124354,1.24987255618741e-19,2.00070951685931e-18,"ENSG00000167700.9"
12152.8740197851,-2.21624898535809,0.244564814218803,-9.06201079021652,1.28067527085884e-19,2.04876864389858e-18,"ENSG00000111275.13"
549.978736803432,1.30262170226984,0.143802019815311,9.05843814949768,1.32331727736148e-19,2.11441163028384e-18,"ENSG00000114268.12"
6816.35951611825,1.13566039056223,0.125373173459486,9.05824076415531,1.32571368615357e-19,2.11695373796236e-18,"ENSG00000172531.16"
445.793946228722,-1.58028774305459,0.174496306591535,-9.05628190030269,1.34972947753027e-19,2.15399451046785e-18,"ENSG00000162882.15"
12.163513740863,-2.64183283915832,0.291781688200125,-9.05414200409439,1.37645626786526e-19,2.19531411071423e-18,"ENSG00000281974.1"
32.8997777631401,3.40044481795822,0.37563840797863,9.05244177840215,1.39806395493669e-19,2.22842407468502e-18,"ENSG00000284395.2"
12818.922868221,2.16964331473671,0.239735730475029,9.05014580195296,1.42777568062676e-19,2.27440339330871e-18,"ENSG00000013588.9"
1489.42099107317,-1.42711087043763,0.157695396251407,-9.04979412437914,1.43238143815499e-19,2.28035819021597e-18,"ENSG00000197872.11"
1718.39980176436,-1.72736324062451,0.190938054062203,-9.04672067131141,1.47326295223172e-19,2.34402199978562e-18,"ENSG00000120156.22"
2037.57307978075,-1.36028777807445,0.150387924705637,-9.04519282872621,1.4940124735949e-19,2.37559732945968e-18,"ENSG00000154265.16"
4.09865494858598,-3.10055162838732,0.342834373338723,-9.04387619652114,1.51212504214276e-19,2.40294405125032e-18,"ENSG00000130368.7"
8.86197929117357,-2.09959495334645,0.23218679124161,-9.04269765785962,1.52852184083515e-19,2.42753281356562e-18,"ENSG00000228139.1"
3382.49790707696,1.41088819354761,0.156058086445135,9.04078875812454,1.55545355551114e-19,2.46881287759993e-18,"ENSG00000176619.13"
285.85993954029,-2.50870907938543,0.277534301069154,-9.0392757569823,1.57713239605388e-19,2.50171079649247e-18,"ENSG00000163687.14"
116.832752814285,1.87976763280744,0.207963233357594,9.03894213634948,1.581952665134e-19,2.50784341679023e-18,"ENSG00000272079.2"
5584.5236738247,1.26049800000853,0.139460488636931,9.0383879500816,1.58999194202364e-19,2.51906860784505e-18,"ENSG00000099219.14"
13.563619225148,-1.75167139263697,0.19391550413489,-9.03316834026065,1.6677184430024e-19,2.64062117806477e-18,"ENSG00000225039.1"
3537.65096621904,-1.87287262995594,0.207354642392904,-9.0322194301642,1.68224687861741e-19,2.66202149052258e-18,"ENSG00000154856.13"
2844.2412034798,1.41922301949975,0.157199424704817,9.02816929619633,1.7456761408869e-19,2.75741296196342e-18,"ENSG00000173457.11"
24.375639307458,-2.5108015788511,0.278121273348213,-9.02772214661742,1.7528222069096e-19,2.76703777095567e-18,"ENSG00000172399.6"
640.819054355229,2.75044970111863,0.304672007931424,9.0275759817676,1.75516438542768e-19,2.76907207122335e-18,"ENSG00000267795.6"
756.887899100829,-1.8106032331093,0.200604057063268,-9.02575580781128,1.78459160297066e-19,2.81380957963292e-18,"ENSG00000106852.15"
2000.29991314314,-1.60588121645181,0.177945530324607,-9.02456618900387,1.80408737378249e-19,2.84284367700833e-18,"ENSG00000122707.12"
4021.05565208862,1.43597947864445,0.15913646894138,9.02357258645354,1.82053196405955e-19,2.86703787557466e-18,"ENSG00000197496.6"
1687.14153604115,1.77461578475681,0.196707230164763,9.0216093392723,1.85346131260995e-19,2.9154025817259e-18,"ENSG00000136379.12"
166.253571095469,2.19972205065463,0.243876820689234,9.0198078047675,1.8841957423729e-19,2.96197373759147e-18,"ENSG00000263006.6"
433.024305925944,-2.37332865744793,0.263133720843806,-9.01947743465658,1.88988629622534e-19,2.96914353915044e-18,"ENSG00000017427.17"
471.701909535929,3.16652846496133,0.351082803811252,9.01932088551882,1.89258874834356e-19,2.97161306221398e-18,"ENSG00000175920.18"
136.272191854844,2.50216691560243,0.277449099294192,9.01847193581721,1.90731050221345e-19,2.99294025314497e-18,"ENSG00000124635.9"
1015.36513456372,1.38690501661802,0.153805669065452,9.01725550849378,1.92860216227885e-19,3.02454530031846e-18,"ENSG00000110628.16"
181.717621893763,-1.20997779831445,0.134233778595426,-9.01395916121277,1.98748731151738e-19,3.11156214258655e-18,"ENSG00000109063.15"
9915.22300651853,-2.72219073795167,0.301997516474675,-9.01395074280338,1.98763994726937e-19,3.11156214258655e-18,"ENSG00000157404.16"
101.360380401985,-1.70526234550972,0.189232527089336,-9.01146526836093,2.03321483384935e-19,3.18101301743431e-18,"ENSG00000277954.1"
6837.00634664006,-1.43576972225378,0.159353839553151,-9.00994746207472,2.06155229291786e-19,3.22342893914652e-18,"ENSG00000152104.12"
114.123114806251,1.09069686542373,0.12108978329965,9.0073401380584,2.1111448604677e-19,3.2990090078795e-18,"ENSG00000237638.2"
4465.4401705276,1.39666572418596,0.155063179513093,9.00707523585912,2.11624891847011e-19,3.30501999839979e-18,"ENSG00000100304.13"
7.2262458079969,-2.91922914357248,0.324207116008587,-9.00421057844752,2.17222919833033e-19,3.38841971803646e-18,"ENSG00000180332.6"
2197.8227782129,-1.53223801765122,0.170260517475613,-8.99937366788921,2.27009027796237e-19,3.53897110711523e-18,"ENSG00000102760.13"
70.1946444377918,-1.42203304682723,0.158034603093008,-8.99823848065937,2.29368143464399e-19,3.57362909473518e-18,"ENSG00000232973.13"
595.18805702255,-2.09418859342897,0.23274775762995,-8.99767462747614,2.30548916018691e-19,3.58777247402917e-18,"ENSG00000106004.5"
1036.82658168622,-1.18780439114907,0.132011469136381,-8.9977363248791,2.30419422574681e-19,3.58777247402917e-18,"ENSG00000155016.18"
486.805729563376,1.76271894841036,0.195918527020385,8.99720396645773,2.31539131162698e-19,3.6010500138937e-18,"ENSG00000188483.8"
416.979319871473,-4.92363502361052,0.547698909903886,-8.98967468179653,2.47963294131159e-19,3.85193098282705e-18,"ENSG00000147256.12"
76.264326870057,-1.87925523345632,0.209142605328119,-8.98552081489087,2.57511762079855e-19,3.99553669097221e-18,"ENSG00000226891.9"
5164.64907599682,-1.12118399600145,0.124794898648141,-8.98421336245989,2.60591696282611e-19,4.04093931863843e-18,"ENSG00000113916.18"
7.79620573986358,3.22879603596139,0.359441515741882,8.98281332165318,2.63930098221664e-19,4.09029404578905e-18,"ENSG00000175877.4"
832.499933349116,1.02613447073347,0.114235496393324,8.98262364265822,2.64385626555696e-19,4.0949391917442e-18,"ENSG00000145979.18"
8801.38973515197,-2.38307467782182,0.265318375143614,-8.98194358582169,2.66025228494616e-19,4.11790760056095e-18,"ENSG00000005249.13"
15.1323437358542,-3.28298259254035,0.365546388614106,-8.98102865955564,2.68246955476897e-19,4.14985460727178e-18,"ENSG00000280429.1"
93.7264266870619,1.21317593191658,0.135109857181648,8.97918151364434,2.7278842052362e-19,4.21673577178065e-18,"ENSG00000116771.6"
13610.4271437785,2.75648682606684,0.306987838971292,8.9791401356606,2.72891019167512e-19,4.21673577178065e-18,"ENSG00000126709.15"
1073.41020153496,1.11536465905938,0.124222493305302,8.97876567585985,2.73821245198398e-19,4.2229519492108e-18,"ENSG00000168476.12"
750.278635052199,1.16970884233773,0.130275684844063,8.97871958023362,2.73935971442871e-19,4.2229519492108e-18,"ENSG00000197905.10"
297.428298798763,-2.37546890221711,0.264565094247878,-8.97876913419073,2.73812639760349e-19,4.2229519492108e-18,"ENSG00000205364.4"
38.0029481676927,1.34033278215301,0.149278422261213,8.9787442943873,2.73874455103208e-19,4.2229519492108e-18,"ENSG00000245614.4"
1282.87596200404,-2.32619176182707,0.25912529191417,-8.97709268224411,2.78015677647571e-19,4.28333181200983e-18,"ENSG00000162878.13"
289.54587875812,-2.99007873997403,0.333190615775667,-8.9740784956177,2.85733499072283e-19,4.39708389321773e-18,"ENSG00000205038.12"
169.058907102007,-1.6383865343305,0.18266084473038,-8.96955522541722,2.97714167985714e-19,4.57341858055904e-18,"ENSG00000147576.17"
66.0004971409994,2.31330177774511,0.257938459526536,8.96842518944767,3.00783933998527e-19,4.6178767063185e-18,"ENSG00000223813.3"
45.4236346653325,2.09219653738995,0.233332872958692,8.96657428017159,3.05879663974604e-19,4.69336899469263e-18,"ENSG00000167968.13"
381.586455463885,-3.96972228615384,0.442839816777303,-8.96423974484243,3.12428646944119e-19,4.79105866760748e-18,"ENSG00000186458.5"
19.4595464468279,-2.29951171666364,0.256582199982342,-8.96208590004254,3.18593512261598e-19,4.88274744972818e-18,"ENSG00000283031.2"
700.309013440629,3.30886872801175,0.369275525424359,8.96043333554075,3.23404924768041e-19,4.95359850967552e-18,"ENSG00000101098.13"
34.1964602109143,1.87055999668473,0.208771398685695,8.95984798904785,3.25126310797754e-19,4.97706462027266e-18,"ENSG00000173825.7"
10.4485926302418,-3.13872313424212,0.350326975329064,-8.95941036596996,3.2641918287849e-19,4.99394749870677e-18,"ENSG00000249436.2"
71.6400293421333,5.73228719857331,0.639821345610937,8.95919968581198,3.27043406292043e-19,5.00058690574757e-18,"ENSG00000204710.2"
9.63315538068792,3.10804090923731,0.347005930604863,8.95673714803582,3.34427688381767e-19,5.1045861564613e-18,"ENSG00000142224.17"
70.7724505764294,-1.41439282152973,0.157930148788643,-8.95581263222011,3.37242310651095e-19,5.14456000763401e-18,"ENSG00000223658.8"
3975.43248631685,-3.62592351401062,0.405025575144006,-8.95233223907264,3.48049579521145e-19,5.30634289334906e-18,"ENSG00000164530.15"
11.3640380225561,-2.66265618661383,0.297577293752192,-8.94778009786983,3.62702704566493e-19,5.52653790540621e-18,"ENSG00000271075.1"
17.371030243694,-1.65777413308131,0.18527852251403,-8.94747060040794,3.63720801929423e-19,5.53563263341805e-18,"ENSG00000205562.3"
8.45700579984402,2.59328537205051,0.289868607009238,8.94641678796165,3.67208555088958e-19,5.58548012844801e-18,"ENSG00000105467.9"
9.84343917912298,-2.68241055699648,0.299886989576944,-8.94473801874701,3.72833060265749e-19,5.66775254830824e-18,"ENSG00000234884.2"
47.7481323318168,2.76500108063478,0.309123648697534,8.94464429455619,3.73149567701603e-19,5.66928510836355e-18,"ENSG00000111981.5"
210.228936692817,3.01379966183348,0.336948654780164,8.94438846713836,3.74014850995837e-19,5.67914866757631e-18,"ENSG00000175985.10"
4003.91487735616,1.16375535658356,0.130130316612221,8.94299950142643,3.7874745228407e-19,5.74768939713309e-18,"ENSG00000143314.12"
50.6301256070537,2.47120273425337,0.276409407691923,8.94037129520457,3.8786495309141e-19,5.88265575710019e-18,"ENSG00000267750.6"
535.151033058988,-1.67677061311197,0.187603432090029,-8.9378461493567,3.96829053289367e-19,6.01514119761114e-18,"ENSG00000177707.11"
11484.2490141886,1.44252926103936,0.161517513800368,8.93110119824091,4.21789041343851e-19,6.38980009376471e-18,"ENSG00000106537.8"
9.56231240847452,2.29612552837444,0.257176315898458,8.92821533877569,4.32936282214116e-19,6.55489472449068e-18,"ENSG00000264425.1"
53.5352141752417,-1.8082386110035,0.202557696805848,-8.92702987601949,4.37599265481947e-19,6.62168053766695e-18,"ENSG00000248309.7"
35.5050041051062,-2.2485095444705,0.251879878910027,-8.92691212255853,4.38065145384245e-19,6.62491615723791e-18,"ENSG00000269067.2"
7406.88653918131,-1.34487447706045,0.150657337598322,-8.92671076297736,4.3886294021305e-19,6.63316476167901e-18,"ENSG00000155090.15"
250.058804644535,1.17560855035822,0.131736456591623,8.92394239813631,4.49977934026667e-19,6.79725288388328e-18,"ENSG00000117877.11"
234.99144402274,2.24732723695016,0.251865088635841,8.92274212802653,4.54883022311618e-19,6.85952114655111e-18,"ENSG00000179750.16"
45.2133453694246,2.35438131588429,0.26392116323728,8.92077500343378,4.63036445971822e-19,6.97846900569001e-18,"ENSG00000167105.8"
552.039861922931,-2.64344972585382,0.296440781216712,-8.91729442556464,4.77818120191312e-19,7.19299626065776e-18,"ENSG00000184226.15"
944.000177124084,-2.16717223289889,0.24305456783621,-8.9164019923267,4.81682682243279e-19,7.24702210651537e-18,"ENSG00000135144.7"
5433.15236565884,-1.59036741907897,0.178404123464393,-8.91440953379299,4.90422529068283e-19,7.37007761808505e-18,"ENSG00000205726.15"
128.541283818591,-3.08491087402634,0.346084101840165,-8.91376072354537,4.93302182282849e-19,7.40911689092708e-18,"ENSG00000092009.10"
7929.78092594361,2.66323020248507,0.298781378609572,8.91364185706234,4.9383156195594e-19,7.41283196713302e-18,"ENSG00000189334.9"
4868.84509127806,-2.06535865963192,0.23177230682436,-8.9111537436484,5.05042254725518e-19,7.57678688539128e-18,"ENSG00000178878.13"
83.6555352844094,-1.21076086071416,0.135925573607515,-8.90752805804029,5.21829997278065e-19,7.81971473686241e-18,"ENSG00000244513.7"
5336.62771491142,2.12454512779697,0.238707669298677,8.90019635330061,5.57479764219405e-19,8.34917271951159e-18,"ENSG00000074370.18"
1239.80315981748,1.1248767537745,0.126389975484699,8.90004725027163,5.58229179957503e-19,8.35563540205183e-18,"ENSG00000186577.14"
36.7406517082788,-2.45312544523935,0.275709096070537,-8.89751364826841,5.71116662548089e-19,8.539785832772e-18,"ENSG00000272701.3"
19.2190349654327,3.66958504760973,0.412496943346058,8.89602967198521,5.78801119176892e-19,8.64878261310144e-18,"ENSG00000185933.7"
1511.3487875547,2.87018215488138,0.322725114482809,8.89358164604281,5.9170151420701e-19,8.83652420421424e-18,"ENSG00000184613.11"
2689.06866456537,1.0552710082288,0.118668315176343,8.89260967985134,5.96901905660555e-19,8.90912531992165e-18,"ENSG00000106683.15"
58.985079623923,-2.22075250323987,0.249772891759443,-8.89108696943257,6.05139896351833e-19,9.02695631992712e-18,"ENSG00000130035.9"
764.223945069879,-2.83326737840414,0.318789989858911,-8.88756695170408,6.24615833684712e-19,9.31219658115087e-18,"ENSG00000073756.12"
12.616807116569,-3.2005325844571,0.36013480291446,-8.88704051526311,6.27581295338834e-19,9.35110360923238e-18,"ENSG00000242268.3"
193.378097213951,-1.78700861876672,0.201215982444509,-8.88104710697891,6.62338955291796e-19,9.8578239529386e-18,"ENSG00000226237.2"
74.6427564952418,-1.42995660932209,0.161041375104593,-8.87943615976552,6.72001193731795e-19,9.99597021847566e-18,"ENSG00000224307.2"
7793.09677507842,-1.13199475282462,0.127512769530451,-8.87750110826582,6.83791571577234e-19,1.01598517056733e-17,"ENSG00000103994.18"
141.122915297477,-2.04179548695903,0.230032640982982,-8.87611200842616,6.92381197430941e-19,1.02816651939406e-17,"ENSG00000165379.13"
1344.23886982399,1.08910068319754,0.12273431885723,8.87364425319722,7.07904434357877e-19,1.05062451454898e-17,"ENSG00000165233.18"
29.6083067108061,-3.92271245850926,0.442104931403302,-8.87280864761682,7.13238267757863e-19,1.05794326352978e-17,"ENSG00000255216.2"
26.8774633820225,3.53945180402536,0.398932799973549,8.87230080920906,7.16499272904785e-19,1.06218087360572e-17,"ENSG00000286502.1"
2865.04376055542,-1.75016163927221,0.197283891656,-8.87128505313516,7.2306604229895e-19,1.07070804821327e-17,"ENSG00000189184.12"
109.792225510275,1.84722954689296,0.208292209225891,8.86845241959896,7.41694445068284e-19,1.09705665695975e-17,"ENSG00000285906.2"
22.3258628289848,-1.77029897105615,0.199634541777137,-8.86769872236052,7.46730361191164e-19,1.10326367698418e-17,"ENSG00000261997.1"
5965.84466281463,1.47043109113346,0.165820578605625,8.86760318591471,7.47371106109745e-19,1.10359000859486e-17,"ENSG00000105699.16"
2420.55336534812,-2.53263724674084,0.285684794029025,-8.86514543186897,7.64042780018295e-19,1.1275744205503e-17,"ENSG00000167772.12"
1466.12119273972,-1.18013902996897,0.133123331098932,-8.86500525660628,7.65004625168634e-19,1.1283603573475e-17,"ENSG00000188215.10"
72.3741943849405,3.2717507416895,0.369140711523353,8.86315337094027,7.77824603539207e-19,1.1466260167933e-17,"ENSG00000116147.17"
6236.10755656452,-1.03532763198862,0.116815521356987,-8.86292865846709,7.79394577257506e-19,1.14829636034957e-17,"ENSG00000152492.15"
4557.8151945172,-1.55674557479019,0.175648847789677,-8.86282827573254,7.80096921191387e-19,1.14868725359072e-17,"ENSG00000163297.17"
32.9515911012399,2.6820001630334,0.302649363572694,8.86174063402317,7.87746977792009e-19,1.1593024392097e-17,"ENSG00000177494.6"
7421.65415967228,2.01039763068395,0.226906876126639,8.86001193530129,8.00058734659078e-19,1.17676238286397e-17,"ENSG00000168743.13"
1648.45011065751,-1.55169915255033,0.175156795296634,-8.85891495058742,8.07969805928646e-19,1.18773369010227e-17,"ENSG00000079337.16"
10.3320367637149,-2.09480524212107,0.236546326782997,-8.85579273459954,8.30911506409596e-19,1.22077574256399e-17,"ENSG00000187950.8"
102.119448540195,-1.40643711614656,0.1589400490764,-8.84885291227329,8.84234202070935e-19,1.29621928428513e-17,"ENSG00000198865.10"
6.76072946625802,-3.30454862467965,0.373532722926776,-8.8467446674744,9.01092427153808e-19,1.32019583920349e-17,"ENSG00000275025.1"
3472.0048714223,1.16324500870588,0.131516453471773,8.84486296580028,9.16407012270928e-19,1.34188534320496e-17,"ENSG00000181192.12"
128.437940732155,-1.71970072602641,0.194441692422549,-8.84430033806357,9.21035785898612e-19,1.34791228265919e-17,"ENSG00000223756.7"
5.50384908680904,-3.3069086957237,0.373950301230626,-8.84317698058021,9.30346907882695e-19,1.36078119792926e-17,"ENSG00000286764.1"
73.8722938842074,2.09499051238596,0.236981166548176,8.84032492075723,9.54406361945129e-19,1.39519559607151e-17,"ENSG00000240498.9"
359.319828936539,-2.24001924662634,0.253439852384105,-8.83846492788926,9.70426920054976e-19,1.41782663517093e-17,"ENSG00000229847.9"
99.8960588901886,1.94596971952483,0.220266728721027,8.83460580190235,1.0045184940347e-18,1.46682022762267e-17,"ENSG00000140451.13"
11.0010008950087,-2.43804006950922,0.275980520819191,-8.83410199485241,1.0090555340189e-18,1.47262718801515e-17,"ENSG00000230787.1"
11.4670020244714,2.31849786122092,0.262566084063468,8.83014982491225,1.04535602162825e-18,1.52475791745155e-17,"ENSG00000225077.3"
24.9318523128646,-1.92271892182012,0.217766861012665,-8.82925396857463,1.05376205650733e-18,1.536166494356e-17,"ENSG00000225938.1"
1315.79122911806,1.37222051892034,0.155419678356776,8.8291298336773,1.05493209790903e-18,1.53701969298453e-17,"ENSG00000097021.20"
200.554910212704,1.86373606314025,0.211175892819704,8.82551525297184,1.08956992714088e-18,1.58660697866875e-17,"ENSG00000141294.10"
6.78218829364735,-3.5163329037757,0.398491540756965,-8.82410928246095,1.10334442212239e-18,1.60577545908444e-17,"ENSG00000286684.1"
925.94449018427,1.33877152450235,0.151771261297474,8.82098173960834,1.13460521395217e-18,1.6494448807256e-17,"ENSG00000284976.1"
810.174400498166,1.65074234570454,0.187207871311539,8.81769732298002,1.16837575978556e-18,1.6976002471091e-17,"ENSG00000147804.10"
471.787856120532,3.87761061320789,0.439910444597475,8.81454546221553,1.20171605966617e-18,1.74507761946219e-17,"ENSG00000108576.10"
8.0712875444032,-2.17433147997427,0.246859154686813,-8.80798398071489,1.27416638919246e-18,1.84722500681383e-17,"ENSG00000213777.5"
4559.46893455637,-2.24307406839558,0.254677933882572,-8.80749279766748,1.27976027907389e-18,1.85431197217079e-17,"ENSG00000106823.12"
430.295090062676,-2.4603225036786,0.279405518711013,-8.80556159029664,1.30199015166638e-18,1.88340721774348e-17,"ENSG00000168824.14"
24.4092243347185,3.5338778070592,0.401425906983143,8.80331275481828,1.32835711926354e-18,1.92049166791655e-17,"ENSG00000260220.7"
421.577279963184,-1.53568860217349,0.174493391829064,-8.80084102942916,1.3579459640935e-18,1.96219085872642e-17,"ENSG00000116833.14"
106.819425117336,-1.59886639034412,0.181701287451136,-8.79942246294811,1.37522051196487e-18,1.98606021629036e-17,"ENSG00000249751.4"
150.25205285757,-1.75663418065931,0.199768319191816,-8.79335716376829,1.45156107220513e-18,2.09515822195715e-17,"ENSG00000226833.6"
110.823882395034,2.56291921019873,0.291568560591498,8.79010825103843,1.49415928386561e-18,2.15309663471072e-17,"ENSG00000203814.6"
736.152144719838,1.11593701248839,0.126961491362763,8.78957076283753,1.50132460936495e-18,2.16223649493416e-17,"ENSG00000139835.14"
11980.1660538398,-1.3535723669575,0.154008804629674,-8.78892846556574,1.50993167283008e-18,2.17344162588531e-17,"ENSG00000152818.18"
108.465093601326,4.23768339083889,0.482249720379479,8.78732161317644,1.53167821787171e-18,2.20353750840394e-17,"ENSG00000154478.4"
1593.1255922352,1.21980404657932,0.138819154656594,8.78700096969203,1.53605456091199e-18,2.20862462139008e-17,"ENSG00000160446.19"
17.5845543829461,-3.27891235068842,0.373196537534654,-8.78602028933333,1.54951628154324e-18,2.2255456800045e-17,"ENSG00000101251.13"
5549.03417769474,1.50384273420559,0.171188608683855,8.78471263811039,1.56764770193466e-18,2.25035784804209e-17,"ENSG00000137309.20"
576.619297149466,1.10117472443811,0.125360824060568,8.78404184632736,1.57702980067035e-18,2.26259013541591e-17,"ENSG00000164105.4"
7.72404901386971,-3.2225300113378,0.366889630892253,-8.78337717940081,1.58638092040389e-18,2.27476465422236e-17,"ENSG00000267339.7"
6.90726463203168,-2.76429965047664,0.314796844344079,-8.78121779218095,1.61714060942404e-18,2.31760762148863e-17,"ENSG00000286638.1"
248.466840753803,-1.80713465034972,0.205811607581742,-8.78052832677083,1.62708528446033e-18,2.33058907993217e-17,"ENSG00000165071.15"
9.67079422366665,-2.8164077065984,0.320877765909684,-8.77719806672776,1.67597692106508e-18,2.39931249418707e-17,"ENSG00000259446.6"
386.367083257562,2.29333198661183,0.261284996888056,8.77712847628361,1.6770139032727e-18,2.39949011614697e-17,"ENSG00000004838.14"
799.741119541122,-1.60448760137214,0.182894857211338,-8.77273219070414,1.7438244091801e-18,2.49236980809624e-17,"ENSG00000079102.16"
15.6523592831936,-1.98391615575675,0.226144574425991,-8.77277803720213,1.74311429697042e-18,2.49236980809624e-17,"ENSG00000226252.1"
183.295224226717,-4.74695988677666,0.541179461018811,-8.77150784296239,1.76289425847138e-18,2.51825612443814e-17,"ENSG00000114771.14"
868.088085676479,-1.38918256056681,0.158429973169736,-8.76843271997839,1.81170379712913e-18,2.58516952246157e-17,"ENSG00000154229.12"
1963.94796881425,1.6509255488165,0.188294469089915,8.76778567525607,1.82214262527905e-18,2.59865419223193e-17,"ENSG00000114631.11"
92.8174058587769,2.02430463932837,0.23089938769487,8.76704204172016,1.83421309875179e-18,2.61444995052017e-17,"ENSG00000234869.1"
3.55900640378306,3.7118855894539,0.423492911287778,8.76492968481247,1.86893270976574e-18,2.66105240213882e-17,"ENSG00000278677.2"
2055.82811308151,-2.98319037561804,0.340382276227226,-8.76423534351883,1.88048630724665e-18,2.67605317269469e-17,"ENSG00000138722.10"
9136.09695002817,1.20919892852517,0.137977724293197,8.76372570079264,1.88901143927006e-18,2.6867303392735e-17,"ENSG00000167106.12"
3357.51150684156,-1.69692755447442,0.193634581754623,-8.76355627748766,1.89185393881355e-18,2.68931795174556e-17,"ENSG00000184384.14"
463.634161716082,1.45325001503888,0.165840061075801,8.76296116638938,1.90187192959602e-18,2.70209739445955e-17,"ENSG00000179967.11"
1608.57600880747,-3.90164083147982,0.445248229478926,-8.76284412415497,1.90384835240337e-18,2.7034440893879e-17,"ENSG00000163631.17"
88.5496370878869,2.27786127195983,0.260040261413209,8.75964844666983,1.95860251701323e-18,2.77969268667256e-17,"ENSG00000186564.6"
109.844942417368,-2.96954047222759,0.33924533403317,-8.75337159961422,2.07071452582165e-18,2.93563433639139e-17,"ENSG00000189292.16"
6780.31295280768,-1.63090966169924,0.186328841430496,-8.75285677288772,2.08018626260872e-18,2.94747254589798e-17,"ENSG00000073712.15"
10706.0835570881,-1.19356746102461,0.136374698365276,-8.75211806392175,2.09385174033512e-18,2.96523702278924e-17,"ENSG00000177119.16"
13.172665444898,2.53660352174676,0.289876334070477,8.75064026830847,2.12145627535788e-18,3.00271172544462e-17,"ENSG00000285637.2"
6.89350870073373,-3.72364395633612,0.425595177792419,-8.74926256366631,2.14751467651978e-18,3.03795886747286e-17,"ENSG00000163833.8"
371.243380332258,1.10270110612182,0.126091939215769,8.74521490414129,2.22591577632055e-18,3.14717430149593e-17,"ENSG00000198814.13"
1570.90274834902,1.77346895806898,0.202805542720189,8.74467696632845,2.23654587219092e-18,3.16050385508958e-17,"ENSG00000143412.10"
504.307561551966,1.50734461095572,0.172384229383404,8.74409809033747,2.24804093646643e-18,3.17504072939729e-17,"ENSG00000139618.16"
279.113918555507,1.47492391440188,0.168703239163326,8.74271247971694,2.27579325233294e-18,3.21100416957179e-17,"ENSG00000160813.7"
1227.36177526845,1.01814912152234,0.116456993878745,8.74270481841939,2.27594763655161e-18,3.21100416957179e-17,"ENSG00000168393.13"
1075.73219389984,-1.50078193870171,0.171669819853419,-8.74225848191115,2.28495971869092e-18,3.22198933723563e-17,"ENSG00000166173.11"
6.48914553825716,-3.66544597250087,0.419330724989966,-8.741181492457,2.30685080213458e-18,3.25111348435953e-17,"ENSG00000267714.2"
9007.46402887263,2.17663195888801,0.249032270488711,8.74036105688834,2.3236659695162e-18,3.27305661000878e-17,"ENSG00000183779.7"
19283.8788346793,-1.32095715621846,0.151232130865563,-8.73463296892061,2.44448551649812e-18,3.4413956783951e-17,"ENSG00000067082.15"
3.81830434460425,-2.26338371255921,0.259139479232283,-8.73422960972457,2.45322340044503e-18,3.45184817223219e-17,"ENSG00000286527.1"
210.071028495245,-1.79947681610566,0.206138868213618,-8.72943968160772,2.55937407227636e-18,3.59735765324662e-17,"ENSG00000171462.15"
257.016255974361,1.01292044744253,0.11603807895611,8.72920731327902,2.56463740585584e-18,3.60182528954581e-17,"ENSG00000183763.9"
9.35755605189521,-2.1316908978783,0.244315343617438,-8.72516177787103,2.65800370297975e-18,3.72801330464887e-17,"ENSG00000277135.1"
1415.72519545907,1.24446807415781,0.142677985940612,8.72221503516182,2.7281159986485e-18,3.82227083733887e-17,"ENSG00000127191.18"
163.81728117167,1.55752534134119,0.178573986169137,8.72201699001092,2.73289306362371e-18,3.82692388302002e-17,"ENSG00000168040.5"
2939.79580156359,2.25529025770788,0.258637181780574,8.71989959905013,2.78448586767464e-18,3.8970940652801e-17,"ENSG00000187837.4"
501.755491234369,-2.61981503363698,0.300494496044625,-8.71834615316189,2.82294790139327e-18,3.94672141703301e-17,"ENSG00000277639.2"
313.80098267801,1.51620461615181,0.173938834075404,8.71688386444236,2.85963202663162e-18,3.99588347623528e-17,"ENSG00000213347.10"
2064.98668169823,1.89054789801766,0.216889976415033,8.71662180644059,2.86625577295519e-18,4.00196094552565e-17,"ENSG00000085552.17"
78.2581715410582,-2.81251726410724,0.32266251225332,-8.71659135257445,2.86702650297702e-18,4.00196094552565e-17,"ENSG00000165799.5"
760.143570362318,-3.03127538708301,0.347816685746247,-8.71515229517917,2.90368056581967e-18,4.05097346029746e-17,"ENSG00000204767.4"
8.2227901246326,2.52581439636072,0.289923799551099,8.7119939800442,2.98575542520819e-18,4.16326767088446e-17,"ENSG00000205704.7"
655.809922976072,1.20287862438298,0.138154256245309,8.70677934270179,3.1263087097286e-18,4.35463159122981e-17,"ENSG00000126453.9"
1394.315594601,1.15409682405516,0.132558580966604,8.70631546927857,3.13912367393612e-18,4.37016560623607e-17,"ENSG00000088356.6"
6904.99830730544,-1.31917710010462,0.151572942616584,-8.70324925631075,3.22514496703508e-18,4.4875442198809e-17,"ENSG00000091436.17"
18.0163238782601,-2.37430679522855,0.272865186830822,-8.70139141898169,3.27839372735741e-18,4.55922226083927e-17,"ENSG00000286282.1"
160.494635348571,-1.5580223059296,0.179057251977714,-8.70125219012916,3.28241904381077e-18,4.56240624788589e-17,"ENSG00000253552.8"
379.47368892549,2.31003951968602,0.265533669256719,8.69961058479805,3.33024986221559e-18,4.62644225044792e-17,"ENSG00000151012.13"
4680.83125601986,1.44450850650749,0.166055999599061,8.698923917204,3.35046054834639e-18,4.65206048878693e-17,"ENSG00000117394.24"
252.842717306502,1.35116558113238,0.155346142709917,8.69777361421488,3.38458909533191e-18,4.69448758742501e-17,"ENSG00000105649.10"
16.0476812260121,-2.12222861575502,0.244020211970745,-8.69693784222043,3.40960082058803e-18,4.72668501942699e-17,"ENSG00000137731.14"
146.890747602619,1.91587117810182,0.220359717713469,8.694289491662,3.4900680987505e-18,4.83313750830128e-17,"ENSG00000131188.12"
43.4500646661601,-4.1252518375308,0.474524867535468,-8.6934365715248,3.5163801225722e-18,4.86701080261652e-17,"ENSG00000228162.1"
29.0497552113645,-3.62483395120929,0.416981438704157,-8.69303430501389,3.52885764954286e-18,4.88171023476761e-17,"ENSG00000178828.7"
1692.81426889881,1.50980718281264,0.173700024699861,8.69203781301385,3.55995546798337e-18,4.92213937509073e-17,"ENSG00000076944.16"
1276.20428030526,3.66421664889947,0.421679735610799,8.68957253445412,3.63805755023589e-18,5.02748184281809e-17,"ENSG00000174469.23"
4.13428390932594,-2.09652151854192,0.241291184090404,-8.68876136708095,3.66412403413322e-18,5.06084267541554e-17,"ENSG00000249258.2"
505.086094828801,1.74306238446773,0.200622818789979,8.68825587727608,3.68046087390594e-18,5.08073705933528e-17,"ENSG00000103254.10"
979.615772828619,1.02689700375038,0.118239421421076,8.68489537083722,3.79091154525586e-18,5.2304629425462e-17,"ENSG00000102743.15"
5321.78445898532,-1.25806140302137,0.144908631890818,-8.68175612871191,3.89704308249797e-18,5.37407557084873e-17,"ENSG00000131018.24"
88.0293034208216,3.65629212008946,0.421217216585228,8.68030074774888,3.94723666640289e-18,5.43758744967157e-17,"ENSG00000130675.15"
4233.37594141454,1.51868947329172,0.174969240315636,8.67975119827962,3.96635522136389e-18,5.46106236973957e-17,"ENSG00000143797.12"
6.79279597400367,-3.44767320510743,0.397218140492214,-8.67954620812442,3.97351011338467e-18,5.46804920524622e-17,"ENSG00000236319.2"
5241.79619602065,1.05564730332236,0.121650957298844,8.67767362265048,4.0394627086412e-18,5.55589941569467e-17,"ENSG00000164104.12"
74.801774983221,2.18767358683074,0.252149139247352,8.67610967604648,4.09537230557747e-18,5.62418014337923e-17,"ENSG00000170689.10"
2146.53395501382,3.07671002283949,0.354664219364817,8.6749941348741,4.13571794755544e-18,5.67640786075964e-17,"ENSG00000233622.3"
19.2194733027021,4.48067918885858,0.516647582237892,8.67260264617949,4.2235375561692e-18,5.79391759532104e-17,"ENSG00000183242.12"
13.5586474377344,2.24743720181246,0.259241262431594,8.66928814006025,4.34830304711417e-18,5.96196125666921e-17,"ENSG00000165935.9"
5077.19479910755,1.7616857283291,0.203296032913249,8.66561783367829,4.49070965883758e-18,6.15400483174594e-17,"ENSG00000180573.9"
61.5362885979568,5.73534099542697,0.66198029945723,8.66391492334362,4.5583361524668e-18,6.24342404541101e-17,"ENSG00000135346.9"
597.136737714924,2.20605088349473,0.254667673547714,8.66246922023029,4.61653666263734e-18,6.31984633545623e-17,"ENSG00000204839.9"
861.899933448936,2.02964133517899,0.234334464271349,8.66130102326201,4.66410080220454e-18,6.38163589199085e-17,"ENSG00000101213.7"
29.844537812342,2.85528866537121,0.329718734061363,8.65977079979879,4.72713769678751e-18,6.46452066713646e-17,"ENSG00000197587.11"
13.6696132644035,2.44011278587123,0.28178593219127,8.65945566159398,4.7402237364038e-18,6.47904527756825e-17,"ENSG00000258884.2"
834.956309360509,1.11679477893809,0.128970204624031,8.65932392829585,4.74570452335746e-18,6.4831651607031e-17,"ENSG00000128944.13"
359.492632918984,-2.74729377386179,0.317371018910653,-8.65641035306762,4.86853629336142e-18,6.64751210050449e-17,"ENSG00000162706.13"
373.675871892362,-2.22120058189017,0.256641504304652,-8.65487672349925,4.93444708774164e-18,6.73400868401876e-17,"ENSG00000112293.15"
321.190146900165,1.41789014319687,0.163828530206571,8.65472052644954,4.94120919013961e-18,6.73973753781159e-17,"ENSG00000166451.13"
4.24001618455051,4.29623887140063,0.496490504125162,8.65321458457858,5.00687567082786e-18,6.82576349232571e-17,"ENSG00000226012.1"
4.42864462434457,-2.85930297910276,0.330479860983695,-8.6519734382357,5.06164273102551e-18,6.88970572461287e-17,"ENSG00000204290.10"
1767.81797999573,-1.69774572792702,0.196256397027052,-8.65065166611108,5.12061778933392e-18,6.96637256598617e-17,"ENSG00000120833.14"
34.1557657812441,3.64628808791822,0.421508167696579,8.65057516641762,5.12405175428211e-18,6.96743798807816e-17,"ENSG00000226025.9"
925.356715046091,2.13451017988784,0.246786413840573,8.64922078436116,5.18522584677115e-18,7.04697394811443e-17,"ENSG00000105519.18"
9.8222721343292,4.38409148487692,0.506912885159927,8.64860928420427,5.21308149538975e-18,7.08116971704517e-17,"ENSG00000249082.2"
8.97554677911802,-3.11583018216168,0.360374719486816,-8.64608423864668,5.32967761801404e-18,7.23580818759716e-17,"ENSG00000270513.1"
11872.7422971781,1.36992912829911,0.158474527860103,8.64447521502287,5.405314577702e-18,7.33470771090962e-17,"ENSG00000004478.8"
45.0748074851583,-1.90611999397626,0.220506051334201,-8.64429788862041,5.41371488111875e-18,7.34231588933566e-17,"ENSG00000250334.6"
40.9121281114051,-2.74938194193331,0.318062263908265,-8.64416264963229,5.42013008077782e-18,7.34722532455721e-17,"ENSG00000159648.11"
1385.46523571359,1.46011445883596,0.168938546984788,8.64287331042,5.48166924199887e-18,7.42681414209785e-17,"ENSG00000125898.13"
18.4141891914397,4.96221937083046,0.574339927471408,8.63986488398456,5.62795403081475e-18,7.6210790183377e-17,"ENSG00000132026.14"
641.677493470798,1.26824522367698,0.146867549509739,8.63529913796839,5.85735574528352e-18,7.9235583329404e-17,"ENSG00000143543.15"
230.995615798738,2.5012334823491,0.289703326568545,8.63377549707666,5.93594483533761e-18,8.02573940596779e-17,"ENSG00000125508.3"
12.3182905313881,2.47204096096621,0.286367248259713,8.63241511027918,6.00699227365433e-18,8.11762390337946e-17,"ENSG00000231057.4"
1950.55708847554,-1.77044033174691,0.205152255508343,-8.62988480121737,6.14137966410446e-18,8.29496521538138e-17,"ENSG00000169515.8"
8.29009567508636,-4.64248175153427,0.538078921915884,-8.62788256972461,6.2498197772207e-18,8.43709620053769e-17,"ENSG00000153266.13"
498.245675207862,-3.20122959942747,0.371103232829159,-8.62625090873618,6.33958581561047e-18,8.54949582234508e-17,"ENSG00000175084.12"
408.271172007466,1.64373621330791,0.190589027265784,8.62450602161714,6.4369893662247e-18,8.67640146163334e-17,"ENSG00000100558.9"
195.014370624003,1.08688139844317,0.126024833768702,8.62434304367315,6.44616224106918e-18,8.6843120627505e-17,"ENSG00000260920.2"
9064.06273155315,-1.48060817549274,0.171685498386411,-8.6239559509001,6.4680007005665e-18,8.70926897611116e-17,"ENSG00000185432.12"
373.897939625295,-2.27457618542767,0.263774854059479,-8.62317294625353,6.51239866611298e-18,8.76456152279127e-17,"ENSG00000125845.7"
11.8085321701965,-2.59149883245988,0.30054637949592,-8.62262535588142,6.54362677406934e-18,8.80208219701323e-17,"ENSG00000283175.1"
509.846508959082,1.39702597531617,0.162098004681734,8.61840328052847,6.78941935555125e-18,9.12336903585424e-17,"ENSG00000118946.12"
4.01540884276138,-2.89454108806682,0.335876462503955,-8.61787416268485,6.82085805367416e-18,9.16093168537413e-17,"ENSG00000267206.6"
216.731898766812,1.43818150911198,0.166892203555313,8.61742776759084,6.84749331609941e-18,9.19200788152997e-17,"ENSG00000228288.7"
1224.80649037405,1.08831376821296,0.126295033184204,8.61723332085143,6.85912753424148e-18,9.20074011681384e-17,"ENSG00000131652.14"
177.746979082506,-3.03661236585119,0.352389597240448,-8.61720206734483,6.86099932618898e-18,9.20074011681384e-17,"ENSG00000253686.2"
74.8791227883998,3.65117106029665,0.423720304788456,8.61693673641509,6.87691048312275e-18,9.21660387604324e-17,"ENSG00000277224.2"
14.9167045341736,3.64456559186504,0.422987616715596,8.61624654680028,6.91847002324887e-18,9.25891375209131e-17,"ENSG00000223486.1"
44.1309723722678,-3.07396858393233,0.356774281305476,-8.61600385735301,6.9331423194615e-18,9.27382761957893e-17,"ENSG00000162761.14"
751.750801945361,1.33934355835419,0.155483276299457,8.61406827943765,7.05126626594995e-18,9.4270336996047e-17,"ENSG00000161179.14"
1356.47195723053,1.62513341338359,0.188732712514496,8.6107670034084,7.25733583042063e-18,9.69267352473454e-17,"ENSG00000225614.4"
404.303425514548,-1.08477654073306,0.125984552927038,-8.61039322305879,7.28103900171829e-18,9.7193920325629e-17,"ENSG00000053702.15"
7532.39380706458,1.18111706788636,0.137215212425169,8.60777057449436,7.44951619945354e-18,9.93036834345293e-17,"ENSG00000108829.10"
6.76877109591326,2.85281841012591,0.331424147583596,8.60775664937431,7.45042093033373e-18,9.93036834345293e-17,"ENSG00000185130.5"
2707.85417717834,1.29565917005516,0.150551014129527,8.60611386476903,7.55791912043349e-18,1.00685426336277e-16,"ENSG00000007541.17"
344.045578487882,2.20721814713516,0.256524236845774,8.60432594703389,7.67665445095161e-18,1.02215392902134e-16,"ENSG00000104951.16"
6.23335792916636,4.56796289553913,0.531141934381169,8.60026783775085,7.95302752490201e-18,1.05788145477998e-16,"ENSG00000234703.1"
17.4981004977215,2.94525367147236,0.342502341652388,8.59922200024417,8.02583039045684e-18,1.06702542226994e-16,"ENSG00000274928.6"
1654.4144449094,-1.63673941263847,0.190354506960971,-8.59837488888065,8.08528136668474e-18,1.07438592235562e-16,"ENSG00000118495.20"
187.484397289062,1.12126806170229,0.130416819783705,8.59757248767376,8.14199530278992e-18,1.08137546507595e-16,"ENSG00000225361.4"
6667.15529282957,1.08419381255598,0.126109100551095,8.59726861755469,8.16357527374182e-18,1.08369400250015e-16,"ENSG00000100401.20"
2978.87891179565,2.65003720261625,0.308296158983493,8.59575160246527,8.27215654353899e-18,1.0975535718848e-16,"ENSG00000152049.6"
21.3019188250093,-2.60280481152969,0.302876514001264,-8.59361717138236,8.4273472054016e-18,1.11758019145699e-16,"ENSG00000186453.13"
2.7324179219489,-3.45202156426015,0.401742346374269,-8.59262558556423,8.50041779918079e-18,1.1267018730896e-16,"ENSG00000227914.3"
9323.49582352927,-1.25785604968153,0.146404299587673,-8.59166058117217,8.57212987379728e-18,1.13563438307907e-16,"ENSG00000171867.17"
65.1680372098353,2.74412525296834,0.319486466842384,8.58917524767059,8.75958246016175e-18,1.15988345281054e-16,"ENSG00000104899.8"
58.2612595294708,-2.20047790566667,0.256236479536443,-8.5876839615013,8.873996577608e-18,1.17444172228524e-16,"ENSG00000177133.11"
13.0297373634878,-2.09775287982093,0.244292053613927,-8.58706965203283,8.92155528042805e-18,1.18014171610856e-16,"ENSG00000270412.1"
13.5560257856563,-4.6623733782719,0.543045027234071,-8.58561103490643,9.03548882481572e-18,1.19461161102342e-16,"ENSG00000254135.3"
1003.99142069262,2.55269806242643,0.297364317600147,8.58441282742919,9.13015496729251e-18,1.20652083036861e-16,"ENSG00000158406.5"
1821.39375397123,-2.40991291134966,0.280809864361913,-8.58200945620527,9.32299740821602e-18,1.23138524561583e-16,"ENSG00000102802.10"
4.46915081338058,3.36356900607692,0.391969568614151,8.58119934659513,9.38890077551575e-18,1.23946694115347e-16,"ENSG00000267409.1"
144.134072480649,-2.61292531595238,0.304795264140191,-8.57272281878555,1.01066553967147e-17,1.33288173832037e-16,"ENSG00000145777.15"
13.825188821655,3.32233672307794,0.387642390737785,8.57062282779409,1.02926837684496e-17,1.35673470496455e-16,"ENSG00000277157.2"
4489.37071258179,-1.00370903359281,0.117117891689592,-8.57007429960425,1.03418293709574e-17,1.36252953978067e-16,"ENSG00000121671.12"
669.251202292466,2.41306379848053,0.281574037027006,8.56990873149676,1.03567089609159e-17,1.36380630425208e-16,"ENSG00000146197.9"
42.9536055700541,-1.80146194845436,0.210282891749299,-8.56684979680648,1.06354473484104e-17,1.39910960012822e-16,"ENSG00000254510.2"
178.878926950919,-1.07586553246457,0.125589904613385,-8.56649693123425,1.0668073896779e-17,1.40269962132536e-16,"ENSG00000144792.9"
347.532811019557,1.36327465247198,0.159152424651005,8.5658428105096,1.0728816488817e-17,1.40998106296033e-16,"ENSG00000188312.14"
1949.05185747195,-2.37022859593508,0.27679717345041,-8.56305202249371,1.09918306890602e-17,1.44361212188923e-16,"ENSG00000138685.17"
1711.0123865091,-1.28878324733314,0.150505842887166,-8.56301139284897,1.09957063918058e-17,1.44361212188923e-16,"ENSG00000198189.11"
133.914098302931,-4.08893144769087,0.477725952513187,-8.55915703591171,1.1369576258731e-17,1.49195178424606e-16,"ENSG00000084453.16"
4.94265383483294,2.90475320264691,0.339401188592175,8.55846502687787,1.14380165947428e-17,1.50018377333443e-16,"ENSG00000284649.1"
23.1733297152935,4.59015064816349,0.536666195913574,8.55308324451034,1.1984340229134e-17,1.56948878217518e-16,"ENSG00000107807.13"
288.603582938928,2.28958397568328,0.267798354607421,8.54965662145196,1.23455240354768e-17,1.61598482942466e-16,"ENSG00000138829.12"
106.699119871511,-2.08962674069382,0.244421835286332,-8.54926376870503,1.23876129984502e-17,1.6206870087171e-16,"ENSG00000126950.8"
2697.70174604086,2.25860115615169,0.264436475959302,8.54118611268782,1.32851040997003e-17,1.7346531354025e-16,"ENSG00000135549.15"
271.743559865482,-2.10738158097099,0.246741692675356,-8.54084106387212,1.33248383976692e-17,1.73897742027973e-16,"ENSG00000128655.18"
7.57196719419132,-3.8042157476055,0.445515126625514,-8.53891488807562,1.35488124266699e-17,1.76645330269143e-16,"ENSG00000229221.1"
1508.66773465614,-2.61732137939986,0.306795694121082,-8.53115421615695,1.44894727768923e-17,1.88815717634029e-16,"ENSG00000102287.19"
14953.6841058857,1.27381973479233,0.149333372812909,8.53004061180768,1.46296349072061e-17,1.90547732359269e-16,"ENSG00000175130.7"
1491.70030159339,2.10012080115731,0.246289070033348,8.52705644173714,1.50118634185951e-17,1.95224741733592e-16,"ENSG00000139044.12"
1366.21202144388,1.25936608038514,0.147691476439278,8.52700582828093,1.50184305199103e-17,1.95224741733592e-16,"ENSG00000162076.13"
39.0937980968762,-1.86263417773985,0.218436731155541,-8.527110655275,1.50048323494133e-17,1.95224741733592e-16,"ENSG00000245293.3"
1798.49188586452,-1.59127140724219,0.186648162540376,-8.52551338081331,1.52133551402279e-17,1.97660813893105e-16,"ENSG00000182636.8"
4.24492037976721,4.7341082628317,0.555310885700323,8.52514939782126,1.52612714014982e-17,1.98185403911551e-16,"ENSG00000250244.5"
3974.01338694304,-1.65834537127817,0.194534527421049,-8.52468398933043,1.53227567473626e-17,1.98885599184039e-16,"ENSG00000142910.16"
4770.20735395463,2.48940358821962,0.292029143192079,8.524503962203,1.53466057276383e-17,1.99096833635363e-16,"ENSG00000204385.13"
20.5402898403701,-1.17428957652427,0.137802980781558,-8.52151070945066,1.57485448803913e-17,2.03708048049314e-16,"ENSG00000288548.1"
474.713441112149,-1.90674813474925,0.223816622538038,-8.51924273151423,1.6059993566824e-17,2.07532384911702e-16,"ENSG00000182263.14"
130.732631849651,2.61130617221811,0.306539775621393,8.51865362961357,1.61418810542527e-17,2.08488059769031e-16,"ENSG00000174945.13"
735.514274613759,1.07099286406056,0.125754838662763,8.51651415920976,1.64427559626407e-17,2.1226984171024e-16,"ENSG00000263528.8"
200.284991234265,-4.38249062684347,0.514618113495964,-8.51600538712449,1.6515115386499e-17,2.13099309189367e-16,"ENSG00000180264.11"
217.986217482756,-1.33114903854623,0.156316724145481,-8.51571734133419,1.65562215208122e-17,2.13524890310612e-16,"ENSG00000128596.17"
33.1100235770723,-1.58517225273814,0.186211997494728,-8.51272890074129,1.69886949795902e-17,2.18863595759685e-16,"ENSG00000272914.1"
14.3980487984105,-3.29556823927395,0.387136173667666,-8.51268484691645,1.69951529046385e-17,2.18863595759685e-16,"ENSG00000284640.1"
8.23580385311095,2.16670860222851,0.254572712469759,8.51115809392138,1.72204650957565e-17,2.21548068809037e-16,"ENSG00000162032.16"
1301.48970993856,-1.52201592955644,0.178829501576114,-8.51098904902241,1.72455925944486e-17,2.21693886485672e-16,"ENSG00000186594.14"
156.884196963119,-1.13405765788036,0.133296116350548,-8.5078071959573,1.7725362196579e-17,2.27709393927117e-16,"ENSG00000185267.10"
1885.61730636823,1.14646137925684,0.134808710899279,8.504356814994,1.82605109878664e-17,2.34469599807074e-16,"ENSG00000087088.20"
941.024711946257,1.36415528923226,0.160462592052168,8.50139133230976,1.87331691868095e-17,2.40421200637745e-16,"ENSG00000121957.15"
443.884752016019,3.78882966828506,0.445835637943158,8.49826560695024,1.92444370718818e-17,2.46862266470152e-16,"ENSG00000255774.2"
197.970476245427,-2.16890622857894,0.255259659431405,-8.49686250232494,1.94783937827595e-17,2.49619747530986e-16,"ENSG00000168952.15"
10862.3043925987,1.19351771096601,0.140473051475963,8.49641762904424,1.95531572160428e-17,2.50455742819917e-16,"ENSG00000135052.16"
12.4907765855521,-3.94342401089559,0.464131897311436,-8.49634346128449,1.95656490284894e-17,2.50493677089535e-16,"ENSG00000109158.11"
1469.40214755753,-1.19188910665284,0.140298682414864,-8.49536920901665,1.97304717853287e-17,2.52480876536309e-16,"ENSG00000197142.10"
161.273508244934,1.25644206604322,0.147932286577055,8.49335932753773,2.00748415203395e-17,2.56762595873773e-16,"ENSG00000180998.12"
4679.70925229564,1.10256197230473,0.129835072159921,8.49201955960467,2.03076823447334e-17,2.5948814912444e-16,"ENSG00000064961.19"
6783.46964926582,1.57384431606232,0.185344892058124,8.4914361468821,2.0409905676696e-17,2.60667619439397e-16,"ENSG00000167861.16"
204.86559696488,2.09031069598818,0.246239675802282,8.48892725828061,2.08553205554731e-17,2.66097691980609e-16,"ENSG00000167771.6"
3.5603155919401,-3.19111273651702,0.375943206532645,-8.488284084048,2.09710423286031e-17,2.67444384553617e-16,"ENSG00000171773.3"
80.3663449621264,-1.82948881195421,0.215562189319981,-8.4870580398426,2.1193393422419e-17,2.70018009071673e-16,"ENSG00000169894.18"
2317.82928120041,1.30811208103538,0.154163628779704,8.48521853948212,2.15313687134884e-17,2.74058351218077e-16,"ENSG00000215845.11"
7625.6362878092,-2.3399107941981,0.275776618819062,-8.48480485480652,2.16081052406085e-17,2.74901954571227e-16,"ENSG00000123358.20"
31.7871836984434,1.62036395815363,0.191002795402817,8.48345677211869,2.18600453045636e-17,2.77972632213425e-16,"ENSG00000267801.1"
898.830540071933,1.45786983705871,0.171852786022661,8.48324819631653,2.18992835931555e-17,2.78336929382253e-16,"ENSG00000164078.13"
22.47813716614,-1.56639069573686,0.184774677740038,-8.47730173254925,2.30476661781325e-17,2.92367209375499e-16,"ENSG00000259658.5"
15.8252202237075,-4.15180049937028,0.489767352778594,-8.47708708188877,2.30902121227194e-17,2.92702123364813e-16,"ENSG00000163736.4"
353.965547010274,1.37648852545184,0.162378129082337,8.47705619735193,2.30963401254993e-17,2.92702123364813e-16,"ENSG00000185090.14"
749.355245006072,-1.40573867304957,0.165858639105151,-8.47552277429675,2.34026226829008e-17,2.96440739564995e-16,"ENSG00000121361.5"
17.9365830487655,2.05275494713077,0.242206779345317,8.47521672464888,2.34642303581095e-17,2.97077953146701e-16,"ENSG00000149609.6"
35.7554206168848,3.24207814032081,0.382580419532297,8.47423959721784,2.36619986758833e-17,2.99149578257295e-16,"ENSG00000282988.2"
981.617380889882,-2.63258748689877,0.310678697854302,-8.47366589689187,2.37788795929274e-17,3.0044146011613e-16,"ENSG00000116194.13"
10243.8383175032,-1.67967809298306,0.198224244030896,-8.47362592398764,2.3787044532859e-17,3.0044146011613e-16,"ENSG00000177666.17"
17.8560984456355,-1.9484424653027,0.230086490858201,-8.46830449730094,2.48990711911254e-17,3.1418491943713e-16,"ENSG00000235172.8"
11.4410996320849,2.92221146774424,0.345175864251718,8.46586268156118,2.54263595378988e-17,3.20530663834116e-16,"ENSG00000170498.9"
75.4646269441314,-1.3399320450573,0.158290635640543,-8.46501146220741,2.5612750165894e-17,3.22725563451753e-16,"ENSG00000261737.1"
13.9803300560161,2.15337948774727,0.254418615300967,8.46392267798448,2.58531261029781e-17,3.2559825897972e-16,"ENSG00000233966.1"
2082.1309592073,1.24037944527424,0.146591982312241,8.46144124466665,2.64093115595262e-17,3.3212552393808e-16,"ENSG00000197070.14"
1112.44614203005,-1.8075118380843,0.213629404746165,-8.46096931380766,2.65164177523192e-17,3.3315369225715e-16,"ENSG00000146592.17"
55.8390628754167,3.83959839139875,0.453798604597798,8.46101850577921,2.65052335026516e-17,3.3315369225715e-16,"ENSG00000230798.5"
628.479403970716,5.58991834847955,0.661266219893853,8.45335536628025,2.830485059538e-17,3.55453747276143e-16,"ENSG00000170419.11"
4193.25194073792,-2.54028359274226,0.30051335284012,-8.45314715214584,2.83553935613752e-17,3.5591841660324e-16,"ENSG00000213088.12"
19.7474444633957,2.71708675191064,0.3214679853023,8.45212237652706,2.86054533026128e-17,3.58885792174641e-16,"ENSG00000262979.1"
736.150176722083,1.56444672433224,0.185127066873875,8.45066445847205,2.89649592203525e-17,3.6322279968881e-16,"ENSG00000228594.4"
2287.82025228724,-1.06101928059801,0.125561850419368,-8.45017238161333,2.90873029986545e-17,3.64583057709411e-16,"ENSG00000163378.14"
6.69801521758123,-2.28496280005759,0.270422568082917,-8.44960099394136,2.92300054062765e-17,3.66197074403514e-16,"ENSG00000288022.1"
1400.58105430628,1.2456067133015,0.14745622537405,8.44729824150721,2.98121451432407e-17,3.73312254857046e-16,"ENSG00000172336.5"
2598.99787535999,-1.78554093513154,0.211461324666417,-8.44381797923689,3.07137330699725e-17,3.84235963832059e-16,"ENSG00000042286.15"
750.250066389949,3.37796179081728,0.400194194761566,8.44080657599208,3.15155294954564e-17,3.94079056735765e-16,"ENSG00000185008.17"
533.46389737119,-2.27144484211812,0.26914001890248,-8.43963989963589,3.18316802394245e-17,3.97843025874006e-16,"ENSG00000005187.12"
153.578306164193,1.83604372711839,0.217552144885826,8.43955699945853,3.1854263552388e-17,3.97936056659205e-16,"ENSG00000105464.3"
97.9266447990108,1.20991804295343,0.143376420098429,8.43875193789056,3.20743986905011e-17,4.00495722176309e-16,"ENSG00000232093.1"
65.2765901884223,-2.210540463844,0.261991416197216,-8.43745377589013,3.24325318091645e-17,4.04775245048471e-16,"ENSG00000144230.16"
37.6780196043537,-4.11607131981683,0.488123782394624,-8.43243346928176,3.38550273582044e-17,4.22127864840154e-16,"ENSG00000138039.15"
25.8407884574714,-1.27125954689458,0.150786609311451,-8.43085173610331,3.431583022582e-17,4.27670593482908e-16,"ENSG00000285106.2"
30.6270822573695,-1.88540991909815,0.223641523221107,-8.43050025747724,3.44190629010293e-17,4.28753862223059e-16,"ENSG00000224786.2"
2367.27627410916,-1.42005247799427,0.168469973509986,-8.42911320283489,3.48294528161879e-17,4.33455178892369e-16,"ENSG00000133561.15"
1954.75958747226,-2.48350815830116,0.294642090843665,-8.42889809527888,3.48935278772315e-17,4.34047083163821e-16,"ENSG00000003096.14"
251.291293392745,-2.00782179310448,0.238290540228317,-8.4259399940119,3.57865555531115e-17,4.44945045486273e-16,"ENSG00000130988.13"
442.779379321452,1.30630712960061,0.15519459223626,8.41722066972515,3.8552108605284e-17,4.78650742834807e-16,"ENSG00000100908.14"
58.3044751881296,1.48726611295153,0.1767488545677,8.4145728502125,3.94329151871351e-17,4.89355402633928e-16,"ENSG00000164620.9"
12.0209237687734,-1.27634046525763,0.151687020412029,-8.41430243530856,3.95239791632524e-17,4.90022768078738e-16,"ENSG00000161594.7"
85.2290705725144,1.69457122207652,0.201391228797463,8.41432485513423,3.95164212613485e-17,4.90022768078738e-16,"ENSG00000260196.1"
74.5029506999759,1.74147049054447,0.206985456442601,8.41349204178218,3.97981286545871e-17,4.93189068155194e-16,"ENSG00000139572.4"
39.5050746577878,-1.50612644503982,0.179021626428213,-8.41309776416185,3.99321870126923e-17,4.94617155250521e-16,"ENSG00000204176.14"
3915.10355251636,-1.49322198360545,0.177551457933733,-8.41008010287786,4.09730804700069e-17,5.07032225552572e-16,"ENSG00000165424.7"
96.891705542588,-2.74462556531492,0.326358295222186,-8.40985384926821,4.10521928567399e-17,5.07772158610142e-16,"ENSG00000111262.6"
685.303055693045,2.66687510565903,0.317167063416218,8.40842386638138,4.15557013461696e-17,5.13758256906266e-16,"ENSG00000223573.7"
1730.87900641705,1.5362517454704,0.182719964312756,8.40768413702647,4.18185517244019e-17,5.16521998836551e-16,"ENSG00000173272.16"
17.3126027488143,-1.80307561837616,0.214508381100732,-8.40561850834837,4.25612531408371e-17,5.25201867396132e-16,"ENSG00000225746.13"
120.22216062653,3.57096563922164,0.424872311998658,8.40479724937435,4.28601401939181e-17,5.28641916873272e-16,"ENSG00000170044.8"
90.6359481608528,2.23250047216903,0.265707430698909,8.40210025853145,4.38563148395147e-17,5.40421649902393e-16,"ENSG00000101222.12"
185.679484899509,1.41521734498898,0.168443534912805,8.40173145096709,4.39943026599771e-17,5.41867971468996e-16,"ENSG00000061656.10"
5.05216958554456,-2.54913570807701,0.303454614588637,-8.40038538063629,4.45015728611494e-17,5.47859176151031e-16,"ENSG00000214866.9"
125.479311628957,-1.36602153104038,0.162639191506442,-8.39909199245047,4.49944231450274e-17,5.53408244241414e-16,"ENSG00000244968.7"
406.74939436938,2.49841329266136,0.297541253814044,8.39686349585261,4.58562606977523e-17,5.63481045432315e-16,"ENSG00000181085.15"
1237.5885110324,-1.33674772921969,0.159203282197838,-8.39648348178242,4.60048417923024e-17,5.65042645639661e-16,"ENSG00000155962.13"
240.707187419062,2.0974254337926,0.249836664130788,8.39518667562185,4.65154621111754e-17,5.71047363909451e-16,"ENSG00000181847.12"
523.59585426188,-1.42354131384615,0.169578328997068,-8.39459453495834,4.67504740070942e-17,5.73664546593121e-16,"ENSG00000120693.14"
863.635027928906,-1.44098999716242,0.17165859553629,-8.39451116712522,4.67836553852257e-17,5.73803825546091e-16,"ENSG00000185920.16"
267.833841515855,2.74893736724779,0.327507966246489,8.39349771778951,4.71888825052004e-17,5.78504005488194e-16,"ENSG00000057593.14"
1735.53522714428,1.42977211869697,0.1703678369218,8.39226549171516,4.76862535163682e-17,5.84328898566071e-16,"ENSG00000169689.15"
1700.0593233033,-1.98292505211456,0.236310294380343,-8.3911920016613,4.81237650415428e-17,5.89415209856435e-16,"ENSG00000128591.16"
7.90013404057563,3.21369332066326,0.382991064402831,8.39103994677822,4.81860557947584e-17,5.89903255942912e-16,"ENSG00000256982.2"
473.842311522229,-1.77521024407844,0.211563409985605,-8.39091336351226,4.82379725095318e-17,5.90263905698573e-16,"ENSG00000109794.13"
107.256492985471,-1.34391370872599,0.160191635202746,-8.38941251223928,4.88577510582746e-17,5.97569627182731e-16,"ENSG00000196381.11"
20.0864157934008,2.06658327732515,0.246435728914693,8.38589147128306,5.03427656114134e-17,6.15446163409484e-16,"ENSG00000237594.2"
48.9688083830037,-1.93440845943657,0.230820150097769,-8.380587477381,5.26641745657158e-17,6.42630066984807e-16,"ENSG00000139155.9"
5140.91722973168,-1.38835780062367,0.165688422095116,-8.37932900240106,5.32302885778003e-17,6.49236614839399e-16,"ENSG00000131069.20"
263.971924057241,-1.45938465572942,0.174166900295985,-8.37923080246189,5.32747145751623e-17,6.49477086221505e-16,"ENSG00000107611.16"
26.8171320317186,-1.97594298417987,0.235844816839593,-8.37814886355455,5.37666152195577e-17,6.55170011326311e-16,"ENSG00000162877.13"
27.615437075313,1.73236510057957,0.206789126656588,8.37744773426353,5.40877710950802e-17,6.58778023847584e-16,"ENSG00000196366.3"
5.8773613197236,-2.53319357891532,0.302390089636721,-8.37723743512428,5.41844680361579e-17,6.59650096277154e-16,"ENSG00000236466.2"
92.7323297225046,-3.19802455450172,0.381757854682989,-8.37710217424956,5.4246751966077e-17,6.60073889712464e-16,"ENSG00000065325.13"
4239.00498613191,-2.02846080716622,0.24220826725141,-8.37486197389247,5.52886321578975e-17,6.71540875906588e-16,"ENSG00000133687.16"
216.970263648312,-2.35658711428065,0.281404766895558,-8.37436813980941,5.55209477286277e-17,6.74047385727136e-16,"ENSG00000188517.16"
340.575313583211,1.86757345675747,0.223040108483763,8.37326286044836,5.60444016169345e-17,6.80088205032089e-16,"ENSG00000117586.11"
6.25210851762333,-3.00045096942421,0.358410974402318,-8.37153765848751,5.68711909780747e-17,6.89802668974488e-16,"ENSG00000283503.2"
40.5909291126571,1.91554244568707,0.228865132586749,8.36974345561796,5.77438097361299e-17,6.99741030476919e-16,"ENSG00000272264.1"
214.170752855412,1.73935679149349,0.207855042702091,8.36812409688047,5.85427225485056e-17,7.08442412276668e-16,"ENSG00000184986.11"
22.4318670867479,2.90336302510371,0.347082383799503,8.36505440962074,6.00871912264146e-17,7.26797852827926e-16,"ENSG00000129990.15"
321.074492215679,1.45893111375504,0.174437193925902,8.36364700050591,6.08086788044326e-17,7.35186436842551e-16,"ENSG00000165490.13"
1944.38507756815,1.0764761704131,0.128715015277301,8.36325247752925,6.10124539385101e-17,7.36972122849173e-16,"ENSG00000145247.12"
115.476317029035,1.94722279258376,0.232909535478191,8.36042538398388,6.24925130247722e-17,7.54503083299546e-16,"ENSG00000214796.8"
98.8638744041195,-1.95980628907106,0.234452249907799,-8.35908501557044,6.32065512440706e-17,7.62773642286112e-16,"ENSG00000141431.12"
30.7430703707783,2.0461068787251,0.244921760077094,8.35412450931697,6.59197867564567e-17,7.94787006929682e-16,"ENSG00000184260.6"
59.9135973594079,-1.29628862348001,0.155221038433893,-8.35124308250314,6.7548240803538e-17,8.14047666795136e-16,"ENSG00000203392.3"
7.23096480169148,-2.62128333317557,0.313918339207974,-8.35020769984052,6.81430300842686e-17,8.20839322976588e-16,"ENSG00000259744.1"
1425.85610344834,1.92061131942248,0.230118281851774,8.34619181043425,7.04992779565525e-17,8.48107279385275e-16,"ENSG00000103490.14"
2042.85214959453,1.19764041103777,0.143515449418501,8.34502777150744,7.11971519745368e-17,8.56059443046077e-16,"ENSG00000143256.5"
1097.43529759937,1.15408850062827,0.138326567116874,8.34321652508854,7.2296615599615e-17,8.6848457240415e-16,"ENSG00000100263.14"
13.0928245885617,-3.50160575813053,0.41987289872788,-8.3396803383586,7.44916303266837e-17,8.9403562169249e-16,"ENSG00000237159.6"
6.12933773213258,-2.53757201305043,0.304285006362749,-8.33945794235194,7.46318538951786e-17,8.95309743396109e-16,"ENSG00000207870.1"
1760.95052120618,-1.02383747092856,0.122826619958911,-8.33563173252722,7.70854986856191e-17,9.24322649385407e-16,"ENSG00000151474.23"
1236.24832217547,1.65299794093387,0.198327279611572,8.3346977993713,7.76963823635434e-17,9.31222851820964e-16,"ENSG00000099849.15"
784.684902659067,1.93111734274427,0.231730195039172,8.33347308242605,7.85047074268662e-17,9.40482101188583e-16,"ENSG00000173391.9"
2.33029897246079,-3.45800559935968,0.414981762792245,-8.3329098032939,7.88792559771723e-17,9.44538662461957e-16,"ENSG00000229240.9"
38.2145084155343,1.55417882008074,0.18651439770492,8.332755214638,7.89823564580859e-17,9.45342557898147e-16,"ENSG00000272768.1"
234.672479892093,2.63117161485602,0.315779127235671,8.3323164450079,7.92757114430046e-17,9.48421847777848e-16,"ENSG00000187634.12"
215.048658863937,-1.94821123464936,0.233825264762731,-8.33191073952708,7.95479161912333e-17,9.51245418184885e-16,"ENSG00000122367.20"
334.312861097304,-1.39573177101816,0.167523816797464,-8.33154233051884,7.97958955863243e-17,9.53776862024079e-16,"ENSG00000150510.17"
61.8343773565997,2.61037911450041,0.3133509294494,8.33052934959281,8.04816787965707e-17,9.61536566131393e-16,"ENSG00000244265.2"
7.68481695728638,-1.60981616983863,0.193295697206493,-8.32825661979898,8.20415256933624e-17,9.79727151896564e-16,"ENSG00000214338.10"
7537.79146076542,1.44592655155708,0.173641629060419,8.32707317583372,8.28655267291401e-17,9.89117849477165e-16,"ENSG00000168461.13"
12.7811277922536,-2.16623388176543,0.260158728298166,-8.32658545010541,8.32074873995439e-17,9.92748796554522e-16,"ENSG00000174576.10"
4.6947657869046,-2.90834038984739,0.349327398441794,-8.32554332359928,8.39428271728092e-17,1.00061372762364e-15,"ENSG00000250343.1"
47.7500454885791,1.88830369534585,0.22686243347556,8.32356272661285,8.53580726230726e-17,1.01667396631011e-15,"ENSG00000187037.8"
1481.7396819179,1.1435172107129,0.137400082734841,8.32253655130392,8.61005588115318e-17,1.02484678307828e-15,"ENSG00000006453.14"
14879.9077891855,-1.29110744538805,0.155134686689509,-8.32249365335111,8.61317358020055e-17,1.02484678307828e-15,"ENSG00000145675.15"
3999.91253490039,-2.00564815285294,0.241015241837614,-8.32166520905871,8.6736013320455e-17,1.03156985254065e-15,"ENSG00000135678.12"
82.3189329347982,-1.8939928578194,0.227618118372958,-8.3209230941627,8.72808698475783e-17,1.03728365210193e-15,"ENSG00000140009.18"
94.5994895429376,1.56444045803005,0.188013293855699,8.32090341032356,8.72953674649775e-17,1.03728365210193e-15,"ENSG00000270804.1"
95793.3836246377,-1.85026277778431,0.222386806364425,-8.32002045459606,8.79481336056739e-17,1.04456789141054e-15,"ENSG00000011465.18"
922.509702283441,1.01765293521694,0.122346888704623,8.31776717815699,8.96358690540429e-17,1.06365200100066e-15,"ENSG00000114395.11"
44.0948409417205,-2.20226369906353,0.264812919343012,-8.31630006771288,9.07518812540291e-17,1.07592352137163e-15,"ENSG00000165443.12"
209.503413620465,1.31519796786625,0.158148152339598,8.31623985743491,9.07979739765866e-17,1.07598464743039e-15,"ENSG00000260852.1"
1628.07292656672,1.17190724144622,0.140936059396914,8.31516963409492,9.16211237920986e-17,1.08524994040177e-15,"ENSG00000160190.14"
1740.15125604197,2.67015922127919,0.321126141207461,8.31498554194052,9.17634560206337e-17,1.08644625137222e-15,"ENSG00000064787.13"
32.8250007033824,1.30987000338466,0.157617722745858,8.31042334938875,9.53612462479644e-17,1.12853444231495e-15,"ENSG00000271936.1"
14.1496989900854,-2.57616569146474,0.310046971337496,-8.30895293171725,9.65502064756839e-17,1.14157698021002e-15,"ENSG00000271880.1"
2308.1219508059,-1.30390042023372,0.156972285189112,-8.30656455477378,9.85126444664506e-17,1.16425645105944e-15,"ENSG00000131943.18"
17.9170537880272,-2.42432653204682,0.291920768384738,-8.30474154155305,1.0003696525436e-16,1.18067875830517e-15,"ENSG00000224318.6"
150.987171984111,-2.03869882044174,0.245489474174136,-8.30462824241337,1.00132464760461e-16,1.18127545052243e-15,"ENSG00000258498.8"
1309.67636048163,-1.12913128574256,0.135965471762805,-8.30454431631262,1.00203263775248e-16,1.18158034323401e-15,"ENSG00000091972.18"
475.11111056166,1.58929369711701,0.191389251951953,8.3039861481667,1.00675384938548e-16,1.18661516489902e-15,"ENSG00000149925.22"
1405.95768748079,1.16286911744844,0.140045423469313,8.30351387886122,1.01076562014457e-16,1.19080966202957e-15,"ENSG00000137310.12"
115.698528513105,2.01768205527811,0.243008275804345,8.30293556299547,1.01569969712449e-16,1.19608650713352e-15,"ENSG00000162746.14"
1644.76195692035,1.00478415264781,0.121044372927269,8.30095714776886,1.03275942690184e-16,1.21563138274465e-15,"ENSG00000184992.13"
478.60900277107,-2.05228181018566,0.247255999540001,-8.30023058693726,1.03909518380555e-16,1.22254153138519e-15,"ENSG00000175785.13"
583.606396146239,1.5365775654037,0.185129219906218,8.30002722521107,1.04087539381523e-16,1.22404404695574e-15,"ENSG00000197774.13"
5.22082067272727,-2.15187498336621,0.259262722278722,-8.29997835574998,1.04130364061522e-16,1.22404404695574e-15,"ENSG00000287797.1"
1269.65289247476,1.14878529668267,0.138440205243097,8.29806120747538,1.0582415568007e-16,1.24279410382256e-15,"ENSG00000128626.12"
751.678571243702,-1.65580647645856,0.199542531613758,-8.29801277485844,1.05867295634558e-16,1.24279410382256e-15,"ENSG00000166148.4"
212.62976119973,5.08402571071935,0.61269559469995,8.29780033461659,1.06056725586286e-16,1.24446204254908e-15,"ENSG00000241361.8"
3985.38186559925,-1.08444424317245,0.130705018913102,-8.29688295208801,1.06878587822852e-16,1.25348916535892e-15,"ENSG00000145390.11"
17.2964678545836,2.44466834666169,0.294681983088823,8.29595457800629,1.07716690041656e-16,1.26224943426432e-15,"ENSG00000188452.14"
1541.09931734131,-1.05576160163588,0.127267773296951,-8.29559262557767,1.08045200402377e-16,1.26497106787353e-15,"ENSG00000139132.14"
7.16747878255965,-2.71117016278417,0.326827699659437,-8.29541120782993,1.0821022779578e-16,1.26633910391108e-15,"ENSG00000236849.6"
155.092556984354,1.23306964031555,0.148651431333836,8.29504047994245,1.08548235222113e-16,1.26972933448064e-15,"ENSG00000128203.7"
123.375639628704,-1.27600765964376,0.153870988904446,-8.29271111291915,1.10695960069746e-16,1.29370058447007e-15,"ENSG00000223509.8"
541.216695655516,3.86405351494827,0.466089445801477,8.29036904773445,1.12897627888229e-16,1.31825910769179e-15,"ENSG00000172478.18"
39.3043041862773,-1.87753123974062,0.226499676355143,-8.28933299134926,1.13885299193332e-16,1.32920124511436e-15,"ENSG00000258636.2"
247.689775247174,1.79793458570106,0.216928314305434,8.28815081819877,1.15022673311481e-16,1.34128480271472e-15,"ENSG00000010030.14"
5617.79566431701,1.60380091146117,0.19362183023646,8.28316161200692,1.19947467911033e-16,1.39747307028971e-15,"ENSG00000149269.10"
16.9499427337217,-3.86117672972394,0.466325263707608,-8.28000760461683,1.23167415473809e-16,1.43435194874328e-15,"ENSG00000185053.14"
161.420175788575,1.71176864822914,0.20675376465068,8.27926229600342,1.23940669431167e-16,1.44271769500832e-15,"ENSG00000186907.8"
5.43672263354816,3.15006427330186,0.380598307481734,8.27661135474975,1.26729996962609e-16,1.47388107971912e-15,"ENSG00000135747.11"
54.530729058517,2.41390229080127,0.291664992841384,8.27628392178702,1.27078789023114e-16,1.47728389680828e-15,"ENSG00000223485.4"
929.124196594561,1.27127501152287,0.153639803700749,8.27438580954574,1.29119445254072e-16,1.50034283777986e-15,"ENSG00000163472.19"
53.9526761139196,1.85002937704914,0.223671295561718,8.27119712613573,1.3262056339117e-16,1.53898405658874e-15,"ENSG00000254973.2"
3043.17126466714,1.25391342867456,0.151699115415025,8.2657926201089,1.38769605722368e-16,1.60750124143091e-15,"ENSG00000140403.12"
38.5284420272242,2.28247278352465,0.276156747299808,8.26513494905376,1.39536804061318e-16,1.61567636913995e-15,"ENSG00000272468.1"
649.426480176545,1.08884975301839,0.13181187302068,8.26063485834513,1.44899709542024e-16,1.677033890622e-15,"ENSG00000174109.5"
6419.19553821087,-1.24320028287486,0.150511906749835,-8.25981352386412,1.4590021991489e-16,1.68638583124142e-15,"ENSG00000111961.18"
1113.80279078187,1.12172805519125,0.135818437530873,8.25902635594868,1.46865501148746e-16,1.69605133224676e-15,"ENSG00000101935.10"
1887.06655280532,2.17509603955163,0.263402719366603,8.25768255081809,1.48527940810453e-16,1.71449644104609e-15,"ENSG00000124171.9"
21.7892324509573,-2.50684349937485,0.303616495728895,-8.25661166188169,1.49866024047303e-16,1.72918286920953e-15,"ENSG00000237234.7"
396.700398070202,1.79113437587402,0.216948600379355,8.25603102643692,1.50596493939506e-16,1.73684872606669e-15,"ENSG00000161328.11"
2460.40006635205,1.11331459591487,0.134865231443,8.25501564786474,1.51882339675819e-16,1.75091027019265e-15,"ENSG00000180198.16"
14.4532561627186,-2.60988766137888,0.316227369414699,-8.25319979801078,1.54208922777867e-16,1.77539523709744e-15,"ENSG00000240602.7"
4698.12008796209,-3.03902385245594,0.368232289423472,-8.25300751657067,1.54457333941024e-16,1.7774766047749e-15,"ENSG00000135447.17"
3289.68487359093,1.00174756494504,0.121383863907329,8.25272431358605,1.54823926581856e-16,1.78091557386324e-15,"ENSG00000184117.12"
617.5708224677,-1.71562646367386,0.207907721360073,-8.25186506999703,1.55941433727657e-16,1.79220141849486e-15,"ENSG00000123360.12"
2820.29115475085,-1.57397136705145,0.190745108636197,-8.25169975945985,1.5615734215217e-16,1.79389841832502e-15,"ENSG00000144857.14"
3.63512879865151,-2.27981427255447,0.276300641367867,-8.25120876038477,1.56800364358032e-16,1.80049837343229e-15,"ENSG00000236711.2"
31.5839777664016,1.15158135445112,0.139607298871256,8.24871882603424,1.60101634929862e-16,1.83760321943079e-15,"ENSG00000256968.1"
363.557021835934,1.36346732013968,0.165366470318077,8.24512561414112,1.64986807054203e-16,1.891196352644e-15,"ENSG00000088305.18"
120.167186362366,-2.59943897634159,0.315295073758671,-8.24446428976309,1.65901793105522e-16,1.90085559284461e-15,"ENSG00000249307.7"
853.713638799106,1.05890702334765,0.128447350873697,8.24389927970472,1.66687483501493e-16,1.90902562804063e-15,"ENSG00000178295.15"
159.792513701775,2.34143792915207,0.284089700798204,8.24189656497002,1.69502073996644e-16,1.93957009705171e-15,"ENSG00000183734.4"
179.989381980176,-1.76078801222911,0.213663564415502,-8.2409371810581,1.70866928200227e-16,1.95433696293071e-15,"ENSG00000172458.4"
284.405739538307,-1.88249519519063,0.228461560471774,-8.23987716490802,1.72387546655016e-16,1.97087180351476e-15,"ENSG00000180229.12"
14.850731520608,-2.4845786227854,0.301561001232391,-8.23905814290196,1.73571582695811e-16,1.98354586068552e-15,"ENSG00000284708.1"
4670.72897177229,1.30228127700995,0.158067119960355,8.23878664542369,1.73965845219177e-16,1.9871874297005e-15,"ENSG00000105738.11"
471.47527769188,1.06706724229033,0.129521744052693,8.23851817387683,1.74356581718168e-16,1.99078557510006e-15,"ENSG00000156787.17"
95.4159392560887,-2.41308764456651,0.292920407819777,-8.23803183440599,1.75066610181955e-16,1.9980246556763e-15,"ENSG00000163492.15"
289.188716562141,-1.65210235007141,0.200603971282953,-8.23564129615913,1.78598316766293e-16,2.03744711713769e-15,"ENSG00000178175.12"
399.244779668696,1.4753139732031,0.179155869831811,8.23480678912783,1.79847656694879e-16,2.05080946141788e-15,"ENSG00000157193.18"
687.377532591851,-1.65511991913983,0.201019573387992,-8.23362566761224,1.81630652349109e-16,2.07024287352298e-15,"ENSG00000130518.17"
57.7404342534738,1.02238901746409,0.124204949403944,8.23146760552222,1.84933538167629e-16,2.10697577685217e-15,"ENSG00000175279.22"
55.1650652271552,2.2261901532055,0.270464861319431,8.23097737112796,1.85692049331408e-16,2.1147009638764e-15,"ENSG00000130477.15"
38.6222245848517,4.32991982589542,0.526136792422997,8.22964652586832,1.87766687696324e-16,2.13740130767007e-15,"ENSG00000130700.7"
2731.46413293906,1.03918947972047,0.126308385888964,8.22739893639369,1.91322431299185e-16,2.17599255052695e-15,"ENSG00000169957.10"
510.052883782492,-2.34311674566002,0.28492263415286,-8.22369466233049,1.97328079447906e-16,2.24332666098994e-15,"ENSG00000157064.11"
9687.51991721368,1.32603393767161,0.16125790529592,8.22306314371529,1.98370325446065e-16,2.25420044704902e-15,"ENSG00000130202.10"
350.127938421281,1.18415573512157,0.144007575892324,8.22287110788513,1.98688332300912e-16,2.25683842964441e-15,"ENSG00000175482.9"
2723.31823021189,-1.59246752762685,0.193670218793399,-8.22257308092184,1.99182853456114e-16,2.26147823768488e-15,"ENSG00000116574.6"
5.54267420598624,4.19053565022145,0.509675814445089,8.22196292516629,2.00199083252456e-16,2.27203484637632e-15,"ENSG00000235304.2"
1742.93258426387,1.07048634494792,0.130200707215583,8.22181666936291,2.00443434407078e-16,2.27382616743877e-15,"ENSG00000197562.10"
215.57015481524,-2.54095160094699,0.309165118953369,-8.21875252146487,2.05630878932358e-16,2.33066063900737e-15,"ENSG00000182836.10"
8.42124089823628,-1.60892651700139,0.195777698735495,-8.21812968174239,2.06701386594964e-16,2.34178415744053e-15,"ENSG00000230747.1"
9634.2478258278,1.36015695852687,0.165534641590349,8.2167511613241,2.09090297401103e-16,2.36782825372279e-15,"ENSG00000182054.10"
30.6214663442912,2.04443651741271,0.248824605226935,8.21637601131981,2.09745112435611e-16,2.3742207300851e-15,"ENSG00000224746.2"
867.344348192726,1.0867846133869,0.132277178736373,8.21596456598803,2.1046560461827e-16,2.38056798688402e-15,"ENSG00000178096.9"
7.41414663037499,-2.37661980214193,0.289268936020541,-8.21595237579593,2.10486988339616e-16,2.38056798688402e-15,"ENSG00000236915.2"
719.867133160975,-2.09533326389976,0.255065582530074,-8.21488043629998,2.12375755809678e-16,2.39977594843217e-15,"ENSG00000233608.4"
2.37482720143461,-3.69541746236523,0.449852984064838,-8.21472257219174,2.12655321648102e-16,2.4009589665802e-15,"ENSG00000285876.1"
4.60806117447932,-3.60141701617138,0.438450151024922,-8.21397143495719,2.13990508637878e-16,2.41499636283297e-15,"ENSG00000253474.2"
223.365405193543,3.13192091601269,0.381326137351449,8.21323431371858,2.15308814613805e-16,2.42778931072898e-15,"ENSG00000123388.4"
10291.5126454506,1.78723598044438,0.217608502858983,8.21307971408895,2.15586322619306e-16,2.42987603075723e-15,"ENSG00000075275.18"
1010.88699354942,1.04004024137261,0.126741548809193,8.20599283458633,2.28693057100408e-16,2.5734093863464e-15,"ENSG00000167670.16"
360.429825675515,1.08686888137368,0.132497158731873,8.2029599108092,2.3453942899923e-16,2.63784097210773e-15,"ENSG00000169972.12"
5.21062595424794,-3.35614399483444,0.409287825790046,-8.1999604761175,2.40466078612904e-16,2.70218486971423e-15,"ENSG00000249487.7"
247.033890947065,1.23001660941339,0.15007828968543,8.19583306813764,2.48863510187858e-16,2.79415997512929e-15,"ENSG00000251442.6"
4.56154626446834,-2.33500907998797,0.284952214780138,-8.19438824783166,2.51870851509525e-16,2.82671795946898e-15,"ENSG00000251189.1"
68.0070797776448,1.13948247838653,0.139088304132822,8.19251112083717,2.55831581305966e-16,2.86994335597354e-15,"ENSG00000167550.11"
25.2370660518703,-2.78003683622918,0.339405388996016,-8.19090364019476,2.59272110828296e-16,2.90605891727545e-15,"ENSG00000276289.4"
297.124025969054,-2.93588719501569,0.358465351457704,-8.19015612827537,2.60887525458081e-16,2.92291889136411e-15,"ENSG00000258545.6"
5142.3350236362,1.29609936022073,0.158279104544939,8.18869530470924,2.64073137698689e-16,2.95734910578284e-15,"ENSG00000185043.12"
61.8273194075095,-1.82271965931395,0.222694763404765,-8.18483394690795,2.72679376854089e-16,3.05113015803869e-15,"ENSG00000122733.12"
5100.28274538853,-1.36940452810346,0.167319564132518,-8.18436585825005,2.73741266813419e-16,3.06170870507401e-15,"ENSG00000087074.8"
2900.4108010249,-1.25234394071956,0.153017581147739,-8.18431405937871,2.73859026162698e-16,3.06172294498526e-15,"ENSG00000151090.20"
474.420678031852,-1.03328420421131,0.12626117094085,-8.18370522395505,2.75246898477675e-16,3.07593090118503e-15,"ENSG00000248275.2"
273.32073925698,1.37480656513655,0.168017366346386,8.182526574677,2.77953422201926e-16,3.10353770142541e-15,"ENSG00000176749.9"
294.043890369636,2.38903093038965,0.291976553552937,8.18226977926331,2.78546570810603e-16,3.10883994360335e-15,"ENSG00000178773.15"
2778.00948420052,1.2293392942356,0.150248086539601,8.18206289709775,2.79025336614014e-16,3.11286160762426e-15,"ENSG00000130204.13"
1948.67413655033,-1.29533062397817,0.158324300496214,-8.1815022704562,2.80326817375627e-16,3.12605433512982e-15,"ENSG00000176435.7"
4.32024550205157,-4.48520573649907,0.548356607327934,-8.17935933763041,2.85356963103902e-16,3.1807983113753e-15,"ENSG00000224568.2"
114.548129265117,4.28831524273241,0.524299123337807,8.17913868600814,2.85879927332531e-16,3.18527681645114e-15,"ENSG00000143452.16"
25.751262607741,-1.97422627366916,0.241376393987601,-8.1790362390225,2.86123056939402e-16,3.18663492737087e-15,"ENSG00000264345.2"
1150.01730771951,1.44821178743217,0.177121469501336,8.17637631118031,2.92507495129907e-16,3.25498179593331e-15,"ENSG00000169683.8"
405.779066317259,2.02783104034704,0.248064350056405,8.17461694873103,2.96807312110638e-16,3.30143182036225e-15,"ENSG00000101194.18"
265.519722783103,2.39192936571141,0.292638782659687,8.17365813229553,2.99176790075617e-16,3.32497367879388e-15,"ENSG00000138944.8"
42.8064622936352,-1.49789359695671,0.183258011939234,-8.17368682059802,2.99105624185708e-16,3.32497367879388e-15,"ENSG00000267710.9"
1666.87726846282,1.09172835101337,0.133582177991622,8.17270961910689,3.0153914882728e-16,3.34981191368395e-15,"ENSG00000167645.17"
13.2259006309189,2.26349301166502,0.277003860040524,8.17134104677777,3.04980138948106e-16,3.38660666333419e-15,"ENSG00000233791.5"
6765.42185154289,1.36786006176828,0.167419315482245,8.17026433197516,3.07714490951641e-16,3.41552689196492e-15,"ENSG00000127663.15"
9337.67401065859,1.60800436069839,0.196862151676955,8.1681742630604,3.1309144515583e-16,3.47227660104465e-15,"ENSG00000147676.14"
3723.40960930706,1.78134558344669,0.21817109748502,8.16490178571431,3.21696845896292e-16,3.56620830769218e-15,"ENSG00000025708.14"
1668.66291533993,-1.97065170012111,0.241381309153507,-8.16406086714805,3.2394553822199e-16,3.5896224817145e-15,"ENSG00000092445.12"
615.935186723205,1.6544562867504,0.202657994945366,8.16378493824742,3.24686767427056e-16,3.59631984620848e-15,"ENSG00000141854.9"
4.08111677893912,3.32250417631046,0.407098396571463,8.16142781276521,3.31087239027082e-16,3.66566848803194e-15,"ENSG00000227964.1"
172.141297407523,4.02990042976212,0.493871708983593,8.15981226795883,3.35545704735889e-16,3.71346665401183e-15,"ENSG00000143556.9"
1295.47875877294,-1.31006572031439,0.160554057063719,-8.15965503627517,3.35982768406052e-16,3.71673867204742e-15,"ENSG00000105538.10"
6.9326538050459,-2.49425563353866,0.305704886532779,-8.15903095900046,3.3772308308921e-16,3.73441881191282e-15,"ENSG00000279711.1"
30870.3723646773,1.01596288706479,0.124522728633891,8.15885499949026,3.38215371019958e-16,3.73828966017181e-15,"ENSG00000172757.13"
1913.79816312658,-1.50835993351259,0.184895724274325,-8.15789515648658,3.40913234231655e-16,3.76652519905205e-15,"ENSG00000020577.14"
8.27016781278162,-3.47824000389169,0.426381407109289,-8.15757897951717,3.41806559151409e-16,3.7748082356032e-15,"ENSG00000183695.3"
276.522749694825,-2.32794843268848,0.285585708615234,-8.15148784572025,3.59473814412056e-16,3.96658679177434e-15,"ENSG00000196167.10"
7.81960320006476,-3.76898310650623,0.462490478145644,-8.14932043924012,3.65975004746165e-16,4.03662904941175e-15,"ENSG00000036473.8"
1923.76816985358,-1.11904955084955,0.137346821377096,-8.14761885007233,3.7116004070064e-16,4.09210172389917e-15,"ENSG00000070778.13"
80240.1421504048,3.48145962940567,0.427391619977134,8.14583035014099,3.76687952554884e-16,4.15130655972854e-15,"ENSG00000211896.7"
676.898841664655,-1.44345317189238,0.177203743417071,-8.14572617969497,3.7701241239296e-16,4.1531409251201e-15,"ENSG00000161835.11"
815.266619181527,-1.19150731451227,0.146275832860555,-8.14561975967783,3.77344163396692e-16,4.15505403884317e-15,"ENSG00000185112.6"
939.041909648762,1.15911332469849,0.142319341466238,8.14445396357782,3.80997278311969e-16,4.19352280701498e-15,"ENSG00000115541.11"
10392.6567503981,-1.61030181009214,0.197722300237082,-8.14425994519226,3.81608624242491e-16,4.19849354524472e-15,"ENSG00000171992.13"
270.88122201286,2.52720179127257,0.310311025117666,8.1440928188558,3.82136009162109e-16,4.20253676352171e-15,"ENSG00000123364.5"
85.4245743169749,-1.82805964398322,0.224479979873958,-8.14353086190425,3.83914597934466e-16,4.22033094609348e-15,"ENSG00000145283.8"
38.5574502312993,2.81923120877493,0.346296747805038,8.14108485466381,3.91751704360752e-16,4.30288416106059e-15,"ENSG00000283162.1"
37.2537501446851,-2.47242630221833,0.303747544985237,-8.13974085729153,3.96124827838891e-16,4.34909982243835e-15,"ENSG00000286081.1"
21.6873832599965,2.7724858683249,0.340682804925127,8.13802701000487,4.01771226307865e-16,4.40741023049913e-15,"ENSG00000178796.13"
180.055238194964,1.17038583783212,0.143823668307543,8.13764418335827,4.03043274472059e-16,4.41951999425265e-15,"ENSG00000186792.17"
476.723375487398,-1.33344781355068,0.163868905199703,-8.13728395833023,4.04243846673676e-16,4.43083622434149e-15,"ENSG00000269190.6"
10.2398501738307,-2.71134222802699,0.333238157108863,-8.13634984525869,4.07373539871503e-16,4.46141921749274e-15,"ENSG00000141255.13"
899.90817097314,1.08840867629322,0.133770535254152,8.13638574612367,4.0725281598822e-16,4.46141921749274e-15,"ENSG00000169220.18"
137.820478114161,-3.29525071801979,0.405052429828999,-8.13536835073659,4.10687709759233e-16,4.49584163403235e-15,"ENSG00000165349.12"
1111.30692460657,-1.13427480632038,0.139435058527538,-8.13478918643957,4.12655799870793e-16,4.51550584671271e-15,"ENSG00000101695.9"
2.76064498241766,-4.59282528604926,0.564636432769944,-8.13412847541236,4.14912350284828e-16,4.53830887011503e-15,"ENSG00000236961.1"
1130.15626381626,-1.77284203245836,0.218086416024482,-8.12908050292935,4.32558984614041e-16,4.72935954725268e-15,"ENSG00000137872.17"
5453.86353670314,-1.24676799271269,0.153398316177867,-8.12765109668513,4.37688875752548e-16,4.78146899845385e-15,"ENSG00000126561.17"
166.436873677707,3.50455870834923,0.431217443719023,8.12712648663806,4.39586611460783e-16,4.80020544064613e-15,"ENSG00000249306.6"
11.1354394546831,-2.67069438916462,0.328648546925059,-8.12629300860294,4.42618341219825e-16,4.83130418630476e-15,"ENSG00000274312.1"
103.021169131996,2.86688334547424,0.352826524808854,8.12547567682841,4.45611348014267e-16,4.86195461652428e-15,"ENSG00000116329.11"
2333.74238080282,1.19597756311177,0.147235701491186,8.12287747468204,4.55258864589348e-16,4.96103814132107e-15,"ENSG00000183684.8"
2.71278329103318,-3.80848027160989,0.468877058583403,-8.12255622639393,4.56465915152772e-16,4.97213017566327e-15,"ENSG00000285732.1"
653.157193126585,2.49831706844156,0.30762246069423,8.12137404662672,4.60935028268034e-16,5.01873085459694e-15,"ENSG00000153132.13"
17.2003001232531,2.63465866855504,0.324413306292142,8.12130272542664,4.61206025900738e-16,5.01960214690476e-15,"ENSG00000141977.9"
97.6372828782972,-1.39436332150793,0.171701667996736,-8.12084901548212,4.62933658063047e-16,5.03631964757e-15,"ENSG00000166793.13"
9.71544766262076,-1.78030646369052,0.219294723536116,-8.11832786025657,4.72650505780375e-16,5.13777745820157e-15,"ENSG00000228330.1"
96.3324000370107,-1.42852211208541,0.175962396082355,-8.11833746237932,4.72613119394067e-16,5.13777745820157e-15,"ENSG00000255389.1"
19.2833215615961,1.77517136096247,0.218670740758134,8.11801046087801,4.73887959264435e-16,5.1490992646988e-15,"ENSG00000169627.9"
5.47522155780352,-2.36454921250787,0.291274560319285,-8.11793934189082,4.74165670306595e-16,5.14998780096634e-15,"ENSG00000221340.1"
23.8904807686342,2.68740271841609,0.331116899064403,8.11617506086088,4.8110654575217e-16,5.22105881443023e-15,"ENSG00000230107.1"
1628.42172955649,1.11617255009743,0.137564017602929,8.11384088329843,4.90443519397953e-16,5.32018880060083e-15,"ENSG00000162910.19"
53.7920851828984,-1.70382845329678,0.210025962500451,-8.11246587332324,4.96027055382214e-16,5.3785375922715e-15,"ENSG00000231007.5"
1115.41730798192,-1.39742779219047,0.172335996440155,-8.10874002562627,5.11473468354385e-16,5.54373964627904e-15,"ENSG00000170919.16"
83.7709005935405,3.73157309316653,0.460299248485043,8.10684159369811,5.19525199370949e-16,5.62637014432057e-15,"ENSG00000184937.16"
8.45189214574857,3.77861386711289,0.466216336380158,8.10485084338993,5.28102642577041e-16,5.71690686058277e-15,"ENSG00000255345.1"
5.16833699674426,2.86139274175548,0.353134889530096,8.10283216581356,5.36942891979652e-16,5.81021283359126e-15,"ENSG00000152969.20"
30.7738980188072,2.13460057504159,0.263464288360051,8.10204900378925,5.40411659337385e-16,5.84534158601804e-15,"ENSG00000226363.3"
2293.4312317043,1.03035882131298,0.127181290236476,8.10149684279165,5.42870544349787e-16,5.86710912322771e-15,"ENSG00000114993.17"
600.394149905162,-1.40315773236873,0.17320655533946,-8.10106597650848,5.44796934413462e-16,5.88550868233598e-15,"ENSG00000149557.14"
31.0169703096154,4.44520487399326,0.548848004380082,8.09915466307301,5.53423892389811e-16,5.97625044682571e-15,"ENSG00000170231.16"
3874.22663854192,-1.2640405099232,0.156079070460606,-8.09871884931706,5.55409762122946e-16,5.99523210991356e-15,"ENSG00000082438.17"
70.8641111708076,-2.8576641410711,0.352859797078787,-8.0985823965461,5.5603297782535e-16,5.99949539784955e-15,"ENSG00000277531.2"
21.1025111997221,-2.24395812219732,0.277202282914475,-8.09502035338448,5.72547782331165e-16,6.17515219975066e-15,"ENSG00000251257.2"
259.590047305706,3.37678667414033,0.417172907124457,8.09445344237785,5.7522037821439e-16,6.20143249425227e-15,"ENSG00000204740.11"
12.7323602382291,2.76475743845561,0.341714135560274,8.09084890188263,5.9250319498377e-16,6.3799074055524e-15,"ENSG00000271013.1"
724.563549423441,-2.68163517748898,0.331444738174516,-8.09074596344026,5.93004199284436e-16,6.38268729483707e-15,"ENSG00000158445.10"
91.0997506133265,-4.65909649909548,0.575945717538688,-8.08947155472601,5.99241464716611e-16,6.44454282267243e-15,"ENSG00000286647.1"
12.5002914641915,3.12026257694763,0.385865755613523,8.08639411908021,6.1457095344454e-16,6.60670058909459e-15,"ENSG00000246095.2"
2028.07989982682,1.22293993632733,0.151235453329104,8.08633101172436,6.14889316565352e-16,6.60742060368099e-15,"ENSG00000130731.16"
192.65963532512,-1.82106378392781,0.22522836566626,-8.08541046124821,6.19551813314261e-16,6.6545999449229e-15,"ENSG00000186188.11"
9.24986163048952,2.24324403609002,0.277445014870211,8.08536436359979,6.19786207014582e-16,6.6545999449229e-15,"ENSG00000287688.1"
437.86464280773,-1.46050658230478,0.180681408692242,-8.08332519032157,6.30242724075265e-16,6.76134684065072e-15,"ENSG00000254122.3"
100.243987312353,3.25378462941577,0.402545274916874,8.08302775405247,6.31782380115065e-16,6.7750991754159e-15,"ENSG00000129654.8"
25.653215321731,-2.40137681254149,0.297109311409862,-8.08246904530296,6.34684519170946e-16,6.80344531072151e-15,"ENSG00000272789.1"
31.3688861933492,3.69061040663428,0.456641008854081,8.08208271941166,6.36698915849131e-16,6.81669829090776e-15,"ENSG00000153294.12"
9.29922300065685,2.12087201582962,0.262415661907218,8.08210912571023,6.3656102666387e-16,6.81669829090776e-15,"ENSG00000260442.5"
66.4384689479471,-1.36571077365677,0.169000588889186,-8.08110067919506,6.41847915286147e-16,6.86902711945484e-15,"ENSG00000286707.1"
615.036160494208,-1.48879091219,0.184262502442332,-8.07972806434638,6.49113577535843e-16,6.94395656164106e-15,"ENSG00000267107.8"
15393.6484526938,1.90057371837578,0.235252348230069,8.0788724647164,6.53683461831375e-16,6.98999841772818e-15,"ENSG00000115884.11"
268.291273187402,-1.82931297910425,0.226435260222967,-8.07874611623192,6.54360988657863e-16,6.99439781451129e-15,"ENSG00000078399.19"
13113.7130144008,1.79404409544056,0.222078700849059,8.07841584348929,6.56135302068475e-16,7.0105123087674e-15,"ENSG00000109062.12"
225.99382807391,3.87540589671721,0.479740857917104,8.0781234968043,6.57709821236799e-16,7.02447986240878e-15,"ENSG00000165078.13"
15741.673988931,-1.78917553141021,0.221496741199365,-8.07766074445226,6.60209723945227e-16,7.04627338291112e-15,"ENSG00000170525.21"
138.766903730417,2.03367890776446,0.251766265632654,8.07764655306023,6.60286537137045e-16,7.04627338291112e-15,"ENSG00000240204.3"
136.1501193074,2.47185198546325,0.30621771755325,8.0722043296969,6.90402083109126e-16,7.36167478800822e-15,"ENSG00000115507.10"
45.7018313150256,-1.88569886135894,0.233720146699183,-8.06819133048889,7.13471792096088e-16,7.59841676801198e-15,"ENSG00000255398.3"
4245.40498653339,-2.30916168617401,0.286218319002198,-8.06783330369668,7.15566526047996e-16,7.61763895125376e-15,"ENSG00000179388.9"
11.9849730337683,-1.23434617172722,0.153075175957558,-8.06365998932094,7.4043516620745e-16,7.87281468794362e-15,"ENSG00000262497.1"
1919.6902777514,-1.5992049761654,0.198324586000942,-8.0635740046764,7.4095639769311e-16,7.8751710299093e-15,"ENSG00000185070.11"
59.6106178401992,-2.11189843185345,0.261911290982873,-8.06341117990043,7.41944418096296e-16,7.88248467471425e-15,"ENSG00000106006.6"
1007.90353264114,1.23187683381096,0.152784915653263,8.06281712133569,7.45560184030946e-16,7.91769853618965e-15,"ENSG00000244187.8"
63.4130501451849,2.17000615069171,0.269242836563723,8.05966159912347,7.65059425736494e-16,8.11821636901817e-15,"ENSG00000272449.2"
489.967776147956,-1.50470596798977,0.186710049525193,-8.05905183902133,7.68884894437797e-16,8.1555167737704e-15,"ENSG00000241399.7"
38.5680569018252,2.1755801999501,0.269963296458778,8.05879994980094,7.70470673860421e-16,8.16904041619496e-15,"ENSG00000246465.1"
62.6528687128921,1.89682871633859,0.235379466002555,8.05859894472698,7.71738421269037e-16,8.1763225631465e-15,"ENSG00000273812.3"
721.944019854901,1.11196921206299,0.137999744164505,8.05776285162849,7.77033786219809e-16,8.22535482762846e-15,"ENSG00000181135.16"
70.8915008599052,3.54907517700112,0.440486379530762,8.05717348350669,7.80788023095653e-16,8.26176827658862e-15,"ENSG00000282933.2"
157.766917366944,2.08294317671731,0.258523867544786,8.05706334389595,7.81491584571131e-16,8.26588523495678e-15,"ENSG00000121904.17"
71.4455705743414,2.66401189018929,0.330774156498718,8.0538694993229,8.02167467577771e-16,8.48116239654631e-15,"ENSG00000163623.9"
31.4943073570306,1.34021824028105,0.166482842442568,8.05018835946046,8.26667111751545e-16,8.73667807208589e-15,"ENSG00000261220.2"
41.4250707028909,-1.31112433752975,0.162876865961885,-8.0497885920556,8.29371716677409e-16,8.76173882682839e-15,"ENSG00000213071.11"
4752.93995516014,-1.32491208889977,0.164597495891386,-8.04940610866916,8.31967547475693e-16,8.78563078258382e-15,"ENSG00000134853.12"
548.382428978794,1.61629263493879,0.200810499553558,8.04884524729599,8.35788471473855e-16,8.82243541534892e-15,"ENSG00000185697.16"
18.3664598440844,-1.78668837941592,0.221992773592895,-8.04840784003386,8.3878034671901e-16,8.85046271905358e-15,"ENSG00000250327.1"
262.437033488427,-1.69666607089971,0.210840369965844,-8.04715942764929,8.47377671873722e-16,8.93759017958624e-15,"ENSG00000115705.22"
74.9105396350645,1.4118216255843,0.175464337942917,8.04620267648688,8.54025150023294e-16,9.00409027004102e-15,"ENSG00000182791.5"
3598.23248099693,-2.52233502806718,0.313531351734177,-8.04492123073456,8.63009145937406e-16,9.095161343953e-15,"ENSG00000109906.14"
28.0494242557081,-1.52965001121216,0.190151244172397,-8.04438602476531,8.66788889590062e-16,9.13133433827062e-15,"ENSG00000234076.1"
28.0295268103807,-1.51345535912395,0.188152183232684,-8.04378313937653,8.71066136069643e-16,9.17271727582312e-15,"ENSG00000235888.3"
31.2079562789825,-1.32635539202804,0.164908305527535,-8.0429872090741,8.76744825865513e-16,9.22512450082032e-15,"ENSG00000286373.1"
75.7011458537376,-1.86533747951865,0.231969125879332,-8.04131787990173,8.88773646789571e-16,9.34794979280395e-15,"ENSG00000272505.1"
126.608596591867,-1.49638106117596,0.18609078690061,-8.04113457790456,8.90104346990566e-16,9.35820106252002e-15,"ENSG00000260025.1"
36.6747465734374,3.91605761833783,0.487012861833023,8.04097370980827,8.91273803023064e-16,9.36674955564103e-15,"ENSG00000070886.12"
24.9337787284588,1.82706013658906,0.22722592401202,8.04072046151042,8.93117899471705e-16,9.38237844512961e-15,"ENSG00000234996.4"
78.9795385133247,-1.36931330811378,0.170325991062415,-8.03936791779479,9.03030648019766e-16,9.48272375251759e-15,"ENSG00000214290.8"
5206.48034302129,-1.3265715580728,0.165058040953582,-8.03700050242241,9.20642921212447e-16,9.66380932154471e-15,"ENSG00000119729.12"
726.719434774441,1.16981401403068,0.145562223036043,8.0365220428175,9.24243289997009e-16,9.69385899213144e-15,"ENSG00000127580.17"
219.886966848362,-2.00543291263893,0.249538752155212,-8.03655903268907,9.23964450239128e-16,9.69385899213144e-15,"ENSG00000166257.9"
36.5080758242948,-2.43130195398629,0.302573275727713,-8.03541538207172,9.32624052128861e-16,9.77785823141403e-15,"ENSG00000266265.4"
3.33447995529288,-3.11740592751031,0.387973282814918,-8.03510464661937,9.34990689660218e-16,9.79876207616793e-15,"ENSG00000259664.3"
1789.60349638728,-1.07242715100351,0.133475885906915,-8.03461347131582,9.38743674389612e-16,9.83417247415567e-15,"ENSG00000214944.9"
406.387808178965,-1.15599322445694,0.14387971769601,-8.03444184467564,9.40058539284079e-16,9.84402336515647e-15,"ENSG00000138738.11"
21.1479936475426,-5.27760591207257,0.656952270951833,-8.03346931798568,9.47543596380034e-16,9.91845316099275e-15,"ENSG00000259517.3"
34503.665713614,-1.43544003597104,0.17870735441795,-8.03235009911188,9.5623035764515e-16,1.00053975797552e-14,"ENSG00000152583.12"
103.251572563873,-1.35037583477565,0.168161021715681,-8.03025469873039,9.72705161853928e-16,1.01696827661769e-14,"ENSG00000249249.2"
381.457646104264,1.51527750584095,0.18876438413897,8.02734855281487,9.96018074018474e-16,1.04092799433406e-14,"ENSG00000165644.11"
1448.82882008939,1.13386795946014,0.141275318558382,8.02594516176271,1.00747222103678e-15,1.05248012153143e-14,"ENSG00000184489.12"
412.516168266934,2.09873180224832,0.261678600660326,8.02026530618983,1.05517011428366e-15,1.10143333136742e-14,"ENSG00000105290.13"
7815.35341932524,3.03953718552551,0.379213259427806,8.01537686238045,1.09799822153747e-15,1.144775297695e-14,"ENSG00000211897.9"
201.739246328366,1.34201345984462,0.16743106566258,8.01531934670442,1.09851217872527e-15,1.14485702242724e-14,"ENSG00000134986.14"
73.2094108951317,2.44529709763708,0.305081912996561,8.01521490939597,1.09944603120048e-15,1.14537611906751e-14,"ENSG00000174672.16"
290.893967632562,-1.47834350281895,0.184491967190226,-8.01305078662131,1.11897404074909e-15,1.16525807000987e-14,"ENSG00000136274.9"
30.9803209425938,-1.6849854423389,0.210288171546419,-8.01274474901672,1.12176301165372e-15,1.16769976230916e-14,"ENSG00000162571.14"
2351.75995303774,-1.08995537514692,0.136096693600748,-8.00868372558997,1.1594265386516e-15,1.20499672368204e-14,"ENSG00000087253.13"
899.147645959148,-1.34447264876166,0.16789180127621,-8.007970839206,1.16616546237759e-15,1.21149545690858e-14,"ENSG00000111962.8"
2264.86115354212,-1.27051012750806,0.158656599371718,-8.00792486753968,1.16660135498236e-15,1.21149545690858e-14,"ENSG00000115459.18"
2124.8034900648,1.04566555888354,0.130594060225081,8.00699171984795,1.1754840177808e-15,1.22023783267577e-14,"ENSG00000105520.10"
44.8943051916863,1.77473444198494,0.221687261042436,8.00557701709893,1.1890778346517e-15,1.23386189522247e-14,"ENSG00000286989.1"
6172.28950879162,1.15516204375923,0.144318787489914,8.00423883716426,1.20207881441244e-15,1.24636842437936e-14,"ENSG00000169242.12"
1838.57062008042,1.82086291391658,0.227532629739538,8.00264522939397,1.21774414469423e-15,1.2621130559599e-14,"ENSG00000078098.14"
17137.5872516808,2.28768693779859,0.285877615581644,8.00232971421735,1.22086945613974e-15,1.26485347990449e-14,"ENSG00000185499.16"
444.659658499247,-1.93976353272758,0.242525092766537,-7.99819726115871,1.26253994294479e-15,1.30750984477387e-14,"ENSG00000137285.10"
48.2774436836596,3.22120161283737,0.402818534670433,7.99665689532584,1.2784283745548e-15,1.32344274898772e-14,"ENSG00000135638.14"
113.684015447799,-2.18400326768879,0.273164834440383,-7.99518456379287,1.29379908518222e-15,1.33777400294766e-14,"ENSG00000133710.16"
4431.61573801536,2.6658612273369,0.333467972451787,7.99435462343337,1.30254349819565e-15,1.34575681236535e-14,"ENSG00000117472.10"
11.299789050303,1.98477023693164,0.248296868027026,7.9935371424645,1.31121354117376e-15,1.35418218924209e-14,"ENSG00000181215.15"
207.602970604117,7.12741153122793,0.891714524143031,7.99292973059693,1.31769241974513e-15,1.35980477269655e-14,"ENSG00000170367.5"
3132.79528645027,-2.49890806778808,0.312655665769522,-7.99252449699785,1.32203231635152e-15,1.36321292283183e-14,"ENSG00000073282.14"
10.5365695245305,3.58124989013848,0.448116332952019,7.99178612068562,1.32997627367109e-15,1.37086652459494e-14,"ENSG00000255007.1"
2329.7119090532,-1.32583646586969,0.165907828645454,-7.99140388186871,1.33410711212642e-15,1.37458531301963e-14,"ENSG00000136869.16"
3500.33328710015,-1.67630100158794,0.209801766766763,-7.98992795638128,1.35017632300839e-15,1.39059696214548e-14,"ENSG00000104490.18"
444.958134510913,-2.5446599602062,0.318490691066125,-7.98974673855657,1.35216243546531e-15,1.39209704088407e-14,"ENSG00000080493.18"
999.771986236905,-1.50265714775089,0.188103751259345,-7.98844859653611,1.36647421168078e-15,1.40628066483232e-14,"ENSG00000090530.10"
3378.88518353628,1.24703501194347,0.156140662897564,7.98661276826777,1.38696891364778e-15,1.42681373488525e-14,"ENSG00000204219.11"
1058.79563109313,-1.95114878172286,0.244426867252133,-7.98254628739398,1.43345026271701e-15,1.47232538902907e-14,"ENSG00000153823.19"
5.23968468014947,-2.94413231305413,0.368947739020275,-7.97980852483916,1.4656046604903e-15,1.5035891060237e-14,"ENSG00000231165.3"
21.6107128241906,-1.80855822083274,0.226640944233985,-7.97983888985907,1.46524416367242e-15,1.5035891060237e-14,"ENSG00000265939.1"
47.8492212262969,5.65584019931532,0.708870449188648,7.9786655033918,1.47923845960608e-15,1.51698414640212e-14,"ENSG00000011677.13"
2975.511247651,-2.31342173297306,0.290006961742758,-7.97712482166245,1.49781334881434e-15,1.53483532398582e-14,"ENSG00000137033.11"
1559.41406220343,-1.63816681281116,0.205425223212442,-7.97451640647376,1.52978623984126e-15,1.56637715340817e-14,"ENSG00000196159.14"
31.6641245395635,-2.73856555452971,0.343425415127093,-7.97426583444978,1.53289281056319e-15,1.568946831497e-14,"ENSG00000231638.1"
84.943030322862,-1.05957385755419,0.132935556369937,-7.97058278829159,1.57927826233243e-15,1.61516536370216e-14,"ENSG00000278727.1"
12.439596906967,4.2583533538986,0.534306511284305,7.96986984804444,1.58841565353326e-15,1.6238785312123e-14,"ENSG00000287446.1"
73.1697575246532,3.41473425621635,0.428463526385689,7.96971981494293,1.59034517290236e-15,1.62521899395668e-14,"ENSG00000196427.13"
2683.15418995297,-1.33691417592862,0.167793712105981,-7.96760593200417,1.61777769356147e-15,1.65196848863907e-14,"ENSG00000153246.13"
86.8902388288387,1.44208356211367,0.181011289225594,7.96681559632674,1.62815338254894e-15,1.66191780609384e-14,"ENSG00000161664.7"
11.3613450563783,-3.12690518940111,0.392509060101051,-7.96645353510081,1.63292846042346e-15,1.66609665670073e-14,"ENSG00000231013.2"
74.4304886668446,-1.43737732033254,0.180429764218313,-7.96640912634223,1.63351509827948e-15,1.66609665670073e-14,"ENSG00000259728.5"
2211.23446788942,1.68173422779233,0.211105751479419,7.96631174663323,1.63480220693238e-15,1.6667626534915e-14,"ENSG00000141741.12"
4962.71527620396,1.64315658141917,0.206277764321083,7.96574748047737,1.64228003764019e-15,1.67373743735303e-14,"ENSG00000112996.11"
40.1427361752647,2.44460050889623,0.30694157909781,7.9643836982973,1.66049269504737e-15,1.68967828093787e-14,"ENSG00000213937.4"
2733.22022924504,-1.08499743241851,0.136242165913413,-7.96374180595499,1.66913356851613e-15,1.69781372735596e-14,"ENSG00000148737.17"
6.75709127683056,4.37527672643281,0.549635214447506,7.96032825304115,1.71583468578936e-15,1.74329334678343e-14,"ENSG00000196364.9"
133.162320987413,2.11632622719131,0.265863176655128,7.96020815600412,1.71750096798536e-15,1.74431203410074e-14,"ENSG00000183196.10"
28362.5409215367,1.82394238642143,0.229136810020367,7.96005838721115,1.71958116310207e-15,1.74575014642622e-14,"ENSG00000111799.21"
1272.34180231765,-1.62936838318586,0.204711360800394,-7.95934518150456,1.72952123967621e-15,1.75516356230307e-14,"ENSG00000129680.16"
322.321281758414,-1.07891912357601,0.135597026449098,-7.95680518835736,1.76538340525909e-15,1.78948466732857e-14,"ENSG00000213398.8"
51.5351670474715,-1.87852740854101,0.23609823822757,-7.95654987789591,1.7690283877065e-15,1.79248813193823e-14,"ENSG00000280294.1"
31.9535532698553,1.80313317777485,0.226626956383767,7.95639321353038,1.77126870121669e-15,1.79406653344044e-14,"ENSG00000234261.4"
132.810252685362,1.34019098098382,0.168567686812672,7.95046195581457,1.85817299227345e-15,1.87991604807218e-14,"ENSG00000128578.10"
3874.74131050789,-1.23686359576213,0.155582600295293,-7.94988381357933,1.86686519253132e-15,1.88798325203898e-14,"ENSG00000163659.13"
1231.89400059528,-1.6867395803081,0.212249442479158,-7.94696824927459,1.91131373911978e-15,1.93219116611632e-14,"ENSG00000185561.10"
11.3294276612679,-2.49188969294449,0.313639526190176,-7.94507542851446,1.9407265689683e-15,1.96041726128988e-14,"ENSG00000229694.7"
329.411929889586,1.16609118052396,0.146794858031877,7.94367865576559,1.96271664349887e-15,1.98186877670858e-14,"ENSG00000204366.4"
155.768205220586,1.73147096746924,0.21801086874705,7.9421314057429,1.98736228940403e-15,2.00598427091765e-14,"ENSG00000171502.15"
55.6993107735695,-1.67829579514432,0.211353490146839,-7.9407053745756,2.01034684410626e-15,2.02684911586072e-14,"ENSG00000146521.10"
3366.15234718834,-1.17491421716307,0.147991078142187,-7.93908816607334,2.03672966191389e-15,2.05266113626322e-14,"ENSG00000118971.9"
738.210187076861,-1.46253073704091,0.184247378951587,-7.93786454582456,2.05691788393445e-15,2.07221271220135e-14,"ENSG00000181804.15"
78.5417319987818,-1.09224153474165,0.137611875944155,-7.93711681675569,2.06935136294887e-15,2.0839398936302e-14,"ENSG00000260329.1"
29.5906023940995,2.4083575886176,0.303455903715215,7.93643346243075,2.08077911358467e-15,2.0946456614883e-14,"ENSG00000069764.10"
2855.76915395096,-2.44128256890641,0.307662876078463,-7.93492734652788,2.10618582189932e-15,2.11940995952533e-14,"ENSG00000154027.19"
136.93213757272,1.60261881259073,0.201995941284204,7.9339159113889,2.12341896823793e-15,2.13511645605071e-14,"ENSG00000285043.2"
2217.49637448484,-2.72178403290701,0.343095766009874,-7.93301550922862,2.13887708582566e-15,2.14901549403064e-14,"ENSG00000160307.10"
74.7793969034036,1.85568732176,0.233939683343384,7.93233236550194,2.15067919596675e-15,2.16004784053458e-14,"ENSG00000267374.2"
7145.34262926094,1.13356525700914,0.142950717875609,7.92976260528845,2.1956519823227e-15,2.20353252017449e-14,"ENSG00000141756.19"
1379.96293706635,1.39085612941744,0.175396057473867,7.92980269596238,2.19494330355912e-15,2.20353252017449e-14,"ENSG00000144040.13"
33.0837915015238,2.42230109960302,0.305500151242418,7.9289685774358,2.20973444987321e-15,2.21681909467433e-14,"ENSG00000249917.3"
245.531155144017,-1.9893393717586,0.250947378882282,-7.92731679692813,2.2393151652552e-15,2.24392526891222e-14,"ENSG00000131730.16"
22.1215023040454,1.48256862148132,0.187023425096409,7.92718142509192,2.2417566733278e-15,2.24551571653003e-14,"ENSG00000272183.1"
184.070462850729,3.47839244757836,0.438806661942049,7.9269362780042,2.24618471439226e-15,2.24909405840328e-14,"ENSG00000116176.6"
596.061890068371,-1.63767818353098,0.206664742114436,-7.92432306921589,2.29392514574724e-15,2.29514764106663e-14,"ENSG00000169282.18"
261.396815669011,-1.45634321520027,0.183795245058765,-7.92372628973414,2.3049670199105e-15,2.30531785202921e-14,"ENSG00000118407.15"
46.8641614459243,2.3739337970761,0.299647920124356,7.92241039447531,2.3294995687923e-15,2.32719751676689e-14,"ENSG00000154118.13"
364.417282117251,2.48411564094755,0.313576147003475,7.92188967396178,2.33927833512424e-15,2.33519148349433e-14,"ENSG00000113763.12"
123.884065396564,2.54937278415934,0.32191428688636,7.91941485051051,2.38630918319403e-15,2.38123578477874e-14,"ENSG00000188833.10"
947.874852673134,1.16970510131576,0.147712940536264,7.9187720254516,2.39867681848354e-15,2.39266874751504e-14,"ENSG00000204237.5"
53.6939053425059,-1.80946370808678,0.228519964210249,-7.91818655468541,2.40999589809502e-15,2.40304750324467e-14,"ENSG00000186105.8"
34.0989828233455,3.73116167257499,0.471316882436382,7.916460902668,2.44366532269848e-15,2.43569584155506e-14,"ENSG00000166959.8"
23.1088142260952,3.89666224270614,0.492278716153484,7.91556107311214,2.46140532712563e-15,2.45151866684995e-14,"ENSG00000166159.11"
6.65394937284275,-2.69168094904035,0.340067798215924,-7.91513034507102,2.46994188859529e-15,2.45908911363025e-14,"ENSG00000134160.14"
1945.47839615169,-3.4568542260496,0.436836891264184,-7.91337520978513,2.50502922856627e-15,2.49307793425354e-14,"ENSG00000116690.13"
65.6595070515474,2.02407360472741,0.255850634302817,7.91115335806349,2.55015148526539e-15,2.53702428609824e-14,"ENSG00000198003.12"
15.7917040136191,3.46574228059391,0.438253750345724,7.90807215650727,2.61405293482769e-15,2.59862962704278e-14,"ENSG00000161133.16"
346.865645324021,3.28754273455629,0.416033442009545,7.90211171168512,2.74217480653655e-15,2.72393509504938e-14,"ENSG00000211452.11"
44.5111942723485,1.60653740637543,0.203342306609994,7.90065497514363,2.77441647902696e-15,2.75492114600471e-14,"ENSG00000231407.6"
2.60181800129759,-3.76222262824124,0.476261991828428,-7.89948115279493,2.80066779837964e-15,2.77993777993242e-14,"ENSG00000235434.1"
10.3486176493932,-2.6839079734134,0.339908641113019,-7.89596864800212,2.88069100622001e-15,2.85721266047598e-14,"ENSG00000170262.13"
14187.6718002569,-1.73762154884838,0.22006439558653,-7.89596856055317,2.88069302627505e-15,2.85721266047598e-14,"ENSG00000187955.12"
448.493966736281,1.65539120068073,0.20968044332778,7.89482878998382,2.907140356825e-15,2.8823567385435e-14,"ENSG00000162755.14"
819.609218482369,-1.87606557348499,0.237648215045058,-7.89429692593857,2.9195634492072e-15,2.8935824170046e-14,"ENSG00000250305.9"
267.102891900806,-1.10976690070557,0.140594693317929,-7.8933768730235,2.94117726246107e-15,2.91390513254906e-14,"ENSG00000147119.4"
1743.70118238194,-1.15675819113214,0.146556598642652,-7.89291101080105,2.95218127083647e-15,2.92370506867618e-14,"ENSG00000114166.8"
192.779703644025,1.48769835677071,0.18850035625243,7.89228405902039,2.96705434501299e-15,2.9373279248332e-14,"ENSG00000188766.12"
123.355763969684,2.46489584414239,0.312362727839213,7.89113304648558,2.99455193885483e-15,2.96231852317878e-14,"ENSG00000107105.15"
89.529148868221,-2.81750223717656,0.3570711465671,-7.89059061272289,3.00759747854262e-15,2.97410429368e-14,"ENSG00000273079.6"
66.1832300074648,3.37987073071834,0.428349384104679,7.89045311173453,3.01091325986071e-15,2.9762634118909e-14,"ENSG00000223715.3"
39.6042675799224,-1.96477404620478,0.249016797441718,-7.89012655527639,3.0188024703105e-15,2.98294000487373e-14,"ENSG00000235033.7"
44.2788601836724,-3.20797128617977,0.406696108405591,-7.88788291768091,3.07355910240571e-15,3.03590482704366e-14,"ENSG00000169618.7"
20.5675448736116,2.09581443837066,0.265703904015537,7.8877818756028,3.0760479427471e-15,3.03722179290627e-14,"ENSG00000286519.1"
1447.7043923777,-1.99043549336796,0.25235933550967,-7.88730676179676,3.08777744251589e-15,3.04765836646968e-14,"ENSG00000145936.9"
114.103218564733,1.53920956217273,0.195153812050658,7.88716113715054,3.09138139993729e-15,3.05007014699519e-14,"ENSG00000259153.2"
117.802591683372,3.21190734311249,0.407252057384335,7.88677990662997,3.10083581996896e-15,3.05825023234762e-14,"ENSG00000119547.6"
9.30830989943762,-1.52746383596013,0.193687622902449,-7.88622325510925,3.11469179249437e-15,3.07076365618612e-14,"ENSG00000279447.1"
214.997899935165,2.58378709756613,0.327639630996058,7.88606399571125,3.11866722478462e-15,3.07353015883911e-14,"ENSG00000157766.19"
554.176796692786,1.15156233707399,0.146034716876174,7.88553819055522,3.13182788043616e-15,3.0853434786126e-14,"ENSG00000196793.14"
18.3994898078748,-2.21083482063992,0.28037753941462,-7.88520658700325,3.14015586371556e-15,3.09238878688272e-14,"ENSG00000205106.4"
10.574248219551,2.54162031718888,0.322397231428517,7.88350540706306,3.18322384236957e-15,3.13362754579932e-14,"ENSG00000263513.5"
20.7846178368177,1.38754994252131,0.176008483393939,7.883426501754,3.18523550300166e-15,3.13443391841616e-14,"ENSG00000279148.1"
1055.78082045364,-1.32886180462898,0.168594146358261,-7.88201627003799,3.2214006517392e-15,3.16646577151507e-14,"ENSG00000171522.6"
64.2113882656426,2.74856682081839,0.348738659493375,7.88145147088462,3.23599794853327e-15,3.17962504969153e-14,"ENSG00000235049.1"
32.8329242939108,1.45703194041734,0.18491803444281,7.87933932354206,3.29116609441806e-15,3.23141612348466e-14,"ENSG00000285872.1"
13.4290070051277,-1.66643095721621,0.211518716021394,-7.87840900588516,3.31575828677084e-15,3.25434618407337e-14,"ENSG00000259091.1"
6.46739852293865,2.18764954725182,0.277727755138175,7.87695686433437,3.35450653672701e-15,3.29114780930694e-14,"ENSG00000242078.1"
1229.47867148991,2.01018785445851,0.255242860274776,7.87558896767761,3.39141447104849e-15,3.3261170879492e-14,"ENSG00000127585.12"
1349.54029048643,-1.21212257997865,0.153970626447595,-7.87242740998527,3.47825494607119e-15,3.4087417226896e-14,"ENSG00000198873.12"
439.281016683625,1.37272051694269,0.174382824161582,7.87187914602606,3.49353561802931e-15,3.42116580418339e-14,"ENSG00000138623.10"
212.115321771897,-2.36748159319182,0.300813389601518,-7.87026666707882,3.53886112805914e-15,3.46426167187734e-14,"ENSG00000168546.11"
52.1292572554119,-2.82399848603242,0.358833322394884,-7.86994492926358,3.54797396766162e-15,3.47188934348541e-14,"ENSG00000135960.10"
6.17803893685146,-1.74560751120851,0.221815824863808,-7.86962567833154,3.55703920542412e-15,3.47817033018481e-14,"ENSG00000267072.2"
32.9437352392474,-1.14440289128608,0.14543069878799,-7.8690599771813,3.57315852040132e-15,3.49263289513679e-14,"ENSG00000273987.1"
94.9636474786203,-3.22470449103085,0.409840309119014,-7.86819748882832,3.59787312201574e-15,3.51548316502088e-14,"ENSG00000152785.8"
608.967880223061,-1.29326321311247,0.164386331920629,-7.86721863066386,3.62612624196062e-15,3.54177265491241e-14,"ENSG00000213203.3"
27.3644358525956,1.298050415508,0.165032429439423,7.86542632812946,3.67842536699299e-15,3.59152051805512e-14,"ENSG00000203362.2"
4473.20252995649,-1.29491909393068,0.16465052779708,-7.86465194649469,3.70125080893395e-15,3.61246477021983e-14,"ENSG00000166025.18"
132.34428450904,-1.36484802119935,0.173767054051697,-7.85446947148737,4.01467841417632e-15,3.91546595318035e-14,"ENSG00000272316.1"
1290.85914114926,-1.36753130291992,0.174115607442339,-7.85415691911938,4.02470143127562e-15,3.92378532713829e-14,"ENSG00000120162.10"
1874.37386250583,1.06890117338162,0.136100160962607,7.85378331532831,4.03671459071395e-15,3.93403805347888e-14,"ENSG00000232677.9"
674.59556179437,-1.77598353396564,0.226155598029544,-7.85292758366141,4.06436367364252e-15,3.95951574492291e-14,"ENSG00000271447.6"
20.4339535504027,3.96546166353927,0.505020105411993,7.85208672099156,4.09171392213548e-15,3.98468353943716e-14,"ENSG00000122711.9"
12.7676244802714,-5.50312503340723,0.700868843010939,-7.85186142640576,4.09907267360179e-15,3.99037133899812e-14,"ENSG00000235310.1"
8.59509193384724,3.83953298821069,0.489093758122055,7.85030052919327,4.15041501244347e-15,4.03885628237927e-14,"ENSG00000286522.2"
3.93112007624809,2.44007794010222,0.310828484238904,7.85023916349562,4.15244638652485e-15,4.03933755823165e-14,"ENSG00000182545.6"
4723.5790738591,1.18875014143047,0.151465211828626,7.84833776072268,4.21587540156798e-15,4.09800551238213e-14,"ENSG00000162729.14"
202.70311609809,1.63464080469577,0.20839062456191,7.84411874637932,4.36004387775906e-15,4.23344637174064e-14,"ENSG00000150337.13"
1316.55456817506,-1.39094953093647,0.177342815028306,-7.84328099626963,4.38924296806856e-15,4.26022386162164e-14,"ENSG00000157510.14"
31434.9167270985,-1.98429337240398,0.253069198785175,-7.8409122166163,4.47285057454337e-15,4.33816990779697e-14,"ENSG00000091986.16"
389.135368471734,1.80790447857453,0.23057748597071,7.84076758822927,4.47800580711888e-15,4.34156785814506e-14,"ENSG00000274750.2"
163.037883710884,1.37998760364904,0.176008780624449,7.84044749786392,4.48943613366997e-15,4.35104496081791e-14,"ENSG00000280832.1"
40.1635583700562,-1.39719683385417,0.178222297526595,-7.83962979517577,4.51876661421749e-15,4.37785704710993e-14,"ENSG00000223704.2"
56.6068566455349,2.09200186270135,0.266915020091217,7.83770752948418,4.5884621096419e-15,4.44374127081163e-14,"ENSG00000101842.14"
6832.37459536113,-2.5622384441492,0.326917570745496,-7.83756724456971,4.59358964632699e-15,4.44706851801321e-14,"ENSG00000062282.15"
95.5461306272004,-1.28523567030238,0.163988752698927,-7.83734036115267,4.60189437557236e-15,4.45346803267834e-14,"ENSG00000036530.9"
11.1666571034116,3.4512227847238,0.44051811292149,7.83446283703408,4.70851310441738e-15,4.55497086626818e-14,"ENSG00000187550.9"
3267.06825890043,-1.07316492281164,0.137037471888864,-7.83117864055435,4.83317357693225e-15,4.66869291790103e-14,"ENSG00000031081.11"
4.37039558798853,3.80883379851777,0.48638210423684,7.83094971081231,4.84198335268883e-15,4.67548458640974e-14,"ENSG00000216331.2"
685.929346165913,-1.68760841171135,0.21557680652498,-7.82833941607628,4.94355844067785e-15,4.7718138103113e-14,"ENSG00000116711.10"
4029.31099794093,-1.99678216907659,0.255125420524452,-7.8266688006702,5.0096653872305e-15,4.83384893678291e-14,"ENSG00000144476.6"
3643.4970982718,1.10520993180256,0.141212258512142,7.8265863278968,5.01295131318188e-15,4.83524448864853e-14,"ENSG00000159363.19"
21510.9586442665,-1.91919076967023,0.245293427324361,-7.82406112795026,5.11459521734127e-15,4.93147544727065e-14,"ENSG00000120129.6"
716.140906712483,2.10555972050539,0.269190353121837,7.82182457910147,5.20631280252177e-15,5.01806841589594e-14,"ENSG00000135114.12"
763.304642478478,1.34663834296956,0.172165239507798,7.82177834979612,5.20822557663944e-15,5.01807188623134e-14,"ENSG00000159214.13"
3212.67246366519,-1.49876217942399,0.191645031032743,-7.82051155382119,5.26091031112123e-15,5.06697569137085e-14,"ENSG00000121898.13"
22.7993199512435,-1.69788132904058,0.217126561069143,-7.81977718746211,5.29169169713412e-15,5.09475547866202e-14,"ENSG00000228401.5"
6.18228191054126,-2.18025263960884,0.278817499703162,-7.81964059619646,5.29743652091647e-15,5.09841894968028e-14,"ENSG00000151303.11"
3716.4884286418,-1.68585300880384,0.215597065362937,-7.81946176292273,5.30496726203167e-15,5.10379793247586e-14,"ENSG00000196569.13"
30.8934938484927,2.7562009832978,0.352561157085701,7.81765355571437,5.38170603994988e-15,5.17573221932099e-14,"ENSG00000157542.11"
62.9467348824576,-1.54992270741431,0.198284281421481,-7.81666956302871,5.42392389467618e-15,5.21251976773926e-14,"ENSG00000287401.1"
21.2324848803867,-1.83330034049749,0.234545837422286,-7.8163840409444,5.43623502458093e-15,5.22244157112884e-14,"ENSG00000226281.4"
8780.64860533491,1.05434670820195,0.134899604870651,7.81578796478249,5.46202533608135e-15,5.2453004725452e-14,"ENSG00000136810.13"
1896.29345639298,-1.60592527076545,0.205510532658797,-7.81432099848487,5.52601033594359e-15,5.30480846128347e-14,"ENSG00000132205.11"
13.4482903282874,2.8847416283714,0.369321162991602,7.81092966621301,5.67676885808258e-15,5.44356777328868e-14,"ENSG00000105409.19"
22703.3053950782,1.96517970106229,0.251623783830184,7.80999185032745,5.71916837546156e-15,5.48222544057737e-14,"ENSG00000130635.16"
9672.67808118625,-1.12423345977752,0.143973644629266,-7.8086059616844,5.78239697319189e-15,5.53879453510844e-14,"ENSG00000092964.18"
65.9111569678766,-2.14622061183256,0.274906628993556,-7.80708933680487,5.85237880929158e-15,5.60378596078032e-14,"ENSG00000001626.16"
573.192294738653,1.30480030325458,0.167157612581836,7.80580844091553,5.91213224911371e-15,5.65687965182762e-14,"ENSG00000130590.14"
6.11802640229134,-1.71931651532475,0.22027901182223,-7.80517626759774,5.9418438897175e-15,5.68323962144595e-14,"ENSG00000280083.1"
16356.3660128668,1.6559374997164,0.212170853488837,7.80473600632201,5.96262259040026e-15,5.70103936580868e-14,"ENSG00000143320.9"
195.147234497873,2.39774710201618,0.307232934505094,7.80432965586383,5.98186429050579e-15,5.71735712769652e-14,"ENSG00000185290.4"
4.60028416653704,-2.82643625758654,0.362179427208234,-7.80396688838288,5.99909385967943e-15,5.73174056735057e-14,"ENSG00000279444.1"
13.4685828993299,-1.4700355716164,0.188387616958794,-7.80324946696439,6.0333115979617e-15,5.7585096731119e-14,"ENSG00000255008.3"
6.9393818360251,-3.67002198735078,0.470458853424586,-7.80094148645685,6.1447001235242e-15,5.8623338673942e-14,"ENSG00000197953.6"
901.164078166678,1.06354287150487,0.136372850747561,7.79878741021249,6.25048587958515e-15,5.95677196733198e-14,"ENSG00000171700.14"
291.637160885,-1.134552293178,0.14551237572431,-7.79694708117159,6.34228209528798e-15,6.0420638851957e-14,"ENSG00000180769.10"
1562.68361371491,2.15491454793905,0.276389509029608,7.79665825777854,6.35680866610017e-15,6.05370865868757e-14,"ENSG00000105707.14"
185.880990328362,-1.60622332394057,0.206020486075814,-7.79642527078347,6.36855076751193e-15,6.06269425473682e-14,"ENSG00000272143.1"
319.118639439248,-1.54681667805256,0.198404691587661,-7.79627067119595,6.3763540731881e-15,6.06792507095134e-14,"ENSG00000167037.19"
6.41995826005472,-1.30412035817337,0.167297123137901,-7.79523481164942,6.4288816799125e-15,6.11569765019255e-14,"ENSG00000248159.1"
30.1781571709315,1.85660424187286,0.238246711560345,7.79278013834246,6.55506268972509e-15,6.23347567788474e-14,"ENSG00000198723.11"
535.966788862243,1.40571989799513,0.180413180795025,7.79166960972895,6.6129466312451e-15,6.27716465350835e-14,"ENSG00000173621.9"
49.2304733895455,-2.76491597965406,0.354890525849851,-7.79089825808382,6.6534474801002e-15,6.31332900963731e-14,"ENSG00000287692.1"
1307.41852092573,2.31979108376797,0.297830941827547,7.7889525834129,6.75669551687623e-15,6.40898538309545e-14,"ENSG00000108932.12"
2257.67453146568,1.23207822744233,0.15818565213479,7.78881150606803,6.76424286563971e-15,6.41382970708781e-14,"ENSG00000261236.8"
8.08602217905765,3.83065007345736,0.491916030850091,7.78720316725097,6.85087442617206e-15,6.49363084808894e-14,"ENSG00000272763.1"
4.344687911842,-2.70546252107478,0.347541245104717,-7.78457969861853,6.99453405094024e-15,6.62263447388016e-14,"ENSG00000254139.1"
3.6896727104608,-2.33479465710317,0.299928447194229,-7.78450553438566,6.9986380418794e-15,6.62413404007051e-14,"ENSG00000249752.1"
2205.1629219645,-1.07222820248389,0.137761465412263,-7.78322297367521,7.0699865474324e-15,6.68925581039284e-14,"ENSG00000140450.9"
17.9066913301581,-3.65067482164028,0.469116244794871,-7.78202601625234,7.13721855515874e-15,6.75043729772552e-14,"ENSG00000263257.3"
6.35893368156536,3.37583771013608,0.433861666419025,7.78090799770194,7.20058482640122e-15,6.80791984090395e-14,"ENSG00000171695.10"
3485.08629458017,1.11695199329042,0.143562888254382,7.7802279326623,7.23939957994414e-15,6.83723961765188e-14,"ENSG00000033170.17"
1317.50272710106,-1.07740664127701,0.138479331031693,-7.78027040750525,7.23696930799685e-15,6.83723961765188e-14,"ENSG00000135363.12"
23.3077734115985,-1.88035233461591,0.241691622258957,-7.77996488683102,7.25446810511836e-15,6.84901004579493e-14,"ENSG00000188958.9"
46.4005734033996,2.63616901385686,0.338932942716364,7.77784830453304,7.37684491653049e-15,6.9595474438653e-14,"ENSG00000273983.1"
7.93690059053846,2.05235229169701,0.263881764799657,7.77754496698619,7.39454897160982e-15,6.9737468665157e-14,"ENSG00000234337.4"
8.684650901232,-2.71640654647277,0.349345872177758,-7.77569384043153,7.50349833968457e-15,7.07395804735542e-14,"ENSG00000162494.6"
952.891297534366,-1.34124116426977,0.172503874208981,-7.77513647400701,7.53661090995286e-15,7.10262750653284e-14,"ENSG00000144366.16"
33.3959409916846,4.14450120441243,0.533080872500897,7.77461998396024,7.567423417728e-15,7.12910957389114e-14,"ENSG00000249599.2"
5057.81065414437,1.00966381340861,0.129894473734528,7.77295434039878,7.66763863671412e-15,7.22093206475793e-14,"ENSG00000277791.5"
6.73194225903385,-2.37948147810922,0.306144708267416,-7.77240766817615,7.70081358101808e-15,7.24957679668622e-14,"ENSG00000283945.1"
11.2538139081364,1.78835876473729,0.230156986437579,7.77016936317208,7.83812530908689e-15,7.3762007026151e-14,"ENSG00000284610.1"
22.003224866347,-2.95989008602917,0.381190561564614,-7.76485670022933,8.17375843483896e-15,7.68930088408401e-14,"ENSG00000139151.16"
184.952020899918,-1.54322443489411,0.198766615196889,-7.76400218600827,8.22904790201664e-15,7.73854365139911e-14,"ENSG00000092529.25"
930.334666536939,1.29862879267268,0.167264723914917,7.76391316876388,8.23482869277602e-15,7.74121020604166e-14,"ENSG00000243364.8"
4.15514038859214,-2.28104932702286,0.293820127161392,-7.76342093736113,8.26686648596223e-15,7.76577264892893e-14,"ENSG00000228692.2"
8.58806730075056,-2.29076686422302,0.295125173612287,-7.76201784545989,8.3588640437285e-15,7.84938844320686e-14,"ENSG00000205231.1"
6599.6155948255,-1.60050326684308,0.20627458240767,-7.7590910531087,8.55402225388962e-15,8.02405142474071e-14,"ENSG00000100979.15"
1428.88821784704,1.22884422854824,0.158376184020949,7.75902157350688,8.55870922028477e-15,8.02558377259953e-14,"ENSG00000171310.11"
36.8482773975506,-1.52095376340224,0.196036402583743,-7.75852720900912,8.59213118913313e-15,8.05405050553406e-14,"ENSG00000128482.16"
423.978810307793,-1.16350763206545,0.150019381653493,-7.75571542317684,8.78468175282566e-15,8.23160695869054e-14,"ENSG00000173040.13"
5.19603421101842,-2.79650512059353,0.360644418959155,-7.75418937208134,8.89095683544623e-15,8.32822200509154e-14,"ENSG00000235875.3"
2229.37524017483,1.56203910144197,0.201471100916202,7.75316705144559,8.96285853391968e-15,8.39258189189686e-14,"ENSG00000103024.7"
9.80219379857617,3.62238596184177,0.467254514091617,7.75249002973038,9.0107893696875e-15,8.43445825473171e-14,"ENSG00000224209.8"
5.11995053842605,2.3038364305225,0.297237681994147,7.75082222101256,9.12994329738723e-15,8.54294872298063e-14,"ENSG00000261924.1"
30.2293639010326,3.58466589092232,0.462616984772124,7.74866900463685,9.28607199197161e-15,8.68594719704562e-14,"ENSG00000258551.6"
79.2368624083072,-1.61078405034027,0.207920103996003,-7.74712988009683,9.39928054939585e-15,8.78871184490646e-14,"ENSG00000164303.11"
6.22869436302715,-2.2901269169755,0.295625419087552,-7.74671854688266,9.42976499034508e-15,8.81408047675071e-14,"ENSG00000234754.2"
86.5940266972391,-1.86016240133904,0.24012494419524,-7.74664376320098,9.43531774989252e-15,8.81613550437878e-14,"ENSG00000230587.2"
59.2427904099661,-1.10224572225633,0.142310562570178,-7.74535426147844,9.53157214760295e-15,8.90290839827989e-14,"ENSG00000285928.1"
3170.32878730819,1.46104927721363,0.188653706219447,7.74460945662046,9.58760742111751e-15,8.9520665526342e-14,"ENSG00000104866.11"
6207.90605859371,-1.44050748507957,0.186014894124087,-7.74404378672299,9.63038199363737e-15,8.98881251139079e-14,"ENSG00000118515.11"
15.8753297479095,-3.25541308892803,0.420456258889528,-7.74257255089016,9.74251462859688e-15,9.09024687603977e-14,"ENSG00000236036.2"
3378.82569597166,1.50985706920944,0.1950415657872,7.74120666595125,9.84776739903906e-15,9.18519227524282e-14,"ENSG00000122861.16"
9.44188475167649,-1.96994899679753,0.254559200557195,-7.7386674395802,1.00464180051829e-14,9.36715327592149e-14,"ENSG00000158815.11"
191.530659326465,-1.01108323417511,0.130662954074691,-7.73810175451221,1.00912073364121e-14,9.40224365934973e-14,"ENSG00000169918.10"
140.708739201289,2.08838799898513,0.26992388906282,7.73695135408743,1.01828997620472e-14,9.48431386767004e-14,"ENSG00000243449.6"
424.183500211554,1.35350447740067,0.174983691010945,7.73503215974572,1.03376968773649e-14,9.62508057827344e-14,"ENSG00000136982.6"
1676.63774954058,1.11282842720567,0.143891131859564,7.73382218086781,1.04364783148386e-14,9.71361175733772e-14,"ENSG00000096092.6"
10.5716517903806,-2.57164389090142,0.332597253578958,-7.7320057914757,1.05865126916498e-14,9.84279800450381e-14,"ENSG00000286942.1"
13.8214432230408,-1.22050486832222,0.157857432092366,-7.73169088173231,1.06127393588425e-14,9.86369311555216e-14,"ENSG00000283208.2"
906.694157670928,1.02329099313605,0.13235371708416,7.73148662296628,1.06297848411047e-14,9.87604329316348e-14,"ENSG00000146232.17"
462.102949291092,1.62212110010312,0.209814569292476,7.73121287798621,1.06526712310428e-14,9.89380956313526e-14,"ENSG00000203760.9"
27.7396277411975,-1.97244808972629,0.255149206135351,-7.73056722222351,1.07068433728395e-14,9.94061007459253e-14,"ENSG00000254319.6"
4894.10090556618,-1.28830898909263,0.166670530342368,-7.72967474481682,1.07821710557377e-14,1.0007012147917e-13,"ENSG00000173482.17"
10.7999050727143,-1.1874228055795,0.153644740366044,-7.72836611751619,1.08935668470114e-14,1.01032643262826e-13,"ENSG00000232912.6"
6.1511205135946,3.79219996698233,0.49087457953352,7.72539488719516,1.11507122265028e-14,1.03271783002608e-13,"ENSG00000222022.1"
60106.7540743354,-1.13481627473891,0.146946889235736,-7.72262877180342,1.13954698239875e-14,1.05464270723129e-13,"ENSG00000175899.15"
5.73156089720197,-3.71949411464168,0.481956490738058,-7.71748941267649,1.1864338033948e-14,1.09726340916358e-13,"ENSG00000261522.5"
30.0950459740045,3.40720766801635,0.441519254144813,7.71700811692988,1.19092070736736e-14,1.10102567261498e-13,"ENSG00000268089.3"
139.646734415795,-3.01358113201972,0.390542157699176,-7.71640416433863,1.19657471400487e-14,1.10586391641716e-13,"ENSG00000101349.17"
10.3176629564304,-1.86762469892765,0.242036637645964,-7.71628922419378,1.19765373383323e-14,1.10647208225211e-13,"ENSG00000279526.1"
13.4952723717866,2.30442218981077,0.298667621668348,7.7156746249839,1.20343965409606e-14,1.11142684006538e-13,"ENSG00000171126.8"
1260.11088637706,1.67234355970765,0.216754887006861,7.71536726484378,1.20634349215298e-14,1.11332627625523e-13,"ENSG00000272335.1"
6.18631454695574,-2.74608430315058,0.355923454568337,-7.71537887684595,1.20623366054333e-14,1.11332627625523e-13,"ENSG00000287774.1"
22970.2188523109,1.56347503992803,0.202652788950098,7.71504329167179,1.20941174837166e-14,1.11576617740262e-13,"ENSG00000157227.13"
3087.05911901209,-1.14557353246585,0.148495178341517,-7.71455036628327,1.21409483780448e-14,1.11969363918783e-13,"ENSG00000115504.15"
16.3198709199155,1.57908230318344,0.204752895630828,7.71213661383599,1.23728580413111e-14,1.14028120882827e-13,"ENSG00000139725.8"
799.361926310722,-1.19630131495057,0.155132878807402,-7.71146209718562,1.24384401275317e-14,1.1455219352209e-13,"ENSG00000087903.13"
217.072877054462,-1.3908023435926,0.180356687841649,-7.71139878557595,1.24446133363251e-14,1.14568902603141e-13,"ENSG00000280138.1"
754.227672307418,1.00358035484993,0.13016441629307,7.71009760909104,1.25721544953302e-14,1.15702559087976e-13,"ENSG00000138376.11"
634.556755212463,2.6404522638112,0.342484833238958,7.70969107986426,1.26122654944598e-14,1.16031076743571e-13,"ENSG00000273802.2"
595.994974457791,1.64968662407792,0.214048621134616,7.70706494315806,1.28744293938781e-14,1.18358884284572e-13,"ENSG00000172575.12"
5.63280440209378,-2.61509749612247,0.339313632742906,-7.7070215982271,1.28788011358194e-14,1.18358884284572e-13,"ENSG00000197882.3"
3438.18618278104,1.80120151938345,0.233888986029715,7.70109593426778,1.34904157804286e-14,1.23893112638988e-13,"ENSG00000006118.15"
18.8144116584067,-1.73746585885825,0.225654174608843,-7.69968409345865,1.36403026928363e-14,1.25225887523056e-13,"ENSG00000197576.14"
151.537750691995,-2.77252429461045,0.360191585113103,-7.69735998618586,1.38906159979607e-14,1.27301586781868e-13,"ENSG00000198643.7"
1619.87115754717,1.15493206042482,0.15006683267017,7.69611805536825,1.402622290183e-14,1.28499561781701e-13,"ENSG00000110171.20"
133.691793718427,-2.51307163714584,0.326543395040809,-7.69598061180132,1.40413102352757e-14,1.28592961053654e-13,"ENSG00000120471.15"
306.41143199792,-2.73482613706402,0.355418774063178,-7.69465862987272,1.41872434844549e-14,1.29884189392342e-13,"ENSG00000159387.8"
2245.00563133326,2.2329371454663,0.290313114034126,7.69147874320212,1.45444100367443e-14,1.33061355170827e-13,"ENSG00000168350.8"
15.554919285729,2.28818774999599,0.29758818858933,7.68910809546167,1.48164245561535e-14,1.35455618446587e-13,"ENSG00000245080.7"
1281.5953434892,-1.54086449815201,0.200402172185857,-7.6888612600615,1.48450332010663e-14,1.35622819832057e-13,"ENSG00000099139.14"
3258.18537493785,1.02602622727131,0.133494635963181,7.68589853718392,1.51926880498428e-14,1.38702540014612e-13,"ENSG00000197122.12"
762.510502250524,1.25759134026143,0.163634881640404,7.6853500161723,1.52579262909163e-14,1.39249768968904e-13,"ENSG00000178896.9"
761.940943467946,-2.07912304590971,0.270560398762105,-7.68450614140991,1.53588309191357e-14,1.401220103709e-13,"ENSG00000153993.13"
2329.50504110726,1.03049541381651,0.134113232408933,7.68377135728385,1.54472257646706e-14,1.4087955655746e-13,"ENSG00000167114.13"
71.1338486643192,2.23393960210104,0.290764287957854,7.6829916692687,1.55415699228197e-14,1.41690816459034e-13,"ENSG00000167646.14"
1553.00734100938,1.28136216732276,0.166885701805011,7.67808238491219,1.61487630718194e-14,1.47124467445304e-13,"ENSG00000177548.13"
8.08835602966238,3.57474200400911,0.465634574090788,7.67714040777419,1.62679096558501e-14,1.48158606165753e-13,"ENSG00000228127.3"
23.5817422594651,1.50059816378655,0.195502383184838,7.67560036527947,1.64645683326847e-14,1.49845815116442e-13,"ENSG00000254854.1"
47.2318965259935,2.10620155510811,0.274640600626286,7.66893733229962,1.73427137622071e-14,1.5756505434239e-13,"ENSG00000102385.12"
1363.11892110087,1.07036548819361,0.139572358263161,7.66889304954968,1.73487013874173e-14,1.5756505434239e-13,"ENSG00000170638.10"
1379.98292636754,1.63066365817086,0.212642429746668,7.66857141405668,1.73922519179744e-14,1.57906027430756e-13,"ENSG00000170382.12"
1884.66562085325,2.88011466060147,0.375624562530809,7.66753548063099,1.75332531561804e-14,1.59131224432681e-13,"ENSG00000251141.6"
1219.00698234068,1.83543999251563,0.239406569384044,7.66662333969338,1.76583355837572e-14,1.60211146870374e-13,"ENSG00000121753.12"
371.91856084496,1.71920947174019,0.22427795927843,7.66553020756654,1.78093942765637e-14,1.61525921036991e-13,"ENSG00000017483.15"
57.4070014435442,2.37150577786376,0.309464276427171,7.66326183184465,1.81269261757192e-14,1.64349129907763e-13,"ENSG00000254290.1"
267.42655256717,1.32587066919181,0.173027381833017,7.66277946961807,1.81951629011092e-14,1.64910917825088e-13,"ENSG00000128011.5"
32308.3848831738,1.31310614858565,0.171371333015157,7.66234425257996,1.82569471170296e-14,1.65413856609447e-13,"ENSG00000102316.17"
4.77531613008518,2.91855405572661,0.380914579595969,7.66196468200897,1.8311000120275e-14,1.65789296300829e-13,"ENSG00000184357.5"
315.042470457186,1.15165631277378,0.150357571820398,7.65945006181284,1.86730939218421e-14,1.68893186731486e-13,"ENSG00000179588.9"
9.46803860915898,-1.44977972397522,0.189279105933693,-7.65948104426856,1.86685900177967e-14,1.68893186731486e-13,"ENSG00000227959.1"
1173.63187309159,-1.73194190052761,0.226194852605967,-7.6568581493968,1.90536886159468e-14,1.72166599940174e-13,"ENSG00000160111.14"
20.5973091869791,-1.75336431749079,0.228992855889915,-7.65685161083667,1.90546583178346e-14,1.72166599940174e-13,"ENSG00000277851.2"
172.768488506467,2.1472249215297,0.280528877002092,7.65420282031674,1.94515075881793e-14,1.75631544296703e-13,"ENSG00000169436.17"
6187.25679968854,-1.00536210800719,0.131363655171526,-7.65327446693273,1.95925113656439e-14,1.76843945307206e-13,"ENSG00000005810.18"
364.088368194316,-3.05561674782146,0.399397050415744,-7.650574145805,2.00083928950817e-14,1.80473781350146e-13,"ENSG00000115361.8"
30.2132832769241,-2.03177660483112,0.265583981809468,-7.65022269411087,2.00631553232434e-14,1.80905651635036e-13,"ENSG00000134115.13"
5.82673703232715,-1.83156127105278,0.239443598677913,-7.64923882352979,2.02172452091838e-14,1.82232535349172e-13,"ENSG00000278214.1"
44.7119988452853,-2.48136695934583,0.324399810795182,-7.64910113006355,2.02389028669017e-14,1.8236521184561e-13,"ENSG00000258572.1"
478.385944504996,1.06414008594704,0.139124234937931,7.64884771098141,2.02788225552199e-14,1.82662293365798e-13,"ENSG00000127399.15"
6269.66187394427,1.12800555242499,0.147509869589588,7.64698359210403,2.05748567437233e-14,1.85201895428775e-13,"ENSG00000103363.15"
32.4570228466683,-1.28822551353327,0.168471756575551,-7.64653696096271,2.0646413572663e-14,1.85782380809269e-13,"ENSG00000226026.6"
26.5841920712545,-1.07209808454626,0.140248304716033,-7.64428551715462,2.10108719567686e-14,1.88997179504348e-13,"ENSG00000287811.1"
155.001062685498,-6.99345039681312,0.91494075806435,-7.64361007548562,2.11214397338178e-14,1.89861806417123e-13,"ENSG00000196228.3"
42.7743049447584,2.12010055743945,0.277382043666924,7.64325090915124,2.11804670802058e-14,1.90327315123463e-13,"ENSG00000242147.3"
3.62835829889009,-2.88935263319616,0.378049080944881,-7.6427976652519,2.12551872836822e-14,1.90933473193542e-13,"ENSG00000261645.7"
1139.52873490415,1.87019042612901,0.244750228537177,7.64122034658256,2.15172454610269e-14,1.93089545816877e-13,"ENSG00000182272.12"
11.7828908913873,-1.29009226023024,0.168836481453218,-7.6410752529672,2.15415105614598e-14,1.93241318633928e-13,"ENSG00000255410.2"
1401.18234898213,1.07732698758831,0.140994765304335,7.64090060551477,2.15707538750772e-14,1.93437630451222e-13,"ENSG00000121900.19"
68.396187670233,-1.30819770283849,0.171291309116516,-7.63726840308416,2.21878653828009e-14,1.98835954218049e-13,"ENSG00000272777.1"
2221.70459062604,1.3373039336882,0.175104882366454,7.63715960180674,2.22066161375958e-14,1.98868381110926e-13,"ENSG00000173890.17"
382.714588541434,-1.29982381650474,0.17021825193594,-7.636218805689,2.23694039080071e-14,2.00189789689499e-13,"ENSG00000240038.6"
1431.90918651934,1.07898193142586,0.141316740040201,7.63520253240288,2.25465706072471e-14,2.01569408789416e-13,"ENSG00000169696.16"
5.13551393381613,-1.68869811713759,0.221236874936052,-7.63298666926885,2.29376609456729e-14,2.04996083065646e-13,"ENSG00000243504.1"
1349.62011959063,-1.20287518834663,0.157619713251917,-7.63150219937352,2.32033882156768e-14,2.07300426873164e-13,"ENSG00000008311.15"
4.76737765683045,-1.69184948337127,0.221773415473719,-7.62872988972729,2.37077776814384e-14,2.1159090953444e-13,"ENSG00000253688.2"
14.9550432746334,1.68013362950479,0.220239121717435,7.62867930276436,2.37170808658794e-14,2.11602088757222e-13,"ENSG00000251211.1"
55.6849399170904,3.63627756302917,0.476677360730991,7.62838318449379,2.37716105077852e-14,2.12016630670725e-13,"ENSG00000283413.1"
98.9399768498034,-2.19731190812453,0.288072696359783,-7.62762988610429,2.39108855474944e-14,2.13186470736209e-13,"ENSG00000171885.18"
6.52036886503218,-3.28384879754638,0.430555552447749,-7.62700371387012,2.40272672562196e-14,2.14151472554248e-13,"ENSG00000261399.1"
47706.2176551163,1.78481357641895,0.234035922778262,7.62623769561213,2.41703989982223e-14,2.15281181724593e-13,"ENSG00000170421.12"
22.0200037318998,-1.46650575156798,0.192298685365525,-7.62618708900903,2.41798844013768e-14,2.15292710571066e-13,"ENSG00000280422.1"
52.6703515059167,-1.86479360306995,0.244578499641261,-7.62451975870799,2.44944548230628e-14,2.18019725895491e-13,"ENSG00000183230.17"
570.352820007354,2.41289802326997,0.316486210294319,7.62402261073579,2.45890269238715e-14,2.18787401376791e-13,"ENSG00000150667.8"
97.4586583459592,1.34181488157375,0.176001302259772,7.62389178003512,2.46139743903114e-14,2.18935263240252e-13,"ENSG00000181652.19"
6961.635856275,-1.01832218365666,0.133655619074073,-7.61900016408816,2.55648139224418e-14,2.27162126145186e-13,"ENSG00000138796.17"
673.806174714104,4.85753867911604,0.63762505337328,7.61817411881451,2.57289089919309e-14,2.28542968551508e-13,"ENSG00000256870.3"
13098.8344769054,1.31330618428073,0.172393054462713,7.61809220431665,2.5745237774293e-14,2.2861075326335e-13,"ENSG00000125534.10"
19.284674472599,-1.47074692430655,0.193096442302358,-7.61664433984548,2.60355421718388e-14,2.31032474829376e-13,"ENSG00000271967.1"
301.241443925611,-1.18028402608299,0.154989727206063,-7.61524036050321,2.6320121308504e-14,2.33478929622923e-13,"ENSG00000272734.1"
16826.8653104949,-1.45221323203701,0.190701652822842,-7.61510564035898,2.63475886993659e-14,2.33643731907602e-13,"ENSG00000107796.13"
1764.04633422674,1.14090206732458,0.149877392423867,7.61223590078214,2.69394276617262e-14,2.38409399549095e-13,"ENSG00000146386.8"
34.2655507989439,1.70355679087201,0.223873784133549,7.60945189480417,2.75260738528602e-14,2.43437188811769e-13,"ENSG00000101084.18"
31.732328910985,-1.28073712018994,0.168333229479952,-7.60834402183482,2.77630041078405e-14,2.45449983172041e-13,"ENSG00000250073.3"
5.14369370588088,-2.57028819323336,0.337833738963871,-7.60814535906442,2.78057018049991e-14,2.45692750203708e-13,"ENSG00000254965.1"
5.85018941148422,-4.21688280774478,0.554324651417006,-7.60724387227822,2.80002672124342e-14,2.47298058942076e-13,"ENSG00000251325.1"
83.2886211463413,-1.6453488082346,0.216295001894071,-7.60696638307156,2.80604260147719e-14,2.47746132808957e-13,"ENSG00000142677.4"
23.0812617090547,3.27626345374486,0.430734554634661,7.60622387614969,2.82220251071427e-14,2.49089223611866e-13,"ENSG00000180176.15"
11548.429559345,1.33600819355449,0.175651960013911,7.60599650267883,2.82716934462805e-14,2.49443837039959e-13,"ENSG00000188643.11"
300.358347487935,-2.42592617909596,0.319003879136873,-7.60469178512743,2.85583675037097e-14,2.51888634720639e-13,"ENSG00000123560.14"
57.894307836677,-2.59611055645791,0.341424380161372,-7.60376442722362,2.87638639690297e-14,2.53616035076141e-13,"ENSG00000178343.5"
20878.8691604309,-1.67457597647229,0.220250913584877,-7.60303759569637,2.89259410867092e-14,2.54959569256561e-13,"ENSG00000142871.18"
1646.42390384029,1.21614009351616,0.159974314286591,7.60209599234458,2.91372466067405e-14,2.56735967083999e-13,"ENSG00000161996.19"
317.905768164455,2.55382547051637,0.335953224817903,7.60172929401293,2.92199476063919e-14,2.57378385685793e-13,"ENSG00000197308.9"
146.420934295567,1.45502048970778,0.191457179690032,7.59971755597491,2.96777764305206e-14,2.61235993201542e-13,"ENSG00000139714.12"
1206.67229270057,-2.04444709296866,0.269040483980513,-7.59903142724327,2.98355324738441e-14,2.62448840543012e-13,"ENSG00000245848.3"
5451.98529387543,1.22881804820236,0.161740063659286,7.59748710616888,3.01936291938976e-14,2.65509986528072e-13,"ENSG00000122741.16"
14.5485269279821,1.54686151569093,0.203631993554723,7.59635796265595,3.04581266015497e-14,2.67746287490011e-13,"ENSG00000260193.1"
71.5175250819797,1.83285970827084,0.241292483119752,7.59600831560594,3.05404911516938e-14,2.68380564838221e-13,"ENSG00000139547.7"
940.061361354112,1.0927467292051,0.143870904645429,7.59532813043877,3.07013469088028e-14,2.69703944569176e-13,"ENSG00000179041.4"
3.2040740536189,-3.77037776205735,0.496524504629917,-7.59353813739282,3.11286514758496e-14,2.73275041880838e-13,"ENSG00000253428.1"
1035.96326436399,-1.3610557919684,0.179293557873366,-7.59121414127833,3.16921688896529e-14,2.781292043725e-13,"ENSG00000132622.11"
700.144131627145,1.01824495013507,0.134173577261059,7.58901246371253,3.22352757535371e-14,2.82612404238148e-13,"ENSG00000146826.17"
276.797577991196,-3.07162596244582,0.404755841813652,-7.58883663959564,3.22790403885012e-14,2.82901733101489e-13,"ENSG00000164007.11"
13.1257108246467,2.31739137514232,0.305433925741616,7.58721012905008,3.26866780881636e-14,2.86188090229611e-13,"ENSG00000272666.1"
91.7543014255031,-2.07744720420991,0.273857908875745,-7.58585798284356,3.30294046633188e-14,2.88900123850473e-13,"ENSG00000231768.2"
64.6917578244685,-1.56862933886936,0.206789676443557,-7.58562693190109,3.30883213167012e-14,2.89319174147763e-13,"ENSG00000249464.6"
227.157713180799,3.27130190978027,0.431300351581636,7.58474204294981,3.3314920311377e-14,2.91203646645904e-13,"ENSG00000204049.1"
2277.79705806078,-1.31597188895147,0.173527400936501,-7.58365469573899,3.35954547104182e-14,2.93460595416627e-13,"ENSG00000155324.10"
3.2528535447072,-3.13839984457781,0.413860560148875,-7.58323007016871,3.37056372861797e-14,2.94325239345497e-13,"ENSG00000226871.1"
7.29245993485887,2.55627202043176,0.337132340997404,7.58239928233834,3.39222403814496e-14,2.96118288338101e-13,"ENSG00000260001.6"
1530.04200751902,1.42965518553333,0.18855143933776,7.58230852309926,3.39459859210292e-14,2.96227189225874e-13,"ENSG00000011422.12"
11.0018803586735,6.11923504512996,0.807111044578781,7.58165197494417,3.41182475761922e-14,2.97631602818664e-13,"ENSG00000268964.3"
552.204091448497,-1.82930492280306,0.241296313715861,-7.58115569455886,3.42490292538381e-14,2.98673352656895e-13,"ENSG00000178947.9"
3425.54606611778,2.09679388157921,0.276615668353976,7.58017032822599,3.45101595978787e-14,3.00651320805649e-13,"ENSG00000162078.11"
228.139146084503,1.42257208401229,0.187700866146646,7.57893191020689,3.4841128969831e-14,3.03434139775692e-13,"ENSG00000152213.4"
15348.5244111639,-2.96521966554812,0.391288202820061,-7.57809625789234,3.50662202881654e-14,3.05192229819252e-13,"ENSG00000173432.12"
935.51028930028,2.46957066838799,0.325952574376608,7.57647235371926,3.55077325305821e-14,3.08932552742079e-13,"ENSG00000180616.9"
189.382631064627,-4.8928774493718,0.645808049757271,-7.57636491401865,3.5537135624327e-14,3.09086059811321e-13,"ENSG00000171195.11"
31.2138504009621,-2.42832746688382,0.320538210385964,-7.57578157050243,3.56971980518798e-14,3.1037550565518e-13,"ENSG00000255274.9"
718.948388788537,1.70950816040757,0.22569079600024,7.5745586027609,3.60350703862424e-14,3.13209586650792e-13,"ENSG00000114529.13"
4.70091785149102,-3.04870973563995,0.402508072072738,-7.57428222480222,3.61118605829344e-14,3.13773270598958e-13,"ENSG00000229224.2"
67.3375036170239,2.68093966144276,0.354158416716187,7.56988831806077,3.73545229554567e-14,3.24356221130236e-13,"ENSG00000260710.1"
4034.48259480366,1.08235578751853,0.143029417849086,7.56736483861346,3.80871117225102e-14,3.30444308893957e-13,"ENSG00000122884.12"
615.725759523997,1.58763184447228,0.209839093067777,7.56594884805129,3.85043557212892e-14,3.33899203490058e-13,"ENSG00000130545.16"
16.0563267873959,1.75816332748006,0.232386447303225,7.56568787845857,3.85817435926514e-14,3.34349669828305e-13,"ENSG00000233198.4"
320.300426327287,-1.77554075514021,0.234698617043153,-7.5651947911297,3.87283813535287e-14,3.35509813940722e-13,"ENSG00000128573.26"
224.749163721314,-1.42118466923259,0.187866210937573,-7.56487641997974,3.88233518219516e-14,3.36110994495447e-13,"ENSG00000259583.3"
23.7489585252984,4.03081738330378,0.532959223902013,7.56308776080937,3.93611838394192e-14,3.4065503985357e-13,"ENSG00000237442.3"
35.7464847392925,-1.58774066921146,0.209970598190766,-7.5617285605337,3.97747747172639e-14,3.44007956126543e-13,"ENSG00000183134.5"
125.694682996702,-1.01234969025096,0.133909702268641,-7.55994280548879,4.03246633174249e-14,3.484199377499e-13,"ENSG00000196338.13"
621.271055658529,1.30256461120901,0.172366443360263,7.5569500989617,4.12630177843522e-14,3.56410502610553e-13,"ENSG00000163923.10"
72.7942238516313,1.86950091773656,0.24739686820569,7.55668788895994,4.13462487104277e-14,3.57012089719081e-13,"ENSG00000175946.8"
23.6867052041916,1.53474869132498,0.203099628104797,7.55662974691943,4.13647265567182e-14,3.57054342468565e-13,"ENSG00000288675.1"
8.64249517942951,-4.20317687886383,0.556505872319867,-7.55279878960188,4.26002873361507e-14,3.67357595913184e-13,"ENSG00000244094.2"
7.3804164149281,-2.67450444930065,0.354117835997413,-7.55258328563882,4.26708596714411e-14,3.67845482323436e-13,"ENSG00000183783.7"
1475.42505978506,1.02681396452238,0.135970611519381,7.55173454799105,4.29499203985656e-14,3.70129740247835e-13,"ENSG00000173207.13"
22918.3990605727,1.91330365564269,0.253388744056043,7.55086285608454,4.32383962955607e-14,3.72371562330445e-13,"ENSG00000107485.18"
1816.27146242065,-1.50998699620599,0.200026264321853,-7.54894364160267,4.38802690497339e-14,3.77775627809763e-13,"ENSG00000146122.17"
5.27809610963558,-2.54476334046949,0.337162294048417,-7.54759172478541,4.43380268603666e-14,3.81341851439095e-13,"ENSG00000240423.3"
10.8774231589137,-1.64320198717393,0.217782424602579,-7.54515425279397,4.51752475326319e-14,3.88161558073781e-13,"ENSG00000146469.13"
54992.0988245958,1.78389453849678,0.236457423923593,7.5442526138372,4.54888640256057e-14,3.9060088273408e-13,"ENSG00000171345.13"
103.327155130102,-1.00353670276223,0.133030256084053,-7.54367263735978,4.56917272631354e-14,3.92214683012492e-13,"ENSG00000286724.1"
40.2713964232792,-3.15780815155463,0.418687112108028,-7.54216707472923,4.62225016318674e-14,3.96641277470455e-13,"ENSG00000280362.1"
12.0791424730029,-1.49801310588898,0.198629562397708,-7.54174297021092,4.63731076584767e-14,3.97803773399282e-13,"ENSG00000242337.5"
4428.14403033309,1.0473824395455,0.13888582060369,7.54132016495915,4.65237325617918e-14,3.98835546853926e-13,"ENSG00000001617.12"
4233.7350891468,1.18187017683119,0.156748527876056,7.53991244986821,4.70287083045142e-14,4.03033116751174e-13,"ENSG00000130669.17"
955.777436875515,1.25305234084587,0.16624817338879,7.53723975009015,4.80023330581353e-14,4.10975023485352e-13,"ENSG00000196517.13"
17.0962698930295,-1.50878290417965,0.200182146928668,-7.53705026811047,4.80721060032381e-14,4.1143836997366e-13,"ENSG00000066405.13"
1429.57060807351,-1.29786564134896,0.172207918936525,-7.53661997290234,4.82309241601645e-14,4.12663284708907e-13,"ENSG00000116396.15"
38.8820625046543,4.13196354278762,0.548337501507827,7.53543854182047,4.86696375318515e-14,4.16145983372539e-13,"ENSG00000130287.14"
1397.33148772309,1.92862293666803,0.255947831176459,7.53521890692786,4.87516283257879e-14,4.16576007449613e-13,"ENSG00000049283.18"
78.537040628599,-1.74042993207547,0.230984880589287,-7.53482187940311,4.89001854526702e-14,4.17709611452058e-13,"ENSG00000070601.10"
3144.71651340085,-1.31060463986313,0.173944814581226,-7.53460022949476,4.89833144584895e-14,4.18283767780032e-13,"ENSG00000114480.13"
215.091553963153,1.41006713824593,0.187150835683867,7.53438868222741,4.90627840915334e-14,4.18826312783977e-13,"ENSG00000204060.7"
266.541491359592,1.94914524273307,0.25875476976701,7.53278961577454,4.96676024878221e-14,4.23714139496889e-13,"ENSG00000243649.9"
194.428030545544,1.5095352402843,0.200398042058244,7.53268457505971,4.97075878623264e-14,4.23917663651326e-13,"ENSG00000104953.20"
118.415044935385,3.04308835514555,0.404253739887015,7.52766902291633,5.16541218529015e-14,4.4008976945921e-13,"ENSG00000233101.10"
7.87790920742904,2.07733158356298,0.27598112420064,7.52707848980549,5.18881820757155e-14,4.4179753083191e-13,"ENSG00000197238.5"
1269.97974786087,-1.0771163243055,0.14315246726832,-7.52425958741315,5.30199133156237e-14,4.50849369649904e-13,"ENSG00000037280.16"
22.9792471287126,2.08435730166529,0.277017028413429,7.52429305015331,5.30063374274465e-14,4.50849369649904e-13,"ENSG00000260810.1"
27.9651851600568,-1.36604230820727,0.181568435071096,-7.5235671204214,5.33016168910973e-14,4.53098220687452e-13,"ENSG00000232871.8"
46498.6461347459,-1.54067777816244,0.20479710504356,-7.52294705452378,5.35551153669895e-14,4.55105933496913e-13,"ENSG00000123384.14"
44.8348206916092,1.38838154175815,0.184562740481444,7.52254511466652,5.37200712857975e-14,4.56360166023239e-13,"ENSG00000225131.2"
6.92616459930728,3.45774320353605,0.459713280175478,7.52152124519046,5.41425271355697e-14,4.59651867968771e-13,"ENSG00000162006.9"
6.58138402352314,-3.8176732299399,0.507585792211231,-7.52123737212719,5.42602324040775e-14,4.60502405072255e-13,"ENSG00000175664.10"
44.0829850421149,3.43436351291688,0.456670496903836,7.52044096608253,5.45917992678795e-14,4.6316683407261e-13,"ENSG00000124575.7"
43.1246523717586,2.86727166970628,0.381388583227425,7.51797981324603,5.56290889237998e-14,4.7135879215769e-13,"ENSG00000177238.14"
266.547564081086,1.40905578187233,0.187502497659598,7.51486406559982,5.69700974519601e-14,4.82255085805899e-13,"ENSG00000269867.1"
16.6652652678692,-1.44177707820148,0.1918657687851,-7.51450916612621,5.71248468719534e-14,4.83409360973092e-13,"ENSG00000236411.1"
26.1834572561175,-1.3232730942609,0.176096862661038,-7.51446149729549,5.71456637189035e-14,4.83429876146656e-13,"ENSG00000288045.1"
8689.30056644482,1.13695796155862,0.151328263333105,7.51318978039113,5.77037808175334e-14,4.87523682098376e-13,"ENSG00000008283.16"
19.7729727543908,1.79350146136385,0.238722534197134,7.51291229123265,5.78262725909214e-14,4.88401590224864e-13,"ENSG00000261456.6"
24403.039452841,1.8571242677031,0.247288020002474,7.509964565548,5.91433696475323e-14,4.99044728030735e-13,"ENSG00000204262.14"
60.4366928899279,2.15656116100895,0.287166172897863,7.50980221398146,5.92167619976125e-14,4.99503649661504e-13,"ENSG00000206113.11"
6.46145039972657,-1.84763107946544,0.246104702307364,-7.50750010927424,6.02671342772076e-14,5.07711973507091e-13,"ENSG00000279208.1"
2008.3953491457,1.17325439441231,0.156289449087378,7.5069328176873,6.05287703295963e-14,5.09752707255081e-13,"ENSG00000106077.18"
26.8971605847053,3.01111804666527,0.401190030002978,7.50546579296329,6.1210553961265e-14,5.15329340268382e-13,"ENSG00000237978.6"
3.34153667352455,-3.54684654832669,0.472670084769081,-7.50385239645423,6.19690810928366e-14,5.21381346813097e-13,"ENSG00000231824.4"
26.9791686572334,1.91507572704458,0.255234722593802,7.50319434433835,6.22811061224531e-14,5.23838909863218e-13,"ENSG00000261040.7"
800.283464898807,1.33267715466463,0.177633670404264,7.50239046252708,6.26643749279516e-14,5.26893931735854e-13,"ENSG00000128228.5"
9161.04071538064,-1.60930444149208,0.214540434666001,-7.50117078860899,6.3250313954673e-14,5.31650544286736e-13,"ENSG00000136859.10"
600.236031438669,-1.17517982613317,0.156681934658794,-7.50041687123886,6.36151907705426e-14,5.34546571039943e-13,"ENSG00000164197.12"
10.5038181933075,-1.88939938077916,0.25193738053742,-7.49948013569399,6.40714307821813e-14,5.38036257724873e-13,"ENSG00000140955.11"
5.21947956936383,-1.68237625742639,0.224331663039014,-7.4995042368754,6.4059652008167e-14,5.38036257724873e-13,"ENSG00000237803.6"
266.404180222135,-1.64421814526136,0.219245520592392,-7.49943780296516,6.40921248663228e-14,5.38038137970754e-13,"ENSG00000105997.22"
732.138900062871,-1.44313447941192,0.19245535177749,-7.49854169335033,6.45317272888917e-14,5.41555530032321e-13,"ENSG00000115226.10"
19.0332932958608,1.46371034779534,0.195268659603568,7.49587952704209,6.58552577952192e-14,5.52310017833294e-13,"ENSG00000229525.1"
2022.87055618574,1.70958016565687,0.228082138568836,7.49545833086317,6.60670917071398e-14,5.53909868717851e-13,"ENSG00000127084.19"
3671.31981442984,1.34457395105591,0.179414762443317,7.49422139374236,6.66930692765766e-14,5.58801604356244e-13,"ENSG00000116191.17"
412.936507657082,-1.53683522412536,0.205097550979025,-7.49319149248414,6.72187175377005e-14,5.630263772342e-13,"ENSG00000077063.11"
107.700915806565,-1.97227157476661,0.263250058598242,-7.49200811300325,6.78277287445264e-14,5.67946486881533e-13,"ENSG00000148204.12"
4947.31499278964,1.69600874685564,0.226400560156612,7.49118617764209,6.82539161536164e-14,5.71151204132968e-13,"ENSG00000129354.12"
4.48108567460391,-5.00896886271784,0.668853858749315,-7.48888385287046,6.94617747669914e-14,5.8107361170452e-13,"ENSG00000234688.1"
364.791356448652,2.70113324456624,0.360738381226132,7.48779000278599,7.00429756645283e-14,5.85376652580751e-13,"ENSG00000187045.19"
219.62299349315,-1.41705450171898,0.189264397647655,-7.48716884597095,7.03751434281824e-14,5.87778922741133e-13,"ENSG00000278962.1"
56.3898091156447,1.54873105223338,0.206859805150856,7.48686314919392,7.05391849191534e-14,5.88961860360555e-13,"ENSG00000139890.10"
52.0503627015217,1.3990885661975,0.186891594112748,7.48609680836399,7.09520690060989e-14,5.92221080265578e-13,"ENSG00000188672.19"
1407.58197764217,1.02294905916089,0.136671302630574,7.48473922082931,7.16893411585986e-14,5.97995126313109e-13,"ENSG00000130332.15"
28.8334298631169,3.01460888877801,0.402779683990374,7.48451078493337,7.18141370824636e-14,5.98841131676506e-13,"ENSG00000251151.2"
9706.2254504429,1.49749740243554,0.200168098853392,7.48119910721809,7.36474978082245e-14,6.13550184593145e-13,"ENSG00000196405.13"
11.0670049524177,-1.37893722204324,0.184328585301997,-7.48086478168344,7.38351191355578e-14,6.1491833693251e-13,"ENSG00000272123.1"
83.9494260083898,1.7082906218855,0.228368760922144,7.48040412790041,7.4094404973361e-14,6.1688227441236e-13,"ENSG00000227218.7"
17.4514772538829,-2.8805470424897,0.385114476929499,-7.47971633124824,7.44832082724811e-14,6.19922940542715e-13,"ENSG00000179428.2"
16.0021826253641,-2.88743850010387,0.386134771079277,-7.4777997641426,7.55772324704711e-14,6.28829369501064e-13,"ENSG00000010282.15"
7.87107174192025,-2.10483407972156,0.281500126902261,-7.47720472769937,7.59200962785472e-14,6.31482218539663e-13,"ENSG00000259353.1"
64.8943734091317,-2.06622312354354,0.276581706261224,-7.47057045628334,7.98479036543983e-14,6.63522699858427e-13,"ENSG00000125878.6"
7.76010460370711,-1.41661036145257,0.189650507425214,-7.46958381859956,8.04488517996885e-14,6.68094034977255e-13,"ENSG00000227165.9"
279.30514529061,2.59733183118874,0.347779230655592,7.46833508801707,8.12158147116306e-14,6.74037408866592e-13,"ENSG00000134028.14"
20.8000613321566,-2.27362641023729,0.304443175568002,-7.46814707209437,8.13319138054498e-14,6.74787885878296e-13,"ENSG00000271334.6"
55.6260555220659,1.09667479796931,0.146850577252041,7.46796382071465,8.14452277950739e-14,6.75514789323358e-13,"ENSG00000242110.8"
12.5453791149318,1.82528449734017,0.244429168450315,7.46753961040125,8.17081351442856e-14,6.77481584899812e-13,"ENSG00000267366.1"
331.196415498739,2.16556876492462,0.290032316629602,7.46664644164548,8.22644130462216e-14,6.81878849734118e-13,"ENSG00000166920.13"
6.35679916061353,4.03646828175784,0.540758680388878,7.46445397576434,8.36457442160798e-14,6.92891503616591e-13,"ENSG00000234233.1"
28.3574940118914,1.76843364931322,0.236954561844391,7.46317621213199,8.44612693756582e-14,6.99206300557417e-13,"ENSG00000273062.1"
29.9880992972641,-1.80861839922927,0.242456877938965,-7.45954668147033,8.68206657151285e-14,7.18059904863573e-13,"ENSG00000162669.16"
30.2103204501281,-1.02360493392964,0.137232224937491,-7.45892544113372,8.72309487930339e-14,7.21226252933659e-13,"ENSG00000229337.2"
5.9636181483158,-3.28369773453623,0.440267236622695,-7.4584194811442,8.75665053437688e-14,7.2377296429422e-13,"ENSG00000286559.1"
768.106934662121,-1.08909267620507,0.146028746846978,-7.45807041230256,8.77987497644907e-14,7.25464425906908e-13,"ENSG00000130956.14"
3484.22943534963,-1.10135732366518,0.147690462802965,-7.45720003013673,8.83804773820654e-14,7.2981227380151e-13,"ENSG00000132326.12"
245.812660313149,-1.05765586316238,0.141848727416663,-7.4562238408784,8.90374300456857e-14,7.35006222148493e-13,"ENSG00000168060.16"
33.8608253199616,1.62949376699841,0.218543767719495,7.45614383792401,8.90914824819974e-14,7.35221515088483e-13,"ENSG00000069696.7"
262.64646495465,1.54763566218078,0.207574195550627,7.45581914975223,8.93111829775885e-14,7.3680324337192e-13,"ENSG00000160326.14"
8.67269151685152,-1.72037849285264,0.230760963847687,-7.45524054054555,8.97040201447853e-14,7.39811881231734e-13,"ENSG00000285569.2"
11442.773070767,-1.43544979130291,0.192568726516586,-7.45422072041003,9.04005490511646e-14,7.45322469027858e-13,"ENSG00000042445.14"
30.1139794928365,-1.96873106107406,0.264142180550982,-7.45330055566069,9.10335744797534e-14,7.50306199945387e-13,"ENSG00000282556.3"
306.606216694359,1.29242947345406,0.173415155478983,7.45280578207999,9.13757520439443e-14,7.52890365743897e-13,"ENSG00000175600.16"
620.28290350339,-2.95308297856958,0.396291049925164,-7.45180336302636,9.20728888967879e-14,7.58170042815455e-13,"ENSG00000007216.15"
6.1545217735219,-2.50303465238765,0.336059080868475,-7.44819823323646,9.46235717404095e-14,7.78918246046014e-13,"ENSG00000287986.1"
1720.00516348072,1.30926007465694,0.175856576033921,7.44504473011231,9.69115773333705e-14,7.97502786045808e-13,"ENSG00000170745.12"
9.64082533990359,-2.66294033834445,0.357689200545363,-7.44484411126841,9.70589608210741e-14,7.98465642009737e-13,"ENSG00000225764.2"
27591.0750668603,2.02655594366324,0.272212563039409,7.44475538173399,9.71242157088668e-14,7.98752467362908e-13,"ENSG00000110092.4"
3880.41760450097,-1.72115766438198,0.231255334173411,-7.44267227622669,9.86686560861839e-14,8.11111772428199e-13,"ENSG00000154553.16"
438.475394575856,-1.42858919274271,0.191946427923759,-7.44264536826986,9.86887630583389e-14,8.11111772428199e-13,"ENSG00000164236.12"
11.2386801693258,2.80585140590915,0.377034628374125,7.44189311737423,9.9252515493528e-14,8.15490189819284e-13,"ENSG00000264714.1"
612.238285262713,1.06511871280971,0.143127191374244,7.44176352922817,9.93499506133509e-14,8.16035656850411e-13,"ENSG00000104356.11"
3364.07346717009,1.05288436810395,0.141509789034059,7.44036419876605,1.00408090313074e-13,8.24469305151149e-13,"ENSG00000105669.14"
10.6784737244754,1.90698071236926,0.256309710056192,7.44014228704478,1.00576909014486e-13,8.2559758792528e-13,"ENSG00000227857.2"
1224.44441430589,-1.1319739705623,0.152166203982673,-7.43906295179183,1.01401996528244e-13,8.32110545347601e-13,"ENSG00000158352.16"
35.6997375695299,-3.39480324544974,0.456401795385267,-7.43818994529602,1.02074221298936e-13,8.37365428408628e-13,"ENSG00000188525.4"
2532.90898324253,1.0916219571513,0.146762438001622,7.43802005482653,1.02205547034106e-13,8.38181153898424e-13,"ENSG00000105514.8"
250.182448558808,1.82481411124981,0.245415379300308,7.43561433049734,1.04083099248842e-13,8.53046517198806e-13,"ENSG00000225783.8"
5053.13880347757,-1.35612167205333,0.182403079800567,-7.43475205317841,1.0476428418269e-13,8.58361734868401e-13,"ENSG00000115963.13"
2148.27908478169,-1.57314220826073,0.211609827248172,-7.43416422912997,1.05231165125226e-13,8.61918337223881e-13,"ENSG00000162551.14"
214.599709838788,-1.37475175352181,0.185001164508151,-7.43104378384191,1.07744037130477e-13,8.81950878834461e-13,"ENSG00000231160.10"
54.3271817249578,1.17252483788073,0.157792553412873,7.43079956892992,1.07943171544129e-13,8.8330582841404e-13,"ENSG00000160207.9"
207.681519226548,1.28588491140888,0.173051026279126,7.43066908678595,1.08049715738077e-13,8.83902498742486e-13,"ENSG00000165695.10"
523.072493176546,1.40604520499661,0.189224986924434,7.43054724352077,1.08149299234465e-13,8.84441873390998e-13,"ENSG00000105327.18"
71.4084037268149,2.01882749798227,0.271748682669524,7.42902404585853,1.09401859276202e-13,8.94406988869582e-13,"ENSG00000108813.11"
7.02375128243723,-2.07673402871361,0.279630165684456,-7.42671672646742,1.11326422330506e-13,9.09575282727699e-13,"ENSG00000274248.1"
47487.5740922699,-2.35592851650212,0.317326714196887,-7.42429934543856,1.1337847969833e-13,9.26053437038814e-13,"ENSG00000170345.10"
16.6817675559963,-2.68201792731431,0.361275280678731,-7.42375155664009,1.13848625705249e-13,9.29315924856135e-13,"ENSG00000158516.12"
3.1513186753668,3.70918915330972,0.499637657653874,7.42375819053911,1.1384292064085e-13,9.29315924856135e-13,"ENSG00000254338.1"
13106.5810345816,1.00129378172803,0.134906381916414,7.42213798564707,1.15244653375824e-13,9.40419270204951e-13,"ENSG00000124155.18"
27.7457245857742,2.00147487508529,0.269675109682174,7.42180054156325,1.15538722825828e-13,9.42526316186858e-13,"ENSG00000233030.2"
40.2206598536123,-1.61232231535381,0.217268686870963,-7.42086832011545,1.16354955737819e-13,9.48890368170285e-13,"ENSG00000257219.6"
1583.93328059626,1.11420844309342,0.150204873990263,7.41792468842022,1.18969712618803e-13,9.69913128558501e-13,"ENSG00000174996.12"
2939.76769404323,-1.17933907031499,0.159134908457853,-7.41093881753377,1.25408434581263e-13,1.02208846342137e-12,"ENSG00000117020.18"
4316.05358362991,1.45038790128458,0.195727261493978,7.41024980482451,1.26061734635031e-13,1.02709443060978e-12,"ENSG00000168394.11"
846.183953813675,1.3922570568773,0.187976536569357,7.4065470206363,1.29630294249339e-13,1.0551881864508e-12,"ENSG00000169750.9"
753.965453938471,1.18068688796972,0.159495081925804,7.40265388571022,1.33489357788836e-13,1.08592828230324e-12,"ENSG00000104450.13"
45.9185468038315,-1.3963681625838,0.188638303875976,-7.40235749522999,1.33787736190858e-13,1.08801882983926e-12,"ENSG00000267280.5"
4.0226001765949,-2.48372382934597,0.335583899744307,-7.40120080623177,1.34958465710464e-13,1.09720022045587e-12,"ENSG00000272411.1"
9279.80223965241,-2.69146843735916,0.36366411623904,-7.40097336298651,1.3518985131398e-13,1.09874151265821e-12,"ENSG00000065618.21"
75.9212309048833,-1.11123592885254,0.150155615733723,-7.40056189988352,1.35609437404579e-13,1.10181095911652e-12,"ENSG00000117400.18"
108.024879563921,5.33875638418212,0.721714175107128,7.39732787344748,1.38952169288305e-13,1.12792427967073e-12,"ENSG00000235123.5"
15599.9196371977,1.38100657110642,0.186760952673019,7.39451449213952,1.41925876739813e-13,1.15135177291026e-12,"ENSG00000072310.17"
16.4732626447909,-2.84664839942634,0.384982405096403,-7.39422987061842,1.4223017862975e-13,1.15346436751137e-12,"ENSG00000116745.7"
4.04298554651881,-1.92487157640741,0.260322464639523,-7.39418159348194,1.422818574819e-13,1.15352755769718e-12,"ENSG00000258983.2"
4378.63292499233,-1.03023006372344,0.139362478012544,-7.39244937673046,1.44148388221871e-13,1.16793965352147e-12,"ENSG00000165801.10"
1300.04199794928,-1.15096430399283,0.155696762707981,-7.39234576220146,1.44260796371e-13,1.16849022243925e-12,"ENSG00000160145.15"
2426.47814912511,-1.13389657742587,0.153390443828163,-7.39222437283071,1.44392597456197e-13,1.1691974835301e-12,"ENSG00000066056.14"
104.274517483477,2.96777761368179,0.401492176856009,7.39186909424178,1.44779029036778e-13,1.17196550637594e-12,"ENSG00000229754.1"
1431.34529517968,1.18794821647244,0.16073540083303,7.39070677844306,1.46050377979585e-13,1.18189289865006e-12,"ENSG00000277258.5"
497.417501047245,1.84568853203168,0.249735364593082,7.39057736191684,1.46192611580686e-13,1.18267977925108e-12,"ENSG00000117152.14"
294.319978806084,2.0935536223868,0.283329142936595,7.38912206731697,1.47801435530368e-13,1.19532705584006e-12,"ENSG00000145244.12"
2329.22207063672,1.28103439130024,0.173442889993453,7.3859147028085,1.51408839375118e-13,1.22412486439114e-12,"ENSG00000099337.5"
1373.65857651018,1.03451228450881,0.140069490668643,7.3857074768417,1.51644864192227e-13,1.22565609176768e-12,"ENSG00000104976.12"
181.940274595405,1.69705112330341,0.229782791016188,7.38545787436211,1.51929634735286e-13,1.22720298690297e-12,"ENSG00000089692.9"
368.605920951176,3.40039944368305,0.460517782539439,7.38386132438183,1.53763602483928e-13,1.24125384756989e-12,"ENSG00000130294.17"
6.89758406587452,-2.16415025363971,0.293116862058592,-7.38323356234318,1.54490659857862e-13,1.24674009938718e-12,"ENSG00000228290.7"
12.121832055008,3.4256007503527,0.464014250428988,7.38253350448976,1.55305432576304e-13,1.25293062916992e-12,"ENSG00000222032.1"
2838.70546869148,-1.14347583604486,0.154903684662906,-7.38185046103476,1.56104471811009e-13,1.25899046857335e-12,"ENSG00000149564.12"
32.6746271001824,4.83817483817245,0.655511457213195,7.380763196331,1.57384717807603e-13,1.26853723485282e-12,"ENSG00000198251.7"
1111.9868868905,2.75512366769074,0.373462792364066,7.3772373688165,1.61607735765363e-13,1.30217588193035e-12,"ENSG00000162482.5"
600.578873539901,1.47305172652241,0.199681714739438,7.37699858219155,1.61897731277794e-13,1.30411277012122e-12,"ENSG00000141682.12"
4258.88263231185,-1.40998866337479,0.191166965247222,-7.37569203733164,1.63493546376131e-13,1.31656383975191e-12,"ENSG00000112902.12"
441.192362924661,1.44681243953856,0.19616458967393,7.37550259169347,1.63726214734216e-13,1.31803363800127e-12,"ENSG00000084710.14"
7.46651183407674,-2.04441751576868,0.27723116156364,-7.3744145652233,1.65068791674688e-13,1.32843481946647e-12,"ENSG00000283122.1"
45.3717198038495,-1.5575546868501,0.211311610818322,-7.37089022613729,1.69492368602856e-13,1.36319994380584e-12,"ENSG00000226808.3"
97.8627933677758,-1.8142145507752,0.246145329523905,-7.37050162310313,1.69987196112796e-13,1.36676153644195e-12,"ENSG00000105996.7"
750.502635342,1.18193269737856,0.16039010276322,7.36911241414579,1.71767779033479e-13,1.38065575049418e-12,"ENSG00000100116.17"
3.46387523463467,3.6647989541173,0.497442282826763,7.36728476978622,1.74138252801444e-13,1.39885386205169e-12,"ENSG00000276397.2"
63.6812709861571,-2.09865125873075,0.284920479531115,-7.36574381099049,1.76161843395762e-13,1.4142449272493e-12,"ENSG00000163734.4"
6.48876190119035,3.80805230766755,0.517046759811752,7.3650056506572,1.77139364189759e-13,1.42165833537821e-12,"ENSG00000260289.2"
1697.28449095097,1.82180537815051,0.247366164029792,7.36481234325604,1.77396233967066e-13,1.42328529108375e-12,"ENSG00000254726.3"
497.242544338298,1.19340470787156,0.162045188074723,7.36464144384992,1.77623632432931e-13,1.42467487179345e-12,"ENSG00000168061.17"
384.188127619911,2.21508743673495,0.300790374421343,7.36422314376353,1.78181430902409e-13,1.42871285229985e-12,"ENSG00000272405.1"
5.28589393290733,-2.09389172084099,0.284355090712467,-7.36365125588089,1.78946822740974e-13,1.43428471900448e-12,"ENSG00000229052.2"
53.6700067202119,-1.44705412247807,0.19651389414183,-7.36362244917749,1.78985461814591e-13,1.43428471900448e-12,"ENSG00000254703.2"
11707.9339759756,-1.09104797818325,0.148242659097522,-7.35987862620233,1.84077522585779e-13,1.47374157893531e-12,"ENSG00000169764.16"
438.846732011478,-1.65189404388163,0.224467473486606,-7.35916887299129,1.85058798117384e-13,1.48114660466423e-12,"ENSG00000168917.9"
33.68272232601,-2.32139044296875,0.315538027428458,-7.35692766379824,1.88191260076486e-13,1.50530099812853e-12,"ENSG00000242611.2"
224.300072920548,3.19847583960124,0.434827902854681,7.35572813658688,1.89889139965679e-13,1.51795807629499e-12,"ENSG00000102854.16"
79.9270596994188,-1.64643889051736,0.223857017027387,-7.35486835472273,1.91115375198552e-13,1.52636782793034e-12,"ENSG00000254245.3"
14.2151197344295,-1.73690169066214,0.236156192562135,-7.3548852215897,1.910912447458e-13,1.52636782793034e-12,"ENSG00000260398.1"
70.8823902242728,-1.33119848998002,0.181055644899822,-7.35242743034372,1.94639214434905e-13,1.55356729796752e-12,"ENSG00000278934.1"
1205.84299309857,1.15085271158765,0.15655956651719,7.3508935748189,1.96886141215706e-13,1.57102469208064e-12,"ENSG00000148362.11"
87.460854092172,2.18761674175922,0.297747851138843,7.3472125269482,2.02382944915787e-13,1.61341623420278e-12,"ENSG00000137142.5"
258.58903917504,-1.02360100019368,0.139335251520856,-7.34631752568703,2.03742045578834e-13,1.62326642194425e-12,"ENSG00000135835.12"
47.6201938794348,-1.65200019935076,0.224887340499725,-7.34590126629552,2.043772056959e-13,1.62783347712456e-12,"ENSG00000145757.16"
37.5140394848414,-1.58728389024575,0.216102484765792,-7.34505154795428,2.0567981470708e-13,1.63771228408388e-12,"ENSG00000281195.1"
1593.77589273193,-1.11571816923542,0.151902006992042,-7.34498635882976,2.05780085124748e-13,1.63801446317955e-12,"ENSG00000186951.16"
20.2549688551646,-1.71106966789543,0.232988933002608,-7.34399546727087,2.07310147291827e-13,1.6496941905596e-12,"ENSG00000260306.1"
365.016694126521,-1.52399407788011,0.207536861525009,-7.34324527547342,2.08475967114309e-13,1.65846922507037e-12,"ENSG00000229619.4"
415.286906109144,-1.81739586091944,0.24750759351036,-7.34278829648661,2.09189279799742e-13,1.66364025121223e-12,"ENSG00000134532.19"
20.1988366658724,1.65491354840357,0.225418628178028,7.34151193173163,2.11194322199894e-13,1.67907790825832e-12,"ENSG00000150551.11"
175.449430074664,1.50737185821245,0.20537388570418,7.33964716616244,2.14157667246097e-13,1.7016082605491e-12,"ENSG00000146955.11"
10.6892913034283,3.10633095061941,0.423274759923457,7.33880506170776,2.15509228126893e-13,1.71182972260116e-12,"ENSG00000184697.7"
64.2629375808008,-1.93242300387346,0.263411986398523,-7.3361240325254,2.1986827463272e-13,1.74539949575548e-12,"ENSG00000182885.17"
903.950986086974,-1.01418760674331,0.138247370842558,-7.33603540206425,2.20013846889739e-13,1.74602776317932e-12,"ENSG00000178038.17"
9191.1611878927,-2.13978781898112,0.291725717497685,-7.33493034942351,2.21836823950932e-13,1.75996350157751e-12,"ENSG00000184557.4"
1124.65724713944,-1.10784619572759,0.151063398917962,-7.33365066364772,2.23966434896628e-13,1.77632280471423e-12,"ENSG00000197121.15"
1096.8617049937,-1.13996116354355,0.155494605998224,-7.33119426378411,2.28110719759447e-13,1.80810077145878e-12,"ENSG00000166086.13"
1046.1219463252,-2.58777825106787,0.353053472933804,-7.32970626110527,2.30657726493941e-13,1.82608665155625e-12,"ENSG00000119147.10"
1128.27088747138,-2.93668151721516,0.400766361986942,-7.32766468387096,2.34197795439576e-13,1.85243901755457e-12,"ENSG00000134339.9"
163.367143004447,-1.22607670210058,0.167392099212565,-7.32457928342024,2.39649348050373e-13,1.89441908696421e-12,"ENSG00000248334.6"
38.9705501547921,-1.43848220209767,0.196420393865017,-7.32348700556121,2.41609000084703e-13,1.90933582628573e-12,"ENSG00000277687.1"
49.3162141087231,2.2794662143699,0.311339551025337,7.32147973767841,2.4525135988449e-13,1.9369551512031e-12,"ENSG00000145198.14"
5187.9351438314,1.17842086018089,0.160962235311813,7.32110148630874,2.45943744038849e-13,1.94184000249838e-12,"ENSG00000143653.10"
17.4374973927761,1.25488866347497,0.171455392302159,7.31903876935793,2.49753441460911e-13,1.97014389416524e-12,"ENSG00000214867.3"
2811.49779329569,-2.18778272646241,0.298929992832436,-7.31871267159454,2.50361004728767e-13,1.97434402889016e-12,"ENSG00000173267.14"
9.54348816222424,3.23700805720018,0.442401663911864,7.31689846863927,2.5376770451179e-13,1.9994095759556e-12,"ENSG00000272583.1"
1507.74921791343,1.31217446836419,0.17943062809597,7.31299044253671,2.61261604813991e-13,2.05537264918615e-12,"ENSG00000109084.14"
958.071200978571,1.6699538612107,0.228408795019474,7.31125025666511,2.64668073947627e-13,2.08154867014944e-12,"ENSG00000198125.13"
2954.13116838029,2.41678100142879,0.330617475736903,7.30990095439482,2.67339369343119e-13,2.1013002343943e-12,"ENSG00000075461.6"
81.255827263975,-3.96270536583707,0.542191920880851,-7.30867652804419,2.69786349159317e-13,2.11989967154066e-12,"ENSG00000108342.13"
31.9234985209285,-4.37661308643756,0.599003301602587,-7.3064924262158,2.74205950134454e-13,2.15334006373887e-12,"ENSG00000249955.2"
2485.62641454954,-1.01797745091187,0.13934691850507,-7.30534597989569,2.76554203803613e-13,2.17048393334553e-12,"ENSG00000136854.24"
3817.01503070535,-1.28139924383644,0.175415673564986,-7.30493015700635,2.7741080157529e-13,2.17655686824028e-12,"ENSG00000137713.16"
3.05120378355065,3.5148029842874,0.481191904715893,7.30436848550604,2.78571987090646e-13,2.18501525177277e-12,"ENSG00000187475.6"
260.921432885507,4.59063410722808,0.62856436328995,7.30336362564428,2.80661331584543e-13,2.20074655112414e-12,"ENSG00000169900.8"
5.08183322028641,-1.89319219408484,0.259253903742506,-7.30246359555372,2.82545771868896e-13,2.21486223316494e-12,"ENSG00000272506.1"
9.14164765463809,-1.60715736655422,0.22012381080057,-7.30115184136205,2.85314535435047e-13,2.23523315927713e-12,"ENSG00000260439.1"
167.803129974928,-1.28291078598626,0.175724589578608,-7.30069018264723,2.86295299887968e-13,2.24224840949206e-12,"ENSG00000261490.1"
21.7309679610598,-1.52070048559605,0.208390886216227,-7.29734641090864,2.93498457601616e-13,2.29729406182277e-12,"ENSG00000005381.8"
6.86852858218478,-1.80347871461171,0.247144057324405,-7.29727728085501,2.93649240229828e-13,2.29779000601393e-12,"ENSG00000275088.1"
5.37861888068406,3.1472534011764,0.431352145504447,7.29625071760297,2.95897297036829e-13,2.31469183193929e-12,"ENSG00000239265.5"
21.2772558695766,-2.06758134574655,0.283427181052548,-7.29492964672014,2.98815179561844e-13,2.33473786551828e-12,"ENSG00000137766.17"
31.3407203971681,-1.58390127719332,0.217122117841095,-7.29497894061871,2.98705797051591e-13,2.33473786551828e-12,"ENSG00000238078.1"
72.8367541884101,2.4749544473897,0.339399553933428,7.2921558638087,3.05033971060895e-13,2.38120371112699e-12,"ENSG00000165309.14"
49.9233605450752,3.11432325788361,0.427110481450491,7.29161046881171,3.06271609863163e-13,2.38944582773623e-12,"ENSG00000186086.18"
412.382815528654,1.67261774964918,0.229470488422815,7.28903207181598,3.12189736680816e-13,2.43417236396279e-12,"ENSG00000181649.8"
25.7220841703116,4.2221029352761,0.579244760220053,7.28897907280531,3.1231255447385e-13,2.43440782378134e-12,"ENSG00000269353.1"
3.25972172955719,-3.29877107361487,0.452630973411567,-7.28799235445909,3.14607821607955e-13,2.45084528249659e-12,"ENSG00000244681.1"
772.421788910098,1.5699009523542,0.215545161607923,7.28339685587493,3.25517822779424e-13,2.53358319630867e-12,"ENSG00000105472.13"
615.429803154697,-1.36793823930681,0.187841200686635,-7.28241852323369,3.27887974780589e-13,2.55127517144257e-12,"ENSG00000134569.10"
659.472427248462,-1.00778168754478,0.138388683795702,-7.28225502189566,3.28285729908996e-13,2.55361412397989e-12,"ENSG00000166046.11"
150.484225983996,2.38612795902729,0.327731724043981,7.28073538192806,3.32005351812833e-13,2.58102001391556e-12,"ENSG00000108511.10"
3665.68981228418,-1.70853069775801,0.234716685358311,-7.27911905857831,3.36007051889777e-13,2.6113569934568e-12,"ENSG00000173918.15"
51.0685786124185,2.2921052253705,0.314947398580427,7.27773982481449,3.39459192189562e-13,2.63676966263658e-12,"ENSG00000137261.14"
28.076728751333,-1.71805144367542,0.236093401679969,-7.27699898197189,3.41327833267467e-13,2.65035768673622e-12,"ENSG00000224238.2"
681.736416855986,-1.30184092210071,0.178908057109718,-7.27659191616138,3.42358879151216e-13,2.65757849368298e-12,"ENSG00000197928.10"
52.10090965571,-1.11257767725193,0.152912895607913,-7.27589176065774,3.44139443489803e-13,2.67061149474047e-12,"ENSG00000253520.1"
10.6391832618453,-1.5071920188762,0.207154036276004,-7.2757067444637,3.4461147503302e-13,2.67348524491378e-12,"ENSG00000269976.1"
8.62217967902719,-1.25875596809225,0.173011056077021,-7.27558109079386,3.44932417558837e-13,2.67518550106712e-12,"ENSG00000277763.1"
2078.63109081291,1.023849974624,0.140733005636064,7.27512334435375,3.46104070356336e-13,2.68348064461532e-12,"ENSG00000166477.13"
164.807408919294,-2.30245106548649,0.316489157476398,-7.27497612823655,3.46481716326371e-13,2.68482471459975e-12,"ENSG00000034239.11"
31.8810366488748,-3.24902865986071,0.446642050032695,-7.27434566365365,3.48103597590262e-13,2.69580287538669e-12,"ENSG00000146678.10"
22288.593720065,-2.84049509337969,0.39060923084562,-7.27196100110171,3.54305896336127e-13,2.74302685693631e-12,"ENSG00000186847.6"
62.1095457655462,1.02218642942118,0.140568962196764,7.2717790147042,3.54783659470209e-13,2.74591687441548e-12,"ENSG00000272654.1"
1986.81306512526,1.18841747824822,0.163429729850068,7.27173372518263,3.54902654902667e-13,2.74602925565549e-12,"ENSG00000185187.13"
459.809153920419,-1.74335239390399,0.239772053605549,-7.27087401425019,3.57168940762866e-13,2.7619383462816e-12,"ENSG00000153291.16"
206.814655187532,1.20342387696385,0.165599642934442,7.26706806632587,3.67373719803165e-13,2.83751126985201e-12,"ENSG00000250091.3"
15.7840303572308,-1.09832751463333,0.151143000701197,-7.2668103024147,3.68075114968661e-13,2.84209351405296e-12,"ENSG00000261064.1"
560.299372051313,-2.91775560259497,0.401551287732947,-7.26620905406093,3.69716272649923e-13,2.85392731580928e-12,"ENSG00000136244.12"
7.17172513687782,2.4151945075723,0.332427839171578,7.26531963625866,3.7215719877223e-13,2.87119413639062e-12,"ENSG00000249896.2"
4.81292323953671,-2.24494764988022,0.308995251253777,-7.26531440457784,3.72171603358806e-13,2.87119413639062e-12,"ENSG00000268926.3"
14.9516673549557,-1.67283960774628,0.230262948407985,-7.26491004876005,3.73286589785498e-13,2.87895091723064e-12,"ENSG00000232949.2"
34.9120641915129,2.56594293868196,0.35321728350504,7.26448862643308,3.74452127009716e-13,2.88709290299894e-12,"ENSG00000123201.14"
18.4557906027112,-3.05406653208532,0.420485446426513,-7.26319200352888,3.78060685733091e-13,2.91406072252451e-12,"ENSG00000229312.2"
5.75529141766367,3.22521251465171,0.444119612520572,7.26203577533363,3.81307309267041e-13,2.9373626368039e-12,"ENSG00000253931.1"
225.001664592571,2.02165398519794,0.278429862811585,7.26090931764027,3.84496664104128e-13,2.96019634426272e-12,"ENSG00000180535.4"
1171.22177964103,1.30001378104024,0.179128076229285,7.25745404297322,3.94443933670467e-13,3.03411306777716e-12,"ENSG00000130762.15"
832.772951130075,1.32205963266101,0.182209258645464,7.25572148467724,3.99526428947502e-13,3.07230914524755e-12,"ENSG00000142185.16"
15.6262938056085,-2.94476763586285,0.405906425107103,-7.25479434105002,4.02272582251692e-13,3.09252195141956e-12,"ENSG00000268297.1"
144.231838182382,-1.02091108612252,0.140755428230041,-7.25308500681063,4.07384218775943e-13,3.13090257494354e-12,"ENSG00000272501.1"
221.034913852569,2.83065748175554,0.390341180060853,7.25175212442163,4.11414313435003e-13,3.16095112958948e-12,"ENSG00000100095.19"
1366.98321057097,1.36889150867635,0.188872615420153,7.24769710861054,4.2391728281399e-13,3.25511009683988e-12,"ENSG00000123191.16"
47.4502568988868,-1.06290896201642,0.146690810676204,-7.24591374958461,4.29533401530943e-13,3.29438457129831e-12,"ENSG00000273828.2"
7.02212121294876,-2.43551019872085,0.336156694977886,-7.24516344641319,4.31918017895899e-13,3.31170746277007e-12,"ENSG00000229920.2"
4019.5180404075,-1.24574851919572,0.171971246618506,-7.24393492337259,4.35850611752544e-13,3.33991180154631e-12,"ENSG00000119185.13"
11.1860057629899,2.09418080204929,0.289125569082946,7.24315323854494,4.38371123597295e-13,3.35824733682055e-12,"ENSG00000159409.15"
17.6831588055032,1.81682191985036,0.250839392438527,7.24296890607247,4.3896757873544e-13,3.36183678306594e-12,"ENSG00000257512.1"
367.936476575058,1.27950248986066,0.176683606364509,7.24177254578426,4.42858125951696e-13,3.38965724592731e-12,"ENSG00000212864.3"
118.904038428181,1.20187414312835,0.165973065455021,7.24138064109001,4.44139941817177e-13,3.39847866978826e-12,"ENSG00000249042.6"
433.647452974339,-1.27658767050067,0.176301628836286,-7.24092953041354,4.45619915260981e-13,3.40881078367859e-12,"ENSG00000110900.16"
2989.54095160669,1.26842469542587,0.175177205073061,7.24080907043158,4.46015930732243e-13,3.4108474609736e-12,"ENSG00000076716.9"
3110.27713981887,1.33312585793185,0.184117403742215,7.24062924436182,4.46607756913511e-13,3.41437995425094e-12,"ENSG00000130589.16"
136.912539675985,4.18772928734113,0.578389447953847,7.24032795230955,4.47601068958106e-13,3.42097891727097e-12,"ENSG00000259439.2"
10.1652683457125,-2.44008343611363,0.337149271903092,-7.23739791084285,4.57374782150061e-13,3.49466243431169e-12,"ENSG00000249695.6"
64.0665796628548,1.19779364560692,0.165503771723892,7.23725890431781,4.57843635221979e-13,3.4972281627941e-12,"ENSG00000183773.15"
2568.37219645245,1.38798686607122,0.191806445482481,7.23639324309355,4.60774049819272e-13,3.51858951930556e-12,"ENSG00000129038.16"
3.13156954647581,-3.23063191553674,0.446456692391629,-7.23615967817736,4.61567857665571e-13,3.52362752567001e-12,"ENSG00000249736.1"
191.956282864983,1.9101270431124,0.264025252608692,7.23463768802212,4.66773569534255e-13,3.56233347898907e-12,"ENSG00000233493.4"
1430.76452347878,-1.54469421455059,0.213530654832227,-7.23406302371093,4.68754068307505e-13,3.57640984946138e-12,"ENSG00000086289.12"
6.38700035952272,-2.60687885275957,0.36041986299644,-7.23289452220151,4.72806622189334e-13,3.60628243111563e-12,"ENSG00000124003.13"
39.2821211634629,1.19225160147058,0.164839899206241,7.23278530993815,4.73187141345935e-13,3.60813774967698e-12,"ENSG00000224186.8"
2206.21173987535,-1.19828274548136,0.165695302844756,-7.23184498841264,4.76475889628708e-13,3.63216133497708e-12,"ENSG00000139263.12"
4735.26104647452,1.00467169054974,0.138926572893961,7.23167403918172,4.77076186074945e-13,3.63568294427192e-12,"ENSG00000123159.16"
1236.93187500315,1.23293423591622,0.170527122676708,7.23013569081131,4.82511686501602e-13,3.67497454882878e-12,"ENSG00000137460.9"
24.2436313365536,1.76176706253028,0.243703642655216,7.22913717388611,4.86072276444711e-13,3.70102077464449e-12,"ENSG00000276116.2"
12.4325308760925,2.14183385797419,0.296361019173518,7.22711058271854,4.93378352122189e-13,3.75447498760267e-12,"ENSG00000135824.12"
20.8783542857094,2.78920364732905,0.38597003299478,7.22647721038688,4.95683762687039e-13,3.76983565349136e-12,"ENSG00000152611.12"
561.954655484471,1.46216236308863,0.202363984200521,7.22540806292773,4.99599369334647e-13,3.79741753140309e-12,"ENSG00000150782.12"
12371.775989056,2.98744497380049,0.413494901015594,7.22486532835823,5.01598665808295e-13,3.81151180459821e-12,"ENSG00000160180.15"
17.6352112491363,-1.71058640885849,0.236793141532475,-7.22396940125858,5.0491623423712e-13,3.83450398748583e-12,"ENSG00000197915.7"
44.3526830899837,-1.81037222189352,0.250638978704137,-7.22302744470783,5.08427479646427e-13,3.86005426777201e-12,"ENSG00000236304.1"
4.32715619391649,-2.69194779794777,0.372695576310541,-7.22291320062451,5.08854963659511e-13,3.86106924504232e-12,"ENSG00000118526.7"
10.2221818556471,2.35790188504935,0.326447465302158,7.22291374775079,5.08852915555289e-13,3.86106924504232e-12,"ENSG00000244137.1"
101.293487990856,-1.43294255901371,0.198395163221788,-7.22266881784718,5.09770592113683e-13,3.86690050306379e-12,"ENSG00000233554.6"
2032.97363028527,-1.63060741519027,0.22585618167863,-7.21967139916698,5.21133467770255e-13,3.94967475976741e-12,"ENSG00000206538.9"
5884.79858518622,-2.3563461979709,0.326385528814119,-7.21951799313035,5.21721654382614e-13,3.95299278287478e-12,"ENSG00000151882.11"
7.60949493358931,-3.20570495263069,0.444240635179965,-7.21614525724787,5.34819287640714e-13,4.04756411066759e-12,"ENSG00000233639.7"
1204.38458036666,1.09231398862917,0.151435841526108,7.2130479655363,5.47131308916391e-13,4.13597909794605e-12,"ENSG00000185298.13"
185.3661697368,1.2787856095911,0.177298972325498,7.21259459554797,5.4895668867481e-13,4.1485847053274e-12,"ENSG00000114656.12"
206.500908890054,1.62411887331393,0.225189998502749,7.21221583601593,5.50486251278432e-13,4.15894815424039e-12,"ENSG00000101850.13"
39.9922400229634,-1.67074888819703,0.231685975635007,-7.21126465949365,5.54345904612188e-13,4.18570173996747e-12,"ENSG00000150045.12"
84.0532232292544,-2.46169133430026,0.341369800049131,-7.21121591290724,5.54544421010578e-13,4.18599815101724e-12,"ENSG00000148123.15"
1061.87087964368,-1.77003476911828,0.245486840674137,-7.21030408089309,5.58270670252546e-13,4.21291596236518e-12,"ENSG00000136383.7"
457.066774950131,-1.51488780682525,0.210129160234981,-7.20931737951647,5.62330571324303e-13,4.24233545829161e-12,"ENSG00000173530.6"
3025.14058626487,-1.20940393977765,0.167782614299971,-7.20816006368464,5.67129434325756e-13,4.27731134915873e-12,"ENSG00000205213.14"
1130.55703337059,-1.79336206370514,0.24880002276893,-7.20804622019951,5.67603657909429e-13,4.27965993817884e-12,"ENSG00000174175.17"
3361.08342305656,2.82469570706314,0.392035984022791,7.20519498765943,5.79608476556147e-13,4.36641708162848e-12,"ENSG00000117983.17"
4637.93840123345,1.15280759909053,0.160005508029937,7.20479946774608,5.81293338160098e-13,4.37785504303726e-12,"ENSG00000081923.15"
63.6126011812381,3.06736436733746,0.425865660624818,7.20265720142147,5.90502997254124e-13,4.44466803546031e-12,"ENSG00000205592.15"
8.21516876897965,-2.01899010473549,0.280321732095279,-7.20240307322748,5.9160496040536e-13,4.45041350294633e-12,"ENSG00000007350.17"
25.534943996222,-1.90985672374647,0.265168888889292,-7.20241628550865,5.91547618943339e-13,4.45041350294633e-12,"ENSG00000260633.1"
6.96987038596653,-2.42991562282426,0.33749034983255,-7.19995586253027,6.02320537377244e-13,4.52540761628732e-12,"ENSG00000244056.3"
18.1044990368801,3.27520999699454,0.454894702753583,7.19992995558959,6.02434988943439e-13,4.52540761628732e-12,"ENSG00000277010.1"
49.6299986077762,6.37099684479743,0.884887793765974,7.19977932759502,6.03100855687332e-13,4.52911511168167e-12,"ENSG00000259527.2"
2730.7502343835,1.04468695390747,0.145109674737268,7.19929223050739,6.05259069048318e-13,4.54272683348543e-12,"ENSG00000141552.18"
166.904915725756,-1.66150509465364,0.23079982574726,-7.19890099255575,6.06998042109425e-13,4.55447802991839e-12,"ENSG00000283199.3"
6.99897212581823,2.41246507576876,0.335232181626557,7.19640060826919,6.18228156001106e-13,4.63477149239391e-12,"ENSG00000286563.1"
1459.17812767709,-1.10560782044146,0.153640013751224,-7.19609295422007,6.19623954637779e-13,4.64311200816332e-12,"ENSG00000106829.20"
758.245977738591,-1.23328735445587,0.171383277699332,-7.19607753458595,6.19693993480327e-13,4.64311200816332e-12,"ENSG00000258441.1"
16.0713715270177,2.30392131736392,0.320189325608575,7.19549695476236,6.22336757805466e-13,4.66025622283729e-12,"ENSG00000126231.15"
32.5567967745591,1.84313054706994,0.256149595464649,7.19552394266539,6.22213665664819e-13,4.66025622283729e-12,"ENSG00000163618.18"
10.6099153665465,1.9717994557116,0.27404298617753,7.19521956469352,6.23603323563939e-13,4.66841063986174e-12,"ENSG00000124334.17"
118.119114982478,1.27914219458163,0.177785524034748,7.19486134501942,6.25242702701104e-13,4.67935056884846e-12,"ENSG00000247095.3"
8212.44074302257,1.00284756780652,0.139402287428125,7.19391041788739,6.29615136241294e-13,4.70873642646963e-12,"ENSG00000101182.15"
2410.94732061422,-1.46260551443176,0.203310539450925,-7.19394832349458,6.29440270424387e-13,4.70873642646963e-12,"ENSG00000122644.13"
1466.80785771975,1.0633229506415,0.147809163464189,7.19389059325216,6.29706610068511e-13,4.70873642646963e-12,"ENSG00000139116.19"
615.28946101641,-1.09426449266288,0.152111302019341,-7.19384081350999,6.29936358746441e-13,4.70911469092476e-12,"ENSG00000212719.13"
11711.8823815814,-1.03952518805239,0.144520453144291,-7.19292782049687,6.34164724233066e-13,4.73937606247993e-12,"ENSG00000135926.15"
25.8199819185774,-1.26807846815268,0.176296478082858,-7.19287465037556,6.34411828970956e-13,4.73987507466533e-12,"ENSG00000162630.6"
988.556215674413,1.45972015257564,0.202947051520889,7.19261571743204,6.35616554914866e-13,4.74617770721089e-12,"ENSG00000124813.23"
180.421837935636,1.11831199212797,0.155488243916993,7.19226073917826,6.37271797288263e-13,4.75718600395476e-12,"ENSG00000141391.14"
793.675342726324,1.02126876626165,0.142001793688862,7.19194271939507,6.38758297711255e-13,4.76692876122732e-12,"ENSG00000116663.11"
962.513112035115,-1.63576548369246,0.227504919409953,-7.19002247483227,6.47806578329586e-13,4.83033988789073e-12,"ENSG00000112782.19"
6.72288043600936,2.01624241804371,0.280424394849058,7.18996797382402,6.48065217340178e-13,4.83089795024653e-12,"ENSG00000261253.2"
29.1723160624589,-1.08197282233058,0.150508386705741,-7.18878758860096,6.53691770970113e-13,4.87007780844061e-12,"ENSG00000274818.1"
21245.8657696139,-1.37277687711659,0.190962214067872,-7.18873565546675,6.53940419394938e-13,4.8705497260914e-12,"ENSG00000177606.8"
22.8242462490092,2.45615747175538,0.341690563211256,7.1882508216559,6.56266218391353e-13,4.88648761592021e-12,"ENSG00000226835.3"
3554.31504294615,-1.4847160851022,0.206586485239035,-7.18689842360349,6.62796816270133e-13,4.93371609143137e-12,"ENSG00000127528.6"
35.0694032592826,1.87941707756432,0.261558349141654,7.18546008465005,6.69812421143847e-13,4.98452708871599e-12,"ENSG00000260428.3"
411.622717905934,-2.13954662303595,0.297852180980079,-7.18324981202353,6.80735500497414e-13,5.06294620686871e-12,"ENSG00000136531.18"
53.0295295079537,1.3300813302355,0.18519056444368,7.18223055386822,6.85831362046538e-13,5.09940354173443e-12,"ENSG00000277182.1"
11.8240983294618,3.85877069810637,0.537328115598746,7.18140478059022,6.89987322978144e-13,5.12885373222781e-12,"ENSG00000253364.2"
43.7664945300716,-1.37968904946402,0.192159659120621,-7.17990995497119,6.97573470664221e-13,5.18377752415561e-12,"ENSG00000228436.3"
104.043270458672,-2.01481128154682,0.280622455655131,-7.17979349458371,6.98167926003719e-13,5.18672859442673e-12,"ENSG00000145113.22"
819.162790702301,1.27827850374366,0.178047471130821,7.17942521522498,7.00051029671243e-13,5.19924873237608e-12,"ENSG00000065057.9"
283660.359938479,2.05640987191685,0.286447037446336,7.17902300631091,7.02113319739633e-13,5.21309223051879e-12,"ENSG00000108821.14"
134.192100301544,-1.31825736026349,0.183635068384455,-7.17867982330919,7.0387767397645e-13,5.22471640293618e-12,"ENSG00000286067.1"
9.49712641201047,2.08414101337798,0.290335618437479,7.17838556837896,7.05393946953761e-13,5.23449308349313e-12,"ENSG00000113302.5"
3276.75144432707,1.00816545475857,0.140495240630368,7.17579791482743,7.18866741351324e-13,5.33145977135389e-12,"ENSG00000090565.17"
2514.02731720873,1.04843330980587,0.146132230545821,7.17455215656293,7.25442625389877e-13,5.37567915583522e-12,"ENSG00000095906.17"
374.386834523064,-1.56901472051692,0.218713593942862,-7.17383264675729,7.29267506634279e-13,5.40249919514526e-12,"ENSG00000075213.11"
7.95903147881241,-2.39009222992917,0.333244966361671,-7.17217804074857,7.3813857828936e-13,5.46667635721542e-12,"ENSG00000224251.6"
2174.37958724226,2.14876756669623,0.29960768534895,7.17193740939452,7.3943750031737e-13,5.47475359389909e-12,"ENSG00000157303.11"
2738.50910828126,-1.56922160011272,0.218811616269923,-7.17156441172183,7.41455368088951e-13,5.48814781606589e-12,"ENSG00000003436.16"
12.1445770001844,3.45324108952767,0.481552410395421,7.1710597122587,7.44194332245607e-13,5.5068704472814e-12,"ENSG00000129991.13"
77.2633121557018,-2.04868089286158,0.285690877550676,-7.17097063240385,7.44678791675583e-13,5.50890440765579e-12,"ENSG00000119915.5"
4.70289202283266,-1.83332007798736,0.255673921327489,-7.17053999277106,7.47025187875007e-13,5.52470738269743e-12,"ENSG00000283051.1"
4.49402697422072,2.9569280613856,0.412418833976377,7.16972121005261,7.5150646563219e-13,5.5547232684692e-12,"ENSG00000152592.14"
6.10122806567589,-2.10579535294568,0.293725858232875,-7.16925423459362,7.54074073174494e-13,5.57213464698296e-12,"ENSG00000232814.2"
1947.02117440773,1.50489347809408,0.20991075434901,7.16920618365247,7.54338763509215e-13,5.57252390671057e-12,"ENSG00000167880.8"
531.550530649253,-1.34444983944112,0.187607232912361,-7.16630067279532,7.70514495738761e-13,5.68403115520561e-12,"ENSG00000122035.7"
6164.02096681302,1.26388031632831,0.176384797559883,7.16547193302884,7.75190382682441e-13,5.71281104956478e-12,"ENSG00000074201.9"
24.2584539479862,-2.20954759892845,0.30836109437795,-7.16545517321412,7.75285231083457e-13,5.71281104956478e-12,"ENSG00000226409.3"
89.8232436572707,1.46698717189422,0.204734353589886,7.16532006559498,7.7605025842451e-13,5.7168455696272e-12,"ENSG00000197753.11"
13.7518469983727,-2.75034807771624,0.38389041946949,-7.16440926428179,7.81226908620057e-13,5.75336734832434e-12,"ENSG00000279587.1"
54745.8105837677,1.02745806294645,0.143433191037501,7.16332151236752,7.87453703254911e-13,5.7976003183059e-12,"ENSG00000111640.15"
2684.72274295335,-1.04512120365351,0.145911179449241,-7.16272192164058,7.90906838135364e-13,5.81976353122898e-12,"ENSG00000167074.15"
407.701417700754,1.57875012120041,0.220458843420219,7.16120114170759,7.99732039643442e-13,5.88305539602246e-12,"ENSG00000163393.13"
6.22450696754134,1.87436666669323,0.261765410454188,7.16048259944287,8.03935348110938e-13,5.91232140172017e-12,"ENSG00000130711.5"
30.5706790398698,-1.35499624853377,0.189246468182265,-7.15995527709799,8.07033852272202e-13,5.93178908644367e-12,"ENSG00000111405.9"
538.32782025109,1.8085819779192,0.252606551086179,7.15967962882398,8.08658201640794e-13,5.94040586135457e-12,"ENSG00000179841.8"
4.92202899191695,-2.93519597875127,0.409961651701612,-7.1596842450221,8.08630972752152e-13,5.94040586135457e-12,"ENSG00000232328.3"
18.039211988132,-1.44721946439615,0.202238965288663,-7.15598728628028,8.30728428263021e-13,6.10082872547227e-12,"ENSG00000279019.1"
56445.709792518,-1.34908774100214,0.188555547039297,-7.15485575569397,8.37609504622085e-13,6.14964475404661e-12,"ENSG00000026025.16"
15.6331481603225,2.12823104386002,0.297493566004467,7.1538725103993,8.43634230961826e-13,6.19041935415987e-12,"ENSG00000237512.6"
28.9481743948077,-1.69860019335877,0.237451589327014,-7.15345893524213,8.46181055901025e-13,6.20564254277415e-12,"ENSG00000225399.4"
36.4764218769334,1.4014606492451,0.195996710676324,7.15042943531602,8.65068430563713e-13,6.3388510256305e-12,"ENSG00000238045.9"
2816.35894871847,1.6217349480795,0.226840285868058,7.149236926208,8.7261607151911e-13,6.39059370961502e-12,"ENSG00000178935.5"
20.7851626250356,1.96973062566526,0.275522950414685,7.14906189375749,8.73729314425678e-13,6.39696415051936e-12,"ENSG00000218014.1"
4.67015071056648,-2.63569204823361,0.368883857736319,-7.145045772422,8.99659059495432e-13,6.57764637545979e-12,"ENSG00000256757.1"
2.73671342356336,-2.67196071308007,0.374006078508758,-7.14416386956528,9.05453326563416e-13,6.61816886412481e-12,"ENSG00000286364.1"
1444.08744619809,-1.72310916590051,0.24121860078414,-7.14335113585404,9.10825560096643e-13,6.65336675312324e-12,"ENSG00000109107.14"
978.606359151192,-1.46828727981039,0.205546883567294,-7.14332056184978,9.11028266036013e-13,6.65336675312324e-12,"ENSG00000171659.15"
33.716409217481,1.31309422211417,0.183820581773261,7.14334711296823,9.1085222933862e-13,6.65336675312324e-12,"ENSG00000272325.2"
9.53903206307934,2.99989928693613,0.419979078560266,7.14297316242541,9.1333463955485e-13,6.66835768501658e-12,"ENSG00000108417.4"
145.458690355796,-1.87944633353674,0.263125024824297,-7.14278824217404,9.14564655152543e-13,6.67548386449026e-12,"ENSG00000162383.13"
243.029447403712,2.53365525132685,0.354744749525612,7.1421923924597,9.18539078770516e-13,6.69891263773703e-12,"ENSG00000196787.3"
11.3101987410708,3.28130219265882,0.459421709355739,7.14224453446114,9.18190606634642e-13,6.69891263773703e-12,"ENSG00000237487.1"
12.6578176784072,3.23987169974658,0.45374631940432,7.14027103073782,9.31470711239269e-13,6.79133874458057e-12,"ENSG00000254337.2"
214.525978187702,-1.9754926447812,0.27667424405648,-7.14013930540613,9.3236379807134e-13,6.79596507723436e-12,"ENSG00000182732.18"
27.2243302895703,-1.3993301115116,0.196068737832076,-7.1369363978365,9.54339750869628e-13,6.95229102324204e-12,"ENSG00000226312.7"
1842.01096517576,2.19197940016805,0.307262947749129,7.1338878189691,9.75728641346556e-13,7.10416942081797e-12,"ENSG00000108176.15"
2009.53173320662,-1.71454635677697,0.240341218833961,-7.13380070674211,9.76346685591402e-13,7.10473319049956e-12,"ENSG00000214548.18"
64.3298902165608,2.00333003323445,0.28082156101616,7.13381845035458,9.76220766974276e-13,7.10473319049956e-12,"ENSG00000231806.3"
13.0732979533212,-1.9236579579336,0.269769830605227,-7.1307379094908,9.98322558077142e-13,7.26062814512994e-12,"ENSG00000244227.7"
72.5654732772036,-2.4962598059546,0.350168648065319,-7.12873588125731,1.01294890915812e-12,7.36089276425547e-12,"ENSG00000281655.1"
697.581853514316,1.04562525992391,0.146750734638402,7.12517904936124,1.0394547438631e-12,7.54933088911237e-12,"ENSG00000147155.11"
36.3628722615924,1.37334465503522,0.192757506732788,7.12472721977583,1.04287016705909e-12,7.56995290554571e-12,"ENSG00000163794.6"
3.31508828664224,-2.17858301259301,0.305782045509127,-7.12462698379059,1.04362935179384e-12,7.57337213764475e-12,"ENSG00000250280.2"
18.4042774966382,1.93910831326052,0.272178145070657,7.12440858452148,1.04528538093335e-12,7.58329587426225e-12,"ENSG00000231131.8"
86.9982214144017,2.45319898479289,0.34437323843218,7.12366325548847,1.05095633583777e-12,7.622333424713e-12,"ENSG00000263934.5"
148.73058903594,-1.56986008328328,0.220395494500018,-7.12292275685858,1.05662043451649e-12,7.66129972436727e-12,"ENSG00000120949.15"
2387.02305797117,1.78035898118961,0.249983388803482,7.12190913848757,1.06442223002555e-12,7.71361287399819e-12,"ENSG00000105289.15"
342.591921471643,2.23846125201913,0.314336102255981,7.12123499640595,1.06964235823144e-12,7.7475108614987e-12,"ENSG00000170577.8"
52039.4017925998,-2.33802612831168,0.328317787631454,-7.12122893242744,1.069689427651e-12,7.7475108614987e-12,"ENSG00000189058.9"
217.945394541955,-2.43727713480809,0.342285179835123,-7.12060374913724,1.07455310787293e-12,7.77845053355331e-12,"ENSG00000179915.24"
2529.23063199672,1.04751811928253,0.147139108990413,7.11923652705263,1.08526530759792e-12,7.85383076676864e-12,"ENSG00000167797.8"
15.4063771199343,2.88533559322834,0.405326260052629,7.11855085050176,1.09067697794931e-12,7.89082127399387e-12,"ENSG00000170298.15"
5.58603238263828,4.12811921719768,0.580028186922382,7.11710104831525,1.10220681398843e-12,7.96984976585198e-12,"ENSG00000287108.1"
11.4167540847642,-1.48848072727203,0.209182896552073,-7.11569039250538,1.11354010571013e-12,8.04737094816745e-12,"ENSG00000104804.8"
9.29042121706184,-2.04717175222928,0.28776362672448,-7.11407405978152,1.12666643983984e-12,8.13775781938732e-12,"ENSG00000185031.6"
7.90769201161576,2.64217733770555,0.371404604115211,7.11401341940806,1.12716184776101e-12,8.13909945234899e-12,"ENSG00000179292.5"
126.556765919171,-1.4627565500098,0.205627153070002,-7.11363517984338,1.13025674424975e-12,8.15920578573483e-12,"ENSG00000170891.11"
294.933534752544,-2.13324612150605,0.299885299750472,-7.11354015445598,1.13103558696891e-12,8.16258631737803e-12,"ENSG00000140873.16"
1090.43618782615,-2.68527393323799,0.377495346180288,-7.11339612636052,1.13221706759852e-12,8.16886999856146e-12,"ENSG00000122756.15"
33.3397468410165,3.43882410931508,0.483474470038462,7.11273153480372,1.13768450224128e-12,8.20381329407677e-12,"ENSG00000170454.6"
24.1654286737719,1.34339131778929,0.188918609022025,7.11095283171741,1.1524452455068e-12,8.30114300709800e-12,"ENSG00000236809.2"
21.8551591625654,-1.09480825178216,0.153960510177556,-7.11096793924336,1.15231908638404e-12,8.30114300709800e-12,"ENSG00000266993.3"
11.202475863186,-1.32225893994955,0.185964324914409,-7.11028279514431,1.15805420295785e-12,8.33925936179293e-12,"ENSG00000234043.3"
43.501858037078,2.37471887698244,0.334048676777794,7.10890071437727,1.16970851696774e-12,8.41396241378765e-12,"ENSG00000227392.2"
4080.19498849411,1.08955548086827,0.153299419527894,7.10736860076642,1.18276250494532e-12,8.50553479616489e-12,"ENSG00000072506.13"
23.9426607341248,-1.21278271465214,0.170669996154737,-7.1060100895097,1.19445686035715e-12,8.58728230788495e-12,"ENSG00000270108.1"
189.612630696287,-1.4769250456313,0.207888600463259,-7.10440612106735,1.2084102824983e-12,8.68284742077238e-12,"ENSG00000237125.11"
47.6022223593889,2.30578948341528,0.324642121555911,7.10255795632535,1.22468644119948e-12,8.79498863947738e-12,"ENSG00000177398.18"
2053.24598565898,-1.0466536293997,0.147371171356512,-7.1021599391898,1.22821969272058e-12,8.817953128508e-12,"ENSG00000145819.18"
7422.45489059395,-2.37287637702048,0.334262361588567,-7.09884405095294,1.25804668140268e-12,9.02716324706199e-12,"ENSG00000189221.10"
12.0207972221581,-2.25190557305459,0.317231194863483,-7.09862589025545,1.26003380353329e-12,9.0389542827699e-12,"ENSG00000267097.1"
2895.34644625932,1.00054441042862,0.140958267280801,7.09816053878875,1.26428276579064e-12,9.06448669286448e-12,"ENSG00000127838.14"
223.322583989978,5.59806201494643,0.7888776347914,7.09623618170733,1.28200317480383e-12,9.18902957364164e-12,"ENSG00000159184.8"
599.153907145215,1.03764551657261,0.146322905002637,7.09147700801805,1.32688126357037e-12,9.50292837375574e-12,"ENSG00000133247.14"
4.46447163199179,-1.9801580319574,0.27924543733618,-7.09110254708839,1.33047706497547e-12,9.520898223745e-12,"ENSG00000207744.1"
662.609413408086,-1.72426523013853,0.243174123122617,-7.09066083182334,1.33473097597848e-12,9.54873951350527e-12,"ENSG00000197696.10"
424.496291058014,1.16407933643884,0.164179014520322,7.0903052977867,1.33816461516257e-12,9.57069897821304e-12,"ENSG00000173137.12"
4953.40081654815,1.38018111050046,0.194676697909,7.08960612813361,1.34494228189525e-12,9.6139415113774e-12,"ENSG00000109586.12"
1984.3845769745,1.54105114344655,0.217402408898763,7.08847317402157,1.35599657965862e-12,9.68769070392696e-12,"ENSG00000055163.20"
7.23241539711152,-2.81105157636048,0.396605138647653,-7.08778405127484,1.36276394098428e-12,9.73339332196487e-12,"ENSG00000276778.1"
1079.56268658647,1.47673704595806,0.208444039208916,7.08457316199857,1.3947351319052e-12,9.95362970594525e-12,"ENSG00000101276.18"
314.423311243609,1.25771812024627,0.177589750851796,7.08215487782215,1.41929901253595e-12,1.01261822056175e-11,"ENSG00000127554.13"
198.099329645062,2.29329911317557,0.323820405614268,7.08200926629477,1.42079154392051e-12,1.01340800381023e-11,"ENSG00000170959.14"
31.6875151812531,-2.67120501840216,0.377242840330059,-7.08086339309993,1.43259071366357e-12,1.02154678019353e-11,"ENSG00000286250.1"
14.8052569877223,-2.83241551312494,0.400014923781452,-7.08077460298063,1.43350899729773e-12,1.02192434187615e-11,"ENSG00000234235.1"
12.6171882324675,1.71964639567805,0.242902313908557,7.07958013247017,1.44591871565828e-12,1.03021218548014e-11,"ENSG00000272953.1"
129.313045250154,-1.4417174811433,0.2036786786496,-7.07839176246607,1.45836963240711e-12,1.03880182705118e-11,"ENSG00000148935.11"
4.65593049098855,-2.88866412996628,0.408173336028835,-7.07705250438556,1.47252754869536e-12,1.04831836646557e-11,"ENSG00000240666.2"
516.555609831022,-1.35390626392214,0.191339029021461,-7.07595450257191,1.48423555966874e-12,1.05636738289556e-11,"ENSG00000118777.12"
7.15641300797773,-1.20981603385664,0.17098015897834,-7.07576856335651,1.48622725491679e-12,1.05749856979515e-11,"ENSG00000213754.2"
594.572011975739,1.06004812424971,0.149824690924204,7.07525653956456,1.49172538021866e-12,1.06112340713579e-11,"ENSG00000051128.19"
761.529101916033,1.47777028608887,0.208883677878946,7.07460870612055,1.49871043730728e-12,1.06557620182068e-11,"ENSG00000136490.9"
61.0022019012336,-1.50809620471902,0.213170502237368,-7.07460079556286,1.49879592837127e-12,1.06557620182068e-11,"ENSG00000237975.7"
653.325637304803,1.93680317592516,0.273856832830546,7.07232007288859,1.52364477873868e-12,1.08236430714507e-11,"ENSG00000181218.5"
56.0026830160535,2.80042170427188,0.395996395187469,7.07183635584899,1.52896667635159e-12,1.08555807998987e-11,"ENSG00000158477.7"
26.0305680979436,3.1091853322539,0.439660073723121,7.07179368352636,1.5294370354578e-12,1.08559878584857e-11,"ENSG00000189212.12"
129.612869574644,2.78799867442369,0.394263339789098,7.07141241160049,1.53364594158527e-12,1.08829238468216e-11,"ENSG00000102109.9"
495.127468476661,-2.26396924994714,0.320227087310086,-7.06988677617664,1.5506016180034e-12,1.10002733947642e-11,"ENSG00000163145.13"
2917.79343293442,1.50243281234046,0.212513199414293,7.06983291617322,1.55120355862049e-12,1.10015742943284e-11,"ENSG00000213047.13"
477.130310763769,-1.12190462902806,0.158703484524638,-7.06918712206278,1.55843884627976e-12,1.10499073740537e-11,"ENSG00000144935.15"
209.511184826575,3.49390972066509,0.494362175432074,7.06751020668482,1.57738147936695e-12,1.11812014033659e-11,"ENSG00000100362.13"
67.4207086081928,1.57652232296075,0.223069797688751,7.06739477641194,1.57869367107788e-12,1.11874856971181e-11,"ENSG00000170482.17"
8.23879474202113,-2.43359457200949,0.344351815383049,-7.06717509040113,1.58119398357035e-12,1.12018889751907e-11,"ENSG00000287804.1"
17.9804145282281,-6.67610416028863,0.944749006713402,-7.06653736902407,1.58847411053883e-12,1.12476976081365e-11,"ENSG00000205754.12"
128.763461435873,-1.02934944251666,0.145694492777446,-7.06512252380762,1.60474337262112e-12,1.1359837006726e-11,"ENSG00000258655.2"
5.58369334605716,2.4573188090821,0.347897348336268,7.06334446305386,1.62542120210031e-12,1.15000190783323e-11,"ENSG00000281327.2"
3.16584922845003,-2.95720546642294,0.418680609666446,-7.06315362629016,1.62765599697967e-12,1.15127314920919e-11,"ENSG00000233574.1"
1742.07416497266,-1.3246675911546,0.187566737219202,-7.06238009357978,1.63674536882639e-12,1.15739077950586e-11,"ENSG00000134463.15"
17.1755482292322,2.52979385393487,0.358234781181354,7.06183203538291,1.64321542986755e-12,1.16165342546097e-11,"ENSG00000171916.17"
14.1324463684541,2.11397737955628,0.29939586098413,7.06081030181087,1.65534449113578e-12,1.16991327251984e-11,"ENSG00000223511.7"
877.897817571045,-1.22427777461663,0.173398445756428,-7.06048874472824,1.65917985353588e-12,1.1719936380096e-11,"ENSG00000119986.7"
1610.4103802182,1.08837530840453,0.154199091817878,7.0582472021949,1.68615905234187e-12,1.19073091165378e-11,"ENSG00000179627.10"
1648.79675351893,-1.01054718641195,0.14325918659642,-7.05397825033585,1.73873568304134e-12,1.22687056894117e-11,"ENSG00000228223.3"
4.80883142722914,-2.41753979697147,0.342734528172064,-7.05368032180809,1.74246443836324e-12,1.22917163977293e-11,"ENSG00000287657.1"
135.559310940312,2.37892721198061,0.33736664216427,7.05145949439266,1.77050770237648e-12,1.24861884757884e-11,"ENSG00000175315.3"
16612.52913543,1.03881740666169,0.147330383484608,7.05093804883917,1.77715611313998e-12,1.25297133255824e-11,"ENSG00000085733.16"
481.165162653837,1.27518028755927,0.180876958309523,7.04998745819876,1.78933918355361e-12,1.26054653177494e-11,"ENSG00000204991.11"
2.88917842542092,-4.03776731937661,0.572733779466715,-7.04998982797254,1.7893087101488e-12,1.26054653177494e-11,"ENSG00000285778.2"
30.6718299021795,1.5784114368728,0.223890611304774,7.04992240484871,1.79017591670727e-12,1.26079806523938e-11,"ENSG00000281641.3"
101.045448827955,-1.84716825461321,0.262096523100062,-7.04766409246871,1.819462068743e-12,1.28073757404502e-11,"ENSG00000064218.5"
4.33101750734215,2.08061160235546,0.295286582802928,7.04607565506639,1.84034220183254e-12,1.29508847210084e-11,"ENSG00000262362.1"
880.275461683528,1.60390166608048,0.227640081722712,7.04577881866247,1.84427012373414e-12,1.29750524443865e-11,"ENSG00000134830.6"
30.556868398653,2.28539506025221,0.324440295153171,7.04411595721565,1.8664266789301e-12,1.31203955145758e-11,"ENSG00000132677.13"
439.463334093107,1.28521554679702,0.18247147368253,7.04337790921273,1.87634416060038e-12,1.31865855393638e-11,"ENSG00000183048.12"
6.49029152586839,-2.00759017563665,0.285048157485884,-7.04298597592608,1.88163173965523e-12,1.32202108113066e-11,"ENSG00000212206.1"
9.52902510610634,-1.73331692233795,0.246116792750866,-7.04266012475025,1.88603892922871e-12,1.32445563377877e-11,"ENSG00000236166.1"
66.5996514837321,-1.16156734640645,0.164934025360879,-7.04261806419213,1.88660854240897e-12,1.32445563377877e-11,"ENSG00000267364.2"
3488.97377381043,-1.1238986111133,0.159633064770484,-7.0405126452293,1.91533825571e-12,1.34354819090157e-11,"ENSG00000102547.19"
62.2135558286845,-1.02947030599064,0.146220662668733,-7.04052551261469,1.91516137577692e-12,1.34354819090157e-11,"ENSG00000285103.2"
80.0742737281552,-1.07150351463143,0.152214877945251,-7.03941381483635,1.93050245593069e-12,1.35325593112655e-11,"ENSG00000251867.4"
257.503470080904,2.91696611863748,0.414379401241319,7.03936081257752,1.93123687325204e-12,1.35325593112655e-11,"ENSG00000262406.3"
1140.87023461308,-1.28627753396029,0.182736662688844,-7.0389680704113,1.9366873883091e-12,1.35671352117048e-11,"ENSG00000107968.10"
68.3222490792277,1.31829045838516,0.187300104578333,7.03838613092616,1.94479135754231e-12,1.36202760569257e-11,"ENSG00000273619.1"
1729.9467722454,-1.0471708622052,0.14880386955703,-7.03725558564097,1.96063029335795e-12,1.37275457193981e-11,"ENSG00000147202.18"
268.949897364464,2.42285986884363,0.344321393626872,7.03662309019693,1.96954667918149e-12,1.37826317666683e-11,"ENSG00000120075.5"
30.9966597749132,-1.53621516114568,0.218316675160835,-7.03663684880664,1.96935229939862e-12,1.37826317666683e-11,"ENSG00000180638.19"
12.365406336008,2.89139858991438,0.41102509563041,7.03460353309984,1.99828377709872e-12,1.39800081973017e-11,"ENSG00000234115.2"
139.875865606497,-2.37306368326333,0.337380314296737,-7.0337941566328,2.0099158160622e-12,1.40501668376008e-11,"ENSG00000132874.15"
161.64274081967,1.10227979001723,0.15673211612024,7.03289036926927,2.02298318961866e-12,1.4137753298574e-11,"ENSG00000174021.11"
26.6882679506671,1.36423847958991,0.19398705964463,7.0326262075888,2.02681827383751e-12,1.41607898749456e-11,"ENSG00000101278.6"
6.2917588760163,2.96089090909783,0.421033650540229,7.0324329309515,2.02962876990695e-12,1.41766576104795e-11,"ENSG00000253227.2"
14.6267546545377,3.13264203437121,0.445534570814225,7.03119856366305,2.04766847214176e-12,1.42912687524626e-11,"ENSG00000249231.8"
3432.39225800949,-1.12601052158176,0.160156110316096,-7.03070597406109,2.05491126182421e-12,1.43337997753425e-11,"ENSG00000117114.20"
31.2340527091333,-1.39264575751339,0.198080352372486,-7.03071122821184,2.05483387500827e-12,1.43337997753425e-11,"ENSG00000186198.4"
97.9702042561196,-1.25644074379398,0.1788008284097,-7.02704095371975,2.10959463254057e-12,1.47000491308845e-11,"ENSG00000140876.11"
9.20143947473986,1.8947161392861,0.269635606497614,7.026950794434,2.1109576717799e-12,1.4705648408445e-11,"ENSG00000277301.1"
38.3467588116664,-1.61439925177935,0.229778136487117,-7.02590453757059,2.12683842679187e-12,1.4808429459549e-11,"ENSG00000259448.3"
8.76504028856073,-2.92794330170157,0.416896909678134,-7.02318303093706,2.16869808829378e-12,1.50839006490378e-11,"ENSG00000267122.1"
5.12777285784773,3.01872087511033,0.429838140126319,7.02292466234663,2.17271381834881e-12,1.51078333337249e-11,"ENSG00000229720.1"
4.56422531633891,-2.50621357345664,0.356912557017378,-7.02192602692488,2.1883039386604e-12,1.52122138914969e-11,"ENSG00000229484.1"
24.2848717458413,-1.53590045065042,0.21876967440575,-7.02062776672511,2.20873576060081e-12,1.53501879248101e-11,"ENSG00000138379.5"
92.6135626905881,2.34027823261111,0.333424206619072,7.01892120053783,2.23587829398657e-12,1.55306091646784e-11,"ENSG00000231852.9"
289.060256270516,1.12821715438492,0.160872764293567,7.01310230690202,2.3309087548115e-12,1.61736023525516e-11,"ENSG00000152056.17"
289.789033585546,2.47910443757633,0.353537770876473,7.01227603328002,2.34472019346598e-12,1.62651426669464e-11,"ENSG00000182379.10"
81.79658294633,1.3593859507277,0.193913312750017,7.01027655837201,2.37847506461597e-12,1.64949442212048e-11,"ENSG00000225556.1"
1480.24291090147,-1.11005255472194,0.158364786586312,-7.00946579508024,2.392297665325e-12,1.65820548089141e-11,"ENSG00000104219.13"
822.594729535187,-1.29719189339391,0.185071065374029,-7.00915559529677,2.39760703444887e-12,1.66144748994079e-11,"ENSG00000276600.5"
1131.08724915237,1.25619107573043,0.179250101993846,7.00803548649336,2.41687516332652e-12,1.67391691153819e-11,"ENSG00000152082.15"
847.86572507436,1.05639614585417,0.150764560000931,7.00692620233595,2.43610673412993e-12,1.68679213382168e-11,"ENSG00000146950.13"
260.371027307267,1.57142016508444,0.224281106128859,7.00647590074573,2.44395633461258e-12,1.69178162493961e-11,"ENSG00000160781.17"
106.094952136232,2.3186235428967,0.330956991501739,7.00581526432118,2.45551737718314e-12,1.69933698635812e-11,"ENSG00000226259.10"
90.8295935225094,-1.0221933904817,0.145924659344884,-7.00493936440038,2.47092823326701e-12,1.70955192638037e-11,"ENSG00000228242.6"
40.7920241319526,1.98956670427914,0.284049629218847,7.0042925588411,2.48236917909684e-12,1.71701556587846e-11,"ENSG00000248265.2"
13.9189328377363,4.30356177675858,0.614812230930238,6.99979857304905,2.56330764107518e-12,1.77253296600947e-11,"ENSG00000136574.18"
18.4659684094141,1.489813859261,0.212904733562757,6.99756099514738,2.60456685268873e-12,1.80059008827119e-11,"ENSG00000074276.10"
2064.16265426354,1.40676209757482,0.201079427570706,6.99605183170795,2.63276171586187e-12,1.81960318011342e-11,"ENSG00000140263.15"
681.872045222111,-1.17053962764523,0.167322040617387,-6.99572885512366,2.63883447873629e-12,1.82284166725636e-11,"ENSG00000155657.28"
769.903088170326,-1.19880670389668,0.171374721751362,-6.99523647154896,2.64811895845049e-12,1.82877453242019e-11,"ENSG00000197852.12"
955.929199915643,-2.59823262379971,0.37144515163949,-6.9949294326002,2.65392475328303e-12,1.83230255359315e-11,"ENSG00000139144.11"
6.54456102591771,-1.73717208971576,0.248388037741161,-6.99378321723378,2.67570901383647e-12,1.84685755566381e-11,"ENSG00000261451.1"
1721.71075535362,2.18644066753864,0.312764285853772,6.99069799983772,2.73521973697099e-12,1.88644753520193e-11,"ENSG00000106688.12"
6.55831082132311,-2.1298442574565,0.304726559047437,-6.98936208289261,2.76138914874055e-12,1.90399665229529e-11,"ENSG00000206069.6"
96.1545584223972,-1.68057628228161,0.240492469074262,-6.98806199109155,2.78709246556305e-12,1.92071154601099e-11,"ENSG00000173421.17"
731.483261245829,1.03354800630932,0.147952871671283,6.98565695031341,2.83526097684721e-12,1.95288258688292e-11,"ENSG00000163013.12"
10.4112447776541,-2.24327602794664,0.321215972723046,-6.98370012216299,2.87505414057652e-12,1.97925413910197e-11,"ENSG00000197320.5"
7.76645072016348,-2.26816021889387,0.324836829423712,-6.98246015674326,2.90055245115256e-12,1.99524000591714e-11,"ENSG00000204071.10"
42.8994742839944,3.4334031502261,0.49185495166546,6.98051964019133,2.9409024293424e-12,2.02246675700773e-11,"ENSG00000286015.1"
76.3173695593468,2.38834845303735,0.342183118339856,6.97973782173917,2.95731421483782e-12,2.03268950896436e-11,"ENSG00000204140.10"
3410.39256491637,-1.33212786284582,0.190953752398193,-6.97618059931056,3.03312780453227e-12,2.08153345207118e-11,"ENSG00000147027.4"
15.852788221205,2.01200240006674,0.288461687493437,6.97493805000539,3.0600562732515e-12,2.09946538987582e-11,"ENSG00000173838.12"
436.412352888892,1.06771570176766,0.153098828301873,6.97402921766578,3.07990075115078e-12,2.1125290016505e-11,"ENSG00000129355.7"
4.92012898543971,-2.0892820668458,0.299612119618631,-6.97328956353701,3.09614429625346e-12,2.12311653229131e-11,"ENSG00000198547.10"
3068.70330392539,1.27760513591788,0.183222108012086,6.9729856826754,3.102842143941e-12,2.12715448386398e-11,"ENSG00000147535.17"
4.68329979451628,-2.82263217105907,0.40483418430563,-6.97231676692628,3.11763583688291e-12,2.13673899182869e-11,"ENSG00000255648.1"
161.185229615438,-1.56476574168045,0.224485523604572,-6.97045277822351,3.1592255346248e-12,2.16355091068468e-11,"ENSG00000142611.17"
12.8438582632549,-1.46413543552917,0.210059923491555,-6.9700845891626,3.16750475288021e-12,2.16865576777034e-11,"ENSG00000239828.7"
111.531544550083,-1.02716707148675,0.147400411833684,-6.9685495359791,3.20225231109436e-12,2.19130434118209e-11,"ENSG00000268087.1"
95.7154991040093,-1.9236615329597,0.276155816396183,-6.96585557408627,3.26413876707026e-12,2.23249084969229e-11,"ENSG00000055813.6"
27.9497014502749,-1.75454158753682,0.251904230747173,-6.96511361612574,3.28138821840898e-12,2.24312114259198e-11,"ENSG00000226530.2"
50.4106564852436,2.60889951333365,0.374684747761499,6.96291890427927,3.33293701266667e-12,2.27717484899742e-11,"ENSG00000166897.16"
212.364910804673,2.30378279429601,0.331042551895697,6.95917422429087,3.42273019200491e-12,2.33730944054708e-11,"ENSG00000223764.2"
8.78201082875096,-2.02356569664208,0.29077837120934,-6.95913416196028,3.42370355076595e-12,2.33736686047616e-11,"ENSG00000287292.1"
6.14589686779717,-3.84144061473589,0.55225829671557,-6.95587669317415,3.50376226421964e-12,2.38954040873765e-11,"ENSG00000203857.10"
3.39787813963762,-2.44914341024646,0.352161144130214,-6.95460998769605,3.53538724649138e-12,2.40985784198079e-11,"ENSG00000135502.19"
30.1892502613239,1.77883991799901,0.256002719933689,6.9485196034627,3.69139216285682e-12,2.51228771643006e-11,"ENSG00000217442.4"
4.26254963915892,3.59711142109057,0.517711606019526,6.9480988628926,3.70241523621306e-12,2.51913751148393e-11,"ENSG00000075429.9"
221.884398955689,1.01600561095108,0.146232345585331,6.94788561917865,3.70801437160598e-12,2.52164164924428e-11,"ENSG00000273045.7"
1075.17740491769,-1.14262729672379,0.164498874604437,-6.94611011456106,3.75495722440382e-12,2.55290469959208e-11,"ENSG00000057704.13"
23.0312744696718,2.88116252648221,0.414818204598712,6.94560290397428,3.76847411343588e-12,2.56076974140509e-11,"ENSG00000107165.13"
11.5247923651387,-1.71851333493872,0.24745473067883,-6.94475846238384,3.79108392825264e-12,2.57480232481117e-11,"ENSG00000233858.4"
122.263031751516,-1.6263083581824,0.234203448845541,-6.94399833221486,3.81155002402791e-12,2.58736520742639e-11,"ENSG00000259070.7"
104.029838890296,-2.20554454592899,0.317704893073369,-6.94211702121835,3.86267027124763e-12,2.62138976012065e-11,"ENSG00000168427.9"
12.0346915881372,2.50237477357265,0.36060777133694,6.93932569532595,3.93975886314133e-12,2.67232572796921e-11,"ENSG00000118137.10"
221.109693627055,-1.19868893281095,0.172748355427738,-6.93893108182073,3.95077796403468e-12,2.67910856570401e-11,"ENSG00000124019.10"
98.5016746787742,-1.89481271051028,0.273082172754675,-6.93861738170839,3.95955920933412e-12,2.68437075723853e-11,"ENSG00000228536.3"
2488.54938148592,1.03849955370961,0.149682591519425,6.93801158282888,3.97657121527659e-12,2.69520881439737e-11,"ENSG00000167969.13"
100.825490831242,1.35336247117919,0.195116627035267,6.93617192826201,4.02867268794062e-12,2.72981781206061e-11,"ENSG00000226287.8"
4.89677480570999,3.55984292135787,0.513249072189005,6.93589743119292,4.03650397347089e-12,2.73441934120383e-11,"ENSG00000229970.3"
385.768532775478,1.05537315791083,0.152185502579256,6.93478117182157,4.06850441958023e-12,2.75396781262546e-11,"ENSG00000211450.10"
1391.97112401177,-1.21235315252352,0.174834693197171,-6.93428249481516,4.08288052816981e-12,2.76298743054622e-11,"ENSG00000025039.15"
35.9608069542566,-1.59213524333556,0.229605632750196,-6.93421683198757,4.08477719542696e-12,2.76355942868989e-11,"ENSG00000257298.1"
3.54589153932227,4.14753619661885,0.598381214935833,6.93126069651704,4.17106569635001e-12,2.82048599853007e-11,"ENSG00000273551.1"
439.080050613003,-1.68343028556449,0.242916958937827,-6.93006487865409,4.20647659284971e-12,2.84296813490516e-11,"ENSG00000166831.9"
81.4269656671172,1.26332397472573,0.182345455587926,6.9281900700649,4.26258801745758e-12,2.87941052302377e-11,"ENSG00000203724.11"
1891.84996308339,-1.07144838938115,0.154673114386788,-6.92717925561256,4.29314461937721e-12,2.89930660780345e-11,"ENSG00000151702.17"
12.7725145638585,-1.98161575406233,0.286096604831521,-6.92638682388167,4.31724964694953e-12,2.91408807705242e-11,"ENSG00000160868.15"
28.8619378279649,-1.82271670888788,0.263222457358645,-6.92462462047605,4.3713308159078e-12,2.94832073814013e-11,"ENSG00000264968.1"
7.92063098029865,-4.90538144895845,0.708645899102206,-6.92218984851695,4.44714690972384e-12,2.99868674641307e-11,"ENSG00000187481.2"
69.6627459262376,2.50864295437324,0.362425018786907,6.92182610011324,4.45858375259133e-12,3.00562747763812e-11,"ENSG00000128683.14"
9.90477002260045,1.67350424256129,0.241798820935044,6.92106039264291,4.48275315640569e-12,3.02037128846366e-11,"ENSG00000134940.14"
685.643798166234,1.43754775655411,0.207724718280307,6.92044629283966,4.50222986394844e-12,3.03271680533113e-11,"ENSG00000105619.13"
77.4433513061128,-1.32606797441822,0.191633775731981,-6.9198029906422,4.52272171625186e-12,3.04573962567163e-11,"ENSG00000105808.18"
1293.58612403595,-1.19955103833407,0.173378733753711,-6.91867458230528,4.5588872893347e-12,3.06930823547319e-11,"ENSG00000162614.19"
2562.06823528054,-1.83736477091217,0.265674051517863,-6.91586084683408,4.65030706781749e-12,3.1268526725637e-11,"ENSG00000108551.5"
57.3936758353572,-2.12372898025192,0.307093516966135,-6.91557738252779,4.65961600956072e-12,3.13231066995637e-11,"ENSG00000253649.5"
15.6262873290872,2.19492802559998,0.317397840375237,6.91538424774748,4.66596899845128e-12,3.13497773914349e-11,"ENSG00000170819.5"
20.4210486625682,-2.50915757543052,0.362843267687141,-6.91526562260491,4.66987527054694e-12,3.13680045006532e-11,"ENSG00000197561.7"
14330.3253912636,1.39943531372199,0.202370325574103,6.91521995505983,4.67137993654655e-12,3.13700945968803e-11,"ENSG00000150687.12"
8.55197798116591,-2.49858910656338,0.361334315618996,-6.91489570339614,4.68207713898239e-12,3.14258721963772e-11,"ENSG00000233633.2"
2051.46995707333,1.24703446802797,0.180347275179893,6.91462882809889,4.69089948237183e-12,3.14770492710394e-11,"ENSG00000100196.11"
7.12109598302913,-2.37243374811084,0.343165309191459,-6.91338455422721,4.73224816839316e-12,3.17464039964384e-11,"ENSG00000286492.1"
1289.52872614502,1.12936400318178,0.163373435320597,6.91277624765352,4.75259273499392e-12,3.18747505604951e-11,"ENSG00000173156.7"
664.141362642471,-1.89971814506112,0.274835637896547,-6.91219726670311,4.77203614372341e-12,3.19969892861291e-11,"ENSG00000124343.14"
2226.56768627322,1.02676639904383,0.148566030910005,6.91117877185396,4.80642876509333e-12,3.22193760932703e-11,"ENSG00000178467.18"
1800.2142381529,-1.08594981744246,0.157132365540453,-6.91105116191286,4.81075500052889e-12,3.22401541136923e-11,"ENSG00000144668.12"
79.6407309906675,1.29644869987493,0.187602201368059,6.91062626355546,4.82518744788878e-12,3.23286329034689e-11,"ENSG00000278922.1"
4769.98716773661,1.10191082215241,0.159479590582028,6.90941592043812,4.86653200397434e-12,3.25724286204384e-11,"ENSG00000136295.15"
97.7692053401994,-2.52504809243137,0.365533452758029,-6.90784406565071,4.92074424319469e-12,3.29185140463551e-11,"ENSG00000109061.10"
65.2570261589296,-2.99486478908552,0.433551222693336,-6.90775306890064,4.92390072410099e-12,3.2931248506939e-11,"ENSG00000154162.15"
28404.9418398501,4.27460538539958,0.618822355443655,6.90764538125803,4.92763874034003e-12,3.2947864831111e-11,"ENSG00000153002.12"
6.43395409805915,4.66636051638468,0.675587978807766,6.90711004748719,4.94626238554024e-12,3.30639777572583e-11,"ENSG00000173157.17"
36.1521536803095,1.09440409869199,0.158451663177506,6.90686406658905,4.95484289579578e-12,3.31129139773954e-11,"ENSG00000281189.1"
4.40796450545655,4.04108654119036,0.58512938781798,6.90631273240278,4.97412802998237e-12,3.32328031060054e-11,"ENSG00000263655.1"
23.9476192007457,-1.112796119372,0.161128173858437,-6.90627897483453,4.97531122440006e-12,3.32328031060054e-11,"ENSG00000269486.2"
17.1760692463564,2.28297363535262,0.330590221051471,6.90575065436426,4.993864711746e-12,3.33482571350436e-11,"ENSG00000274767.1"
483.068920936121,1.23812421785524,0.179295093010537,6.90551089305318,5.00230697386294e-12,3.33961484635543e-11,"ENSG00000180340.7"
9.41959134610707,-1.82079062688994,0.263727777125957,-6.90405328832817,5.05393272104752e-12,3.37151186903587e-11,"ENSG00000256988.2"
1258.9767602505,-1.30973389500902,0.189707275058814,-6.90397294781117,5.05679337425722e-12,3.37256424889563e-11,"ENSG00000179144.5"
23.9204944233449,-2.79646552215846,0.405093159303562,-6.9032652315486,5.08206141649536e-12,3.38855662788341e-11,"ENSG00000254951.7"
181.094854823552,2.01562822046787,0.291983902957768,6.90321692411723,5.08379067240688e-12,3.38884996280858e-11,"ENSG00000185760.17"
181.683964583577,1.72040779908306,0.249293641583722,6.90112988102539,5.15905359848333e-12,3.43553495775363e-11,"ENSG00000159753.14"
29.9332418578041,2.2385945517815,0.324382817500551,6.90108856267549,5.16055459157561e-12,3.43566405483722e-11,"ENSG00000149948.14"
94.0894434789866,-1.29339299040219,0.187492400958741,-6.89837552769304,5.26005490928554e-12,3.49924786726553e-11,"ENSG00000189136.9"
973.415439416659,1.26661802591148,0.18364530660781,6.89708900982943,5.30789275070736e-12,3.53017846810709e-11,"ENSG00000172183.15"
3331.17396379692,-1.27396439331209,0.184713654187867,-6.89696925174995,5.31236746632316e-12,3.5322607256473e-11,"ENSG00000020181.18"
859.755793679776,-1.02541150891477,0.148705194529015,-6.89559979503401,5.36380033266858e-12,3.56555710530756e-11,"ENSG00000130052.13"
329.114052625685,2.60257657711115,0.377707027359076,6.89046374198632,5.56107998980026e-12,3.69202895811846e-11,"ENSG00000204832.10"
78.5414833586447,1.45472885571063,0.211184053826881,6.88844081430101,5.64071924689114e-12,3.74301097412994e-11,"ENSG00000213199.8"
6.34097588440078,-2.31602986025402,0.336369405512031,-6.88537608445245,5.76350651904872e-12,3.82255880259088e-11,"ENSG00000251576.1"
508.859951459584,1.00430817344598,0.145869948226478,6.88495598755328,5.78054040328814e-12,3.83288910090882e-11,"ENSG00000218891.5"
4.68127264324244,-1.76005519194235,0.255653644209867,-6.88453003430497,5.79786212434377e-12,3.84340499561795e-11,"ENSG00000232046.7"
17.9437518251579,3.0266363804775,0.439652803128235,6.88415121873955,5.81330968774993e-12,3.85267352074683e-11,"ENSG00000127831.11"
13405.4878466822,-1.66011714102423,0.241207049162868,-6.88253990414386,5.87946876388553e-12,3.89455536769071e-11,"ENSG00000074416.14"
2302.4564407164,1.37673863501832,0.200083226737007,6.88082983001836,5.9504899923471e-12,3.93847767191513e-11,"ENSG00000166446.15"
30.4723819357234,1.42992946896003,0.207814445785194,6.88079918389345,5.95177039752203e-12,3.93847767191513e-11,"ENSG00000238000.1"
8780.54908479403,1.30836055490586,0.190162018297794,6.88024121019245,5.97512999262608e-12,3.95294026494296e-11,"ENSG00000168528.12"
7.16380693834036,-5.81105333141253,0.844710655641166,-6.87934181083785,6.01297267347299e-12,3.9769746791536e-11,"ENSG00000256513.1"
21.6705416288937,1.72944524564724,0.251475243089026,6.87719882245023,6.10408914983715e-12,4.03622337646087e-11,"ENSG00000287595.1"
5495.46826253276,1.51575972050644,0.220409306196163,6.87702233025235,6.11165334744664e-12,4.04020866660683e-11,"ENSG00000167642.13"
6751.31642686028,-1.72149791794594,0.250363677645124,-6.87598909769197,6.15612085258852e-12,4.06858135502733e-11,"ENSG00000174807.4"
135.394503339842,2.21382258689678,0.321966651051628,6.87593755336416,6.15834746389043e-12,4.06902978232519e-11,"ENSG00000162975.5"
12.9043488338481,1.80022890288528,0.261860290028082,6.87476861303492,6.20905578518522e-12,4.10047292105046e-11,"ENSG00000237372.4"
348.535276323836,-1.32825410155106,0.193208710199549,-6.87471129111734,6.21155289213721e-12,4.10109159047813e-11,"ENSG00000064692.20"
9.35883032062333,2.02662154506157,0.29480200999033,6.87451739263258,6.22000696338403e-12,4.1056419644798e-11,"ENSG00000197272.2"
85.0836414619627,-2.12584264435025,0.309300122636446,-6.87307404287384,6.28329312102550e-12,4.14637399932298e-11,"ENSG00000177822.8"
981.399759085868,1.57574234737112,0.229270878017718,6.8728412478507,6.29355934754172e-12,4.1521062723591e-11,"ENSG00000164855.16"
6.41009224632751,2.92930612267802,0.426303046385292,6.87141728757554,6.35671455130395e-12,4.19061663572794e-11,"ENSG00000272196.2"
313.993359542192,-2.17488507167833,0.316585721862067,-6.86981414981786,6.42856000542829e-12,4.23585538186706e-11,"ENSG00000196196.3"
282.439842749665,-1.04429628286758,0.152029087157993,-6.86905579971235,6.46282253464842e-12,4.25629735656976e-11,"ENSG00000220785.7"
832.030773151466,1.81127186398523,0.263690145172769,6.86894029656851,6.46805668833254e-12,4.25867740471274e-11,"ENSG00000141449.15"
9.51140665170295,-2.45394961317736,0.357311049999616,-6.86782458359459,6.5188308260894e-12,4.29103304364973e-11,"ENSG00000230928.1"
76.6638893102714,-1.49255876087496,0.217448137775182,-6.86397582497626,6.69699689615767e-12,4.40610429082874e-11,"ENSG00000112530.11"
12687.5014290533,1.00634491971248,0.146667356929413,6.86141034229458,6.81839932258583e-12,4.48373299461711e-11,"ENSG00000172354.10"
71.9251373932078,-1.53518319288893,0.223749976088153,-6.86115466794104,6.83061573564775e-12,4.49064292135482e-11,"ENSG00000286389.1"
63.3733989622387,-2.23510717478597,0.325836153383349,-6.85960459444888,6.90514056703357e-12,4.53623380814572e-11,"ENSG00000237238.3"
14.009375328779,2.46106809876418,0.358805469355485,6.85905959902159,6.9315318575725e-12,4.55129611152724e-11,"ENSG00000277022.1"
6.70880564096774,2.04955115940227,0.298914402457702,6.85664906926757,7.04945161976626e-12,4.62410248000839e-11,"ENSG00000160973.8"
123.921950921732,1.96232681890331,0.286228642719853,6.8558017124231,7.09136832605597e-12,4.64927725323161e-11,"ENSG00000261488.1"
467.52562854094,1.8310567097481,0.26720367659984,6.85266285647058,7.24877880698413e-12,4.74892577673906e-11,"ENSG00000135094.11"
1363.05636665975,2.27351266069816,0.331840853427148,6.85121387923769,7.32259381233113e-12,4.79370001901149e-11,"ENSG00000196557.13"
115.389290163736,-1.95104143856,0.284805917369269,-6.85042451568992,7.36311564162042e-12,4.81902717939121e-11,"ENSG00000249679.2"
8.03437418109457,1.51637747545777,0.221389128094653,6.84937642831969,7.41725874358977e-12,4.85204651111283e-11,"ENSG00000232065.1"
512.244291498366,-2.97344324633341,0.434126786401197,-6.84925081675452,7.42377382882707e-12,4.85510005764844e-11,"ENSG00000039537.14"
11.5765767238169,-3.51079444663486,0.512657958206195,-6.84821992994945,7.47745504221428e-12,4.88899075446667e-11,"ENSG00000275465.7"
1977.17149167744,-1.45857969036828,0.21305635383256,-6.84598071885984,7.59537092759612e-12,4.9611513285521e-11,"ENSG00000221968.9"
95.5445444998417,1.51445661907906,0.22122699092559,6.84571359372894,7.60955869553555e-12,4.9667156879428e-11,"ENSG00000285278.1"
12.1159501202936,-1.39119984755599,0.203342020016058,-6.84167417755625,7.82729573535135e-12,5.10249605922557e-11,"ENSG00000184530.9"
27.1934115266707,1.38013169763548,0.20172590129883,6.84161869521652,7.83032850499875e-12,5.10320739958808e-11,"ENSG00000273669.1"
6571.84704234957,-1.17969561465321,0.17245407357347,-6.84063640949966,7.88421314428642e-12,5.13705151919743e-11,"ENSG00000115594.12"
2.67987602964777,-3.30856802615498,0.483694549275502,-6.84020117884456,7.90820432609158e-12,5.15012989363209e-11,"ENSG00000268433.1"
5310.02234759066,1.6060818580957,0.2348128869201,6.83983694064543,7.92833716815986e-12,5.16068385656052e-11,"ENSG00000132698.15"
36.6797252588407,4.1131060576395,0.601344427322824,6.83985062595655,7.92757982130147e-12,5.16068385656052e-11,"ENSG00000218357.3"
151.673722550437,-1.02041266127452,0.149189645672438,-6.83970162054647,7.93582961697433e-12,5.16428189285846e-11,"ENSG00000261934.2"
19.8699661815069,-1.57611496384972,0.230458170135939,-6.83905006674322,7.97200230304212e-12,5.18653733992968e-11,"ENSG00000224468.3"
7.05248915877158,-2.34951846877754,0.3435510442277,-6.83892105191889,7.97918403153078e-12,5.18992509489619e-11,"ENSG00000267405.1"
25.3557544772492,-1.11241333709637,0.162660931128757,-6.83884771454935,7.98326924909565e-12,5.19129759879342e-11,"ENSG00000286215.1"
1993.03861479244,1.0033841282355,0.146740583891098,6.83780929330465,8.04133435992566e-12,5.22646964184683e-11,"ENSG00000130706.13"
6391.64544127695,-1.00960197510996,0.147652967626199,-6.83766802212799,8.0492656906367e-12,5.23033125865748e-11,"ENSG00000187079.20"
111.855431564781,1.36284293433601,0.199329192149625,6.83714673018392,8.07859875706344e-12,5.24679737412047e-11,"ENSG00000146205.14"
4150.68739220206,5.34986620196193,0.782492060144824,6.83695908808554,8.08918298250355e-12,5.25237365395562e-11,"ENSG00000166509.12"
319.00574282184,1.43915233929237,0.210556099761877,6.83500663680577,8.20012323923869e-12,5.32309309014941e-11,"ENSG00000147889.18"
81.4416817693469,1.80638191381277,0.264312870753314,6.83425634424999,8.24315097630092e-12,5.34970321632329e-11,"ENSG00000163568.15"
184.609898485113,-1.0018053258082,0.146636200924651,-6.83190998874127,8.3791422529293e-12,5.43661750125879e-11,"ENSG00000123570.4"
192.403154821414,-1.79163750281003,0.262255789223603,-6.83164138383408,8.39484972710397e-12,5.44546471439291e-11,"ENSG00000235387.5"
16.8202478592513,2.76852101193429,0.405537956786054,6.82678640952678,8.68378340432691e-12,5.62594436774288e-11,"ENSG00000250643.1"
29.9355454906979,-1.34762415978587,0.197445224417723,-6.82530642997362,8.77378319409517e-12,5.68145152681935e-11,"ENSG00000100191.6"
3037.91578192669,-1.01297435184058,0.148444730302589,-6.82391587613608,8.85917728045851e-12,5.73533536058058e-11,"ENSG00000005020.13"
8.17098105918378,-1.66382673045304,0.243831881076291,-6.82366359603508,8.87475686550084e-12,5.7440066351348e-11,"ENSG00000181074.4"
449.958128248226,2.71231919363648,0.397549684459763,6.82259174050736,8.94124926446769e-12,5.78419383872185e-11,"ENSG00000185352.8"
32.0185866473363,2.01322018967634,0.295139337286729,6.82125333811565,9.02496242952202e-12,5.83691221696744e-11,"ENSG00000251365.4"
15.1089740527155,6.48719247518582,0.951415183229283,6.8184664166984,9.20174802434281e-12,5.94832132493424e-11,"ENSG00000250418.1"
20.146700765086,-1.447073446317,0.212285293086401,-6.81664483336598,9.31912723220604e-12,6.0227179781486e-11,"ENSG00000232742.3"
23.779787200959,-1.40759600828043,0.206529693246265,-6.8154655447148,9.39589920578141e-12,6.07084106993015e-11,"ENSG00000267583.5"
33.585006347877,1.38006708925769,0.202505692567603,6.81495454157159,9.42935773552857e-12,6.09096187566068e-11,"ENSG00000287985.1"
14.2333723228145,1.49724524201526,0.219708137878347,6.81470088670218,9.44600941000644e-12,6.10021895166116e-11,"ENSG00000260996.1"
320.764126498717,1.43321498231983,0.210389764463353,6.8121896803087,9.6124247406342e-12,6.20311740443971e-11,"ENSG00000197168.13"
10.2603081229859,-2.74618964181494,0.403243446503359,-6.81025238135413,9.74276724148645e-12,6.28414464233693e-11,"ENSG00000276668.1"
334.372766428626,-2.34586113757802,0.344483940706249,-6.80978373844836,9.7745569623722e-12,6.30310243373383e-11,"ENSG00000087237.12"
30.8587817904141,-1.2143283135523,0.178354932069236,-6.80849303949112,9.86263595109747e-12,6.3552224402708e-11,"ENSG00000287134.1"
14.0972301796433,1.51518735052828,0.222597786599793,6.80683924882158,9.97662994865405e-12,6.42552662510225e-11,"ENSG00000233203.6"
29.4964509102465,1.72024258558383,0.252724476743831,6.80679057188242,9.98000467846898e-12,6.4261255014424e-11,"ENSG00000146216.13"
40.8050487399095,2.63860053888865,0.387651112251984,6.80663734862055,9.99063481616669e-12,6.43065187373264e-11,"ENSG00000243479.3"
4.25060062281873,-2.82309957898199,0.414758001344791,-6.80661872665147,9.99192750430836e-12,6.43065187373264e-11,"ENSG00000287893.1"
20.7463911969239,1.6485279652574,0.242205537609055,6.80631822678761,1.0012810085872e-11,6.44251408315937e-11,"ENSG00000220008.3"
24.9878700928551,2.90517035695475,0.426949319269368,6.80448527690904,1.01411158540497e-11,6.52347256749489e-11,"ENSG00000260573.4"
2435.80889341978,-2.01932789808447,0.296921052984443,-6.8008916100344,1.03973629485467e-11,6.68013414176487e-11,"ENSG00000134121.10"
5.24521054576107,1.78036839779437,0.261786085222183,6.80085191038069,1.04002288662171e-11,6.68034251025538e-11,"ENSG00000184492.6"
577.305299762623,1.71205103129271,0.251779820560186,6.7997944691658,1.04768510139784e-11,6.72791478259002e-11,"ENSG00000100290.3"
1766.94214420977,-1.53332280658484,0.225520915720394,-6.79902705115781,1.05328041170823e-11,6.76054269629773e-11,"ENSG00000147852.16"
7.84973974412238,-1.73067859360952,0.254577803510939,-6.79823052026274,1.05911894619303e-11,6.79469914125885e-11,"ENSG00000231274.5"
79.0540925454933,1.38698713515718,0.204036187224511,6.7977507030702,1.06265127308277e-11,6.81237221017257e-11,"ENSG00000234432.4"
142.097103588709,1.09975544155406,0.161788600941752,6.79748409438312,1.06461898295944e-11,6.82332244528306e-11,"ENSG00000245149.4"
6031.22740453208,1.44855875640128,0.213113380894306,6.7971271926829,1.06725869020654e-11,6.83857323583342e-11,"ENSG00000111331.13"
43.3184154621071,-1.74933219710859,0.257383474812597,-6.79659872640344,1.07117909875877e-11,6.86034878941899e-11,"ENSG00000258926.2"
33.2191250387046,-2.09609445355551,0.308448980557818,-6.79559533562019,1.07866157799612e-11,6.90490524014855e-11,"ENSG00000274736.5"
4871.01781637565,-1.20812781338489,0.177912693952008,-6.79056556645012,1.11694800104468e-11,7.14477032354788e-11,"ENSG00000155760.2"
6.13686084561631,1.96391678593077,0.289272832287713,6.7891504722346,1.12795750157213e-11,7.21343916577177e-11,"ENSG00000278995.1"
9.60870103215098,-1.70634675903356,0.251344854826192,-6.78886687461143,1.13017665674835e-11,7.22587284017843e-11,"ENSG00000121764.11"
490.006463481419,-2.99080113157794,0.440618043893688,-6.78774093123512,1.13902945285492e-11,7.28070285477593e-11,"ENSG00000227471.9"
6.8867935585451,-1.68463707816139,0.248230231234153,-6.7865911004703,1.1481401629956e-11,7.33537093927473e-11,"ENSG00000259570.1"
35.7813054479569,1.40089015871172,0.206463680749161,6.78516508873879,1.1595384066554e-11,7.40639306938776e-11,"ENSG00000275437.1"
10.8250125911546,1.41750265095123,0.208919871905417,6.78491058807926,1.16158427784014e-11,7.41765820183433e-11,"ENSG00000223559.1"
3270.60996001434,1.65042982810531,0.243251341160723,6.78487452619972,1.16187445670429e-11,7.41770906485681e-11,"ENSG00000183044.12"
106.8608696468,-1.82678949630849,0.269264253315024,-6.78437436019869,1.16590646862965e-11,7.44164293867454e-11,"ENSG00000236404.10"
4.25683343061117,-2.090923501276,0.308265820497178,-6.78285869612048,1.17820864339682e-11,7.51468963432223e-11,"ENSG00000273258.1"
3618.19496932533,1.32251969355132,0.194981748536312,6.7827871248422,1.17879269843074e-11,7.51659080192957e-11,"ENSG00000181885.18"
31.880794644901,-1.40883692455655,0.207775929453261,-6.78055888506307,1.197118711724e-11,7.62789532580691e-11,"ENSG00000236501.6"
13.676832241016,-1.5654850849351,0.230878470881253,-6.7805589622961,1.19711807171499e-11,7.62789532580691e-11,"ENSG00000286721.1"
1260.86577936353,-1.10244019622101,0.162613647411537,-6.77950598716354,1.20587500870948e-11,7.68182712770723e-11,"ENSG00000091592.16"
1769.56491265534,1.28020746240742,0.188845716491944,6.77911835221339,1.20911450215103e-11,7.70059742537867e-11,"ENSG00000111674.9"
91.6967829298921,1.76987458153434,0.261101986091577,6.77847996496504,1.21446813950921e-11,7.73281990766959e-11,"ENSG00000089012.14"
7.9655311129538,-1.72419676347256,0.254453650994884,-6.77607397941102,1.23485465225289e-11,7.85881832441042e-11,"ENSG00000248925.1"
21.8726926799897,-2.36930974713019,0.34969193112166,-6.77542012345116,1.24045261771383e-11,7.89062357308575e-11,"ENSG00000286805.1"
20.6940738704203,-1.58516489214207,0.234037857861391,-6.77311314770655,1.26040299122222e-11,8.01365075502778e-11,"ENSG00000177627.11"
14.9214305124732,1.05096580469092,0.155179270530669,6.77259147498833,1.26495772051937e-11,8.04066474634367e-11,"ENSG00000233270.1"
1229.47261200164,-1.24237215161505,0.183529709270296,-6.7693244682545,1.29385082251071e-11,8.21637473275467e-11,"ENSG00000085276.19"
31.3004940244234,4.59414798875386,0.678670533637835,6.76933469341616,1.29375939150094e-11,8.21637473275467e-11,"ENSG00000253802.2"
6.86044882240813,4.52305505772247,0.668296905431673,6.76803232359859,1.30545595592705e-11,8.28806868250885e-11,"ENSG00000183862.5"
4.34113838183798,2.00724029512113,0.296583102509718,6.76788487993971,1.30678665409577e-11,8.29451350307973e-11,"ENSG00000267201.1"
11.7250292164915,-1.50796569636686,0.222815301203439,-6.76778339827759,1.30770331107672e-11,8.29832781949314e-11,"ENSG00000285572.2"
9.39953223424773,-2.40317901481388,0.355147521028371,-6.76670643189399,1.31747015278411e-11,8.35828759251211e-11,"ENSG00000204687.4"
76.6392785515237,2.01316400444113,0.297554169553376,6.76570591318839,1.32660770120841e-11,8.41219706117293e-11,"ENSG00000188389.11"
3395.07820874401,-1.02701060877038,0.15182411227289,-6.76447629691666,1.33792260534904e-11,8.47576711472502e-11,"ENSG00000178573.7"
7.4702428206528,2.79830143432336,0.41367402008182,6.76450852236233,1.33762486485829e-11,8.47576711472502e-11,"ENSG00000260903.3"
220.908511626108,-3.08942641722213,0.456762374932512,-6.76374978932668,1.34465227916796e-11,8.51634710979534e-11,"ENSG00000105509.11"
15.6694150107662,-3.1483948798145,0.465541824150121,-6.762861501353,1.35292559372218e-11,8.56668183700166e-11,"ENSG00000182255.7"
3181.2719568273,1.33063447784433,0.196783064999808,6.76193593104991,1.36159918462697e-11,8.61745075095964e-11,"ENSG00000184363.10"
17.1300163855792,-7.09956792858393,1.04999870133029,-6.76150162813454,1.36568782123968e-11,8.64124667632731e-11,"ENSG00000257046.5"
238.35608968982,-2.39456854830289,0.354210358492223,-6.7603007390747,1.377055988629e-11,8.70898450556414e-11,"ENSG00000174611.12"
721.355963058152,1.18592602814127,0.175478173185958,6.75825378512757,1.39664738928211e-11,8.8243942259353e-11,"ENSG00000161513.12"
226.750796967317,-1.21141283986361,0.179324183738239,-6.75543484771648,1.42407490976991e-11,8.99336495155992e-11,"ENSG00000234648.1"
305.215426037064,1.69656399446527,0.251142132284234,6.75539376461595,1.424478512199e-11,8.99375287404237e-11,"ENSG00000160188.10"
41.8831709271594,-1.00814952511559,0.149245234810202,-6.7549863578403,1.42848696548792e-11,9.01689514910773e-11,"ENSG00000203872.7"
813.498239619229,1.3742942254394,0.203468559693133,6.75433210670034,1.43494723346182e-11,9.05549893981044e-11,"ENSG00000249859.12"
17.8672399252913,2.45603770258867,0.363626053698666,6.75429518211576,1.43531268944663e-11,9.05563099601902e-11,"ENSG00000251493.5"
1538.25947822925,-1.50359410929131,0.222639986500528,-6.75347736462312,1.4434303332121e-11,9.1024766982118e-11,"ENSG00000101871.16"
78.0257153580779,1.15336129183542,0.170787189609826,6.75320727784293,1.44612107412625e-11,9.11725745078782e-11,"ENSG00000144395.18"
6716.60131640928,-1.04998835925499,0.155515415394869,-6.75166739315817,1.46155628971011e-11,9.21015236603708e-11,"ENSG00000197256.11"
7.67038991639415,-2.54485656240734,0.377093577108045,-6.74860755233225,1.4927073100893e-11,9.39969308538267e-11,"ENSG00000288107.1"
17.2568384453695,-1.49406600967758,0.221393013917779,-6.74847856867085,1.49403462553823e-11,9.40579786769984e-11,"ENSG00000091128.13"
11.1847432266657,4.77739650956712,0.707976289570332,6.74796116755055,1.49937060590347e-11,9.43487120075812e-11,"ENSG00000224715.1"
72.6802197725466,-2.20334393930457,0.326544212215964,-6.74745978301819,1.50455921085183e-11,9.46298978177303e-11,"ENSG00000111339.12"
15.0568632210115,2.27886209799898,0.337794937305671,6.74628849140164,1.51674900418113e-11,9.53691613285503e-11,"ENSG00000101306.11"
17.2528639730176,-1.29893411441566,0.192541344013945,-6.74626076320309,1.51703874415868e-11,9.53691613285503e-11,"ENSG00000286861.1"
8034.73961780254,-1.01732613121318,0.150824699132032,-6.74508974370712,1.5293246732847e-11,9.60779365117683e-11,"ENSG00000112531.17"
7.76680762812831,-2.08611111560138,0.309278852609992,-6.74508165688269,1.5294098552931e-11,9.60779365117683e-11,"ENSG00000258675.2"
1431.60156114842,1.00085972066053,0.148411923009122,6.74379591860026,1.54301235456717e-11,9.68861364726316e-11,"ENSG00000164897.14"
3.9206948191852,-2.18941239117615,0.324672865560538,-6.74344124014243,1.54678548676739e-11,9.7076670807531e-11,"ENSG00000229498.1"
17.8857237376118,1.19426943958172,0.177109421003813,6.74311638992939,1.55024922767209e-11,9.72476150361176e-11,"ENSG00000286931.1"
68.3491973376621,-3.52033793847645,0.522095361773251,-6.7427106161601,1.55458649380954e-11,9.74964242502742e-11,"ENSG00000237223.6"
4270.79648411733,-1.18838586326267,0.17628850596667,-6.74114206565091,1.57146457458701e-11,9.85314286222445e-11,"ENSG00000162496.9"
84.3003094844009,-1.79870126814013,0.266872376505701,-6.73993049296245,1.5846241805039e-11,9.93091606112648e-11,"ENSG00000174326.14"
121.617318628887,-1.97398502771371,0.292881955263989,-6.73986564291561,1.58533158973642e-11,9.93298104997188e-11,"ENSG00000286288.1"
273.794475925291,-1.38160127472738,0.205007026747922,-6.7392874119686,1.59165284291786e-11,9.97021051555127e-11,"ENSG00000036672.16"
5.39389150379792,-2.78960114058799,0.413939077358888,-6.7391587148207,1.59306312201556e-11,9.97666692853392e-11,"ENSG00000255986.6"
171.435735209873,3.17724744010754,0.471477352682969,6.73891846984215,1.59569903095311e-11,9.98841470101726e-11,"ENSG00000162891.10"
4263.94541847218,-1.1885082263094,0.176379548063358,-6.73835622870783,1.6018845080228e-11,1.00223595355561e-10,"ENSG00000165029.17"
144.365804758293,-1.35432807121391,0.201018976523441,-6.73731452938712,1.61340684182863e-11,1.00920479368452e-10,"ENSG00000246090.7"
4402.53731555858,-1.39225675715438,0.20665831413083,-6.73699852343215,1.61691823054039e-11,1.01116057034317e-10,"ENSG00000169554.22"
96.6591922978811,-2.78505269405621,0.413470570952548,-6.73579424924981,1.63036859579605e-11,1.01932940465993e-10,"ENSG00000183378.12"
186.533047382778,-1.35693169605571,0.201518277794499,-6.73354154723105,1.65582350428136e-11,1.03450594215667e-10,"ENSG00000118804.8"
6.38034693965494,3.89086388832398,0.577948260430393,6.73220105451392,1.67115496936672e-11,1.04383643571376e-10,"ENSG00000231324.1"
15.5028950226892,1.46653972309662,0.217891491493943,6.73059655997348,1.68968871671528e-11,1.05466108359403e-10,"ENSG00000286859.1"
713.04977118349,1.23025903733231,0.182788412451328,6.73050890279979,1.69070703530251e-11,1.05504614710093e-10,"ENSG00000118369.13"
48.306127459222,2.07135969786321,0.30776424533558,6.73034548118039,1.69260711879873e-11,1.05598114195362e-10,"ENSG00000083454.22"
123.390424943985,1.1015896258565,0.16369816683248,6.72939500283962,1.70369973517714e-11,1.06214525235759e-10,"ENSG00000205913.7"
16.6817966732498,-1.24251115981338,0.184654612098057,-6.72883902381796,1.71022128881009e-11,1.06595817773499e-10,"ENSG00000224479.6"
7056.34931569289,-1.22168677177536,0.181576042822999,-6.72823767266623,1.7173025707021e-11,1.07011808364946e-10,"ENSG00000132688.11"
303.811434575341,1.58552233264499,0.235669834918484,6.72772708986453,1.72333753073836e-11,1.07362416823719e-10,"ENSG00000152766.6"
18.2186957415412,-1.54778816557577,0.23017917923715,-6.72427528287041,1.76468530171726e-11,1.09834213758789e-10,"ENSG00000136872.20"
4.42933643216719,-2.48382702738986,0.369466224233886,-6.7227445013147,1.78333136011086e-11,1.10942204660719e-10,"ENSG00000286056.1"
902.803499637191,-1.11379479880766,0.165689750799691,-6.72217076452826,1.79036948944407e-11,1.11353695363341e-10,"ENSG00000132357.14"
32.3503027788131,-2.27740222674794,0.33893728601926,-6.71924370875656,1.82670169738429e-11,1.13545371227699e-10,"ENSG00000254366.7"
2147.30351116972,-1.2850307679969,0.191263491376925,-6.71864117268715,1.83426981087696e-11,1.13949297350721e-10,"ENSG00000145147.20"
55.7838051780852,-1.63271106100433,0.243080897770069,-6.71673947225883,1.85835791547605e-11,1.15363909896959e-10,"ENSG00000060709.15"
28.283874038758,2.09935979736438,0.312578927302565,6.71625504470514,1.86454330512683e-11,1.15693239452204e-10,"ENSG00000050730.16"
98.3948235727499,3.34692217471473,0.498460181199571,6.71452264584141,1.886828745951e-11,1.16965581977774e-10,"ENSG00000123407.4"
759.03629883473,-1.94763554017318,0.290080766270261,-6.71411471093061,1.8921142060277e-11,1.17265573664777e-10,"ENSG00000145934.16"
5106.39395210991,-1.05256067832692,0.156817417904015,-6.71201383363656,1.9195649104238e-11,1.18910780357246e-10,"ENSG00000183853.18"
583.416250382843,1.23029435620248,0.183306616046384,6.71167458511787,1.92403405128609e-11,1.19131474685521e-10,"ENSG00000184979.10"
639.283863410847,-1.8589372819304,0.276992592968545,-6.71114437396347,1.93103927865898e-11,1.19537061705776e-10,"ENSG00000187699.10"
57.3313027322547,-1.23119659951602,0.18346413170933,-6.71083000281852,1.93520458293939e-11,1.19766699453682e-10,"ENSG00000277758.5"
34.4806746591095,2.94953697533903,0.439566901175051,6.71009797929353,1.94493775195171e-11,1.20340734162662e-10,"ENSG00000136231.14"
1630.88321923578,1.03792934293683,0.154716260329816,6.70859895866295,1.96501891741552e-11,1.21526017000823e-10,"ENSG00000277972.2"
10.5079360881554,-1.50245124838429,0.223968800620951,-6.70830599716909,1.96896713173057e-11,1.2174154808376e-10,"ENSG00000204022.9"
295.988736053298,1.21709050742221,0.181433796597769,6.70817967900683,1.97067190522616e-11,1.21818298111393e-10,"ENSG00000167207.14"
13.3300655092759,-1.50787469475493,0.224786876235365,-6.70801925809981,1.97283900817386e-11,1.21923584507035e-10,"ENSG00000156574.10"
149.065120647435,-2.17042500185244,0.323757596287934,-6.70385815417955,2.02987313649741e-11,1.25301046312113e-10,"ENSG00000149295.14"
3.47436897405305,-3.01236742163228,0.449422277879373,-6.70275500325956,2.04526221256732e-11,1.2622134772275e-10,"ENSG00000265554.2"
8.26532087477633,1.6736214580452,0.249709705715063,6.70226835297675,2.05208729341694e-11,1.26612822582561e-10,"ENSG00000269489.1"
24501.3906432532,1.5821454867187,0.236081681903156,6.70168678045813,2.06027287310531e-11,1.27088036134006e-10,"ENSG00000111057.11"
13.700127546354,1.8790532190463,0.280446025771933,6.70023122586304,2.08090005587487e-11,1.28330307528426e-10,"ENSG00000129910.8"
79.0253264348041,1.67460051984524,0.249978858591134,6.69896858191605,2.09895710320612e-11,1.29383181286749e-10,"ENSG00000236008.3"
2418.07118435734,1.05777292550974,0.157921780899686,6.69808128735361,2.11173797543396e-11,1.30140494598608e-10,"ENSG00000175866.15"
483.729851782094,2.57830930465163,0.384975227844592,6.69733821338876,2.12250004676339e-11,1.307730689853e-10,"ENSG00000176887.7"
27.3828003536517,2.49648623582687,0.37280023663212,6.69657900000319,2.13355132427101e-11,1.3139236880773e-10,"ENSG00000287258.1"
296.775467268964,-1.57815143172425,0.235681435062585,-6.69612110646378,2.14024373707207e-11,1.31773638756623e-10,"ENSG00000186462.9"
6.42932953809568,-2.06448725361461,0.308325893536305,-6.69579589938501,2.14500932823457e-11,1.32036124551095e-10,"ENSG00000265096.2"
8.87935875196224,1.49695125598887,0.223589008390442,6.69510217324645,2.15520994964298e-11,1.32601915534682e-10,"ENSG00000163263.7"
6.46937279645774,1.50912742204692,0.2254124362629,6.6949607886178,2.15729470226518e-11,1.32699119949305e-10,"ENSG00000287742.1"
156.246107764013,1.38782585180804,0.207320364737919,6.69411253237202,2.16984397760906e-11,1.3340860609936e-10,"ENSG00000027869.12"
3515.01720914419,-1.0920411225992,0.163137215254202,-6.69400370048965,2.17145922270575e-11,1.33476693661361e-10,"ENSG00000135272.12"
18.4222528970718,2.76739493245482,0.413432681205732,6.6937014373997,2.17595148419602e-11,1.33721554385336e-10,"ENSG00000241359.1"
19.4119137783245,-2.97045309472019,0.443774256511369,-6.69361291498009,2.17726883408442e-11,1.33771234303588e-10,"ENSG00000119125.17"
4.29954591671253,2.34568817341945,0.350528277811913,6.69186574065245,2.20342984575778e-11,1.35283695552202e-10,"ENSG00000287760.1"
73.0147650187548,-1.7723467341174,0.264853950564368,-6.69178892873137,2.20458701037098e-11,1.35323131668825e-10,"ENSG00000241935.9"
9.91448090721566,-1.48759020781308,0.222325381136757,-6.69104984868119,2.21575163101237e-11,1.35976688931892e-10,"ENSG00000232075.1"
1296.28317041099,1.44207546372799,0.215543790033694,6.69040598897589,2.2255229450953e-11,1.36544456323261e-10,"ENSG00000137563.13"
90.4224242815224,1.68395623417754,0.251711113324521,6.69003530251954,2.23116766214104e-11,1.36826903480437e-10,"ENSG00000279970.1"
3.18679563380351,2.60554530169991,0.389561821871161,6.68840003156581,2.25623690116092e-11,1.38332005388648e-10,"ENSG00000070985.13"
248.771624744701,-1.85238803893157,0.276963156483638,-6.68821103301155,2.25915202812822e-11,1.38478432619688e-10,"ENSG00000248994.2"
30.7362422024687,1.95727450605089,0.292657312128494,6.68793987006731,2.26334090568985e-11,1.38670518333688e-10,"ENSG00000214894.6"
3695.40709936593,-1.3540860200343,0.20253921132048,-6.68554997921715,2.30058986196537e-11,1.40854190384109e-10,"ENSG00000169991.11"
28791.8031069621,-1.17008212371357,0.175022316606071,-6.68533102751188,2.30403231152137e-11,1.41032103577149e-10,"ENSG00000149131.17"
134.620452187233,1.70884433502093,0.255655898207269,6.6841576783631,2.32256629189382e-11,1.42100401341102e-10,"ENSG00000183813.7"
4.6175728996406,2.19726432266751,0.328806243129976,6.68255049463564,2.34819009829658e-11,1.43601276276471e-10,"ENSG00000274698.1"
362.185246334624,-1.19585550292264,0.17895405147322,-6.68247236135694,2.34944282931088e-11,1.436444645862e-10,"ENSG00000185345.23"
4964.9145922445,-1.25506623082877,0.187859344123906,-6.68088263951867,2.37507379486882e-11,1.45177766568214e-10,"ENSG00000147872.10"
1964.72286510067,1.01909748015961,0.152541948242417,6.6807687452639,2.37692057541357e-11,1.45256871434946e-10,"ENSG00000109089.7"
25.2665956411763,1.76556874815343,0.264353348441465,6.67882120110302,2.40871815890854e-11,1.47097463031487e-10,"ENSG00000261762.1"
11.2880472602951,-1.34378953492393,0.201215993015703,-6.67834357887771,2.4165796675898e-11,1.47543275221673e-10,"ENSG00000239300.6"
51.1083726019286,1.38272745584704,0.207058272073766,6.67796288454698,2.42286375815969e-11,1.47892594100021e-10,"ENSG00000099625.13"
28.2785225310941,1.77282191582958,0.26551776137363,6.67684868484149,2.44134782875895e-11,1.48986269633388e-10,"ENSG00000266970.1"
13.0040442620309,1.96456255783575,0.294247529267288,6.67656432911348,2.44608722932931e-11,1.49240846647381e-10,"ENSG00000157111.13"
67.8588597998719,-1.24088219659871,0.185862277276162,-6.67635312976905,2.44961314912473e-11,1.49386617196274e-10,"ENSG00000092051.17"
39.1869120591942,1.63435089347815,0.244796674939222,6.67636067313383,2.44948712891711e-11,1.49386617196274e-10,"ENSG00000268941.2"
164.317491719051,-1.09633744262336,0.164228652836666,-6.67567701303453,2.4609342390323e-11,1.50042207234343e-10,"ENSG00000248019.3"
550.854246807042,-1.26188945425275,0.189050696015648,-6.6748733585636,2.47445749103901e-11,1.50796755609713e-10,"ENSG00000005108.16"
40.784798495219,-1.64482773800037,0.246427430262446,-6.67469419394027,2.47748223148952e-11,1.5094608941231e-10,"ENSG00000174527.10"
230.592351320146,1.11439425595866,0.166983385875578,6.67368343332678,2.49461429032495e-11,1.5188427613366e-10,"ENSG00000272841.1"
2270.84744488438,-1.79340381366395,0.26880331514464,-6.6718069034935,2.5267289063073e-11,1.53697159392226e-10,"ENSG00000135063.19"
352.558735754365,-1.79589911030707,0.269202050164043,-6.6711940314448,2.53730490345047e-11,1.54270366792634e-10,"ENSG00000088992.18"
10.2073500237704,-1.64909380835114,0.247222396173108,-6.67048711556225,2.5495575872581e-11,1.54942362135241e-10,"ENSG00000287109.1"
418.387015351609,-1.14928343084044,0.172299174510897,-6.67027821870242,2.55318938453705e-11,1.55127207080841e-10,"ENSG00000115252.18"
937.038859380436,2.11156919316374,0.316566419696604,6.67022483050306,2.55411838265277e-11,1.55147787311406e-10,"ENSG00000180818.5"
91.1484038578747,-1.68355103055849,0.252404567799001,-6.67004977461091,2.5571668194569e-11,1.5529707181748e-10,"ENSG00000136014.12"
5260.78397275784,-1.27061336813948,0.190509663895495,-6.66954810668545,2.56592264531092e-11,1.55756837896888e-10,"ENSG00000250722.6"
45.6192516219785,-1.64351517307677,0.246420645305331,-6.66955145353322,2.56586413421124e-11,1.55756837896888e-10,"ENSG00000258168.6"
235.980561434101,1.47981325460744,0.221943168320564,6.66753234985848,2.6014013398732e-11,1.57801137358013e-10,"ENSG00000163462.18"
26476.8996095607,-1.21502309755048,0.182236587786215,-6.66728406359235,2.60580442642811e-11,1.58031757139447e-10,"ENSG00000101335.10"
160.638464397926,1.47196562490094,0.220837971005065,6.66536473868968,2.64008861722976e-11,1.60037106123771e-10,"ENSG00000130270.16"
7.95118932272409,-2.62671692256903,0.394229835591406,-6.66290748549902,2.68462670234852e-11,1.62661890835704e-10,"ENSG00000288575.1"
9.28943639454352,1.42612350874646,0.214052008233919,6.66250936168736,2.6919116550749e-11,1.63065697031548e-10,"ENSG00000276744.1"
78.3952226631973,1.74431384364059,0.261849517041991,6.66151254867834,2.71023652963847e-11,1.64137919228151e-10,"ENSG00000267251.2"
73.2029028732424,-1.76259049057784,0.264604098780115,-6.66123653678755,2.71533213297508e-11,1.64408638062928e-10,"ENSG00000150394.14"
667.978883115486,-1.04866894616112,0.157431595124012,-6.66110856169032,2.71769793064834e-11,1.64513985281348e-10,"ENSG00000163686.15"
32.0878892457495,-2.28496962693716,0.343052482688721,-6.66069987026009,2.72526667837470e-11,1.64896200217313e-10,"ENSG00000234810.4"
10.9039401377565,-3.35967508216782,0.504501386319466,-6.65939712609704,2.7495307730306e-11,1.66326045657851e-10,"ENSG00000156920.11"
4.52318888661387,-1.59626033551378,0.239705070985598,-6.65926811206127,2.75194518353184e-11,1.66433794762887e-10,"ENSG00000267130.1"
2000.51488321669,1.06453620271138,0.159882144310338,6.65825572519887,2.77096349258447e-11,1.67545443844238e-10,"ENSG00000163517.15"
461.540495484805,-1.26342284811108,0.18976008605849,-6.6580010283177,2.77576834777397e-11,1.67758784209913e-10,"ENSG00000021826.17"
104.192624845212,-1.93190940495602,0.290172438055741,-6.65779774916081,2.77960905883688e-11,1.67952286212571e-10,"ENSG00000226197.3"
5.95649236803738,-2.88029705602597,0.432668031200725,-6.65706002829161,2.79359113445744e-11,1.687291537865e-10,"ENSG00000224204.1"
12316.9895030594,1.91114207635873,0.28717215517697,6.65503964052848,2.83223707704507e-11,1.70975009951889e-10,"ENSG00000129514.8"
96.6159116372032,1.58925398663182,0.2389287190517,6.65158208247009,2.89959065918428e-11,1.74960608094581e-10,"ENSG00000234949.2"
8.79903897961679,2.34826702000136,0.353043304859972,6.65149852064965,2.90123770280326e-11,1.75019811293277e-10,"ENSG00000213376.4"
525.011494442457,1.23179809953564,0.185274085530179,6.64851803753739,2.96058704384533e-11,1.78436298693948e-10,"ENSG00000171476.22"
706.94669413327,1.47281223446897,0.221564667052621,6.64732447669185,2.98468579115041e-11,1.7980628314141e-10,"ENSG00000107821.15"
10.0487545621359,-1.46596161514952,0.22058570859577,-6.64576877841141,3.0163847072531e-11,1.81632658981536e-10,"ENSG00000234383.1"
53.7802310297512,3.12090378302252,0.469771312603162,6.6434533129078,3.06417569517487e-11,1.84383685833279e-10,"ENSG00000152086.9"
1092.40433269391,-1.14978650803564,0.173077699176863,-6.6431811464093,3.06984162844088e-11,1.84682346903044e-10,"ENSG00000175471.19"
1234.48122152603,1.15182687131501,0.173389473757929,6.64300344392928,3.07354655159814e-11,1.84862923483308e-10,"ENSG00000171813.14"
368.659202672923,-1.71487012411738,0.258180258239136,-6.64214272544808,3.09155371442319e-11,1.85860928247711e-10,"ENSG00000141576.16"
163.178545824238,1.05731391759831,0.159206274456457,6.64115733634279,3.11229591215364e-11,1.87065140075569e-10,"ENSG00000167536.14"
704.767664471998,1.48348361165323,0.223380110050932,6.64107297339493,3.11407804781133e-11,1.87129463668663e-10,"ENSG00000115828.17"
66.5172501354672,1.65097250593176,0.248698379069464,6.6384530213228,3.16992342148444e-11,1.90441753623536e-10,"ENSG00000008056.14"
598.769373959187,-1.02684517980197,0.154723147129911,-6.6366616685983,3.20866981651196e-11,1.92630062591052e-10,"ENSG00000146021.15"
10.8560648885386,1.30769446476734,0.197041833899768,6.63663364721089,3.20927957725695e-11,1.92630062591052e-10,"ENSG00000267394.1"
1457.8086303483,-1.11862676894463,0.168554316344354,-6.63659521278167,3.2101161159531e-11,1.92636283086099e-10,"ENSG00000071205.12"
107.047524423447,-1.18699350392379,0.178880646837945,-6.63567314243412,3.23024939306578e-11,1.93800216953529e-10,"ENSG00000219607.4"
8.44800121009065,1.21871012920459,0.1837094940024,6.63389845920905,3.26934776965519e-11,1.96101179319071e-10,"ENSG00000271855.1"
5.70565469428127,3.03748728604887,0.457947016674839,6.63283562387657,3.29298463819784e-11,1.97473895118394e-10,"ENSG00000287080.2"
300.551810340599,1.88816545581702,0.28473261761111,6.6313633880748,3.326002834831e-11,1.99362961255868e-10,"ENSG00000152076.19"
520.784473044029,-2.19761865982206,0.331404782524867,-6.63122192467806,3.32919247873993e-11,1.99508652784315e-10,"ENSG00000231367.6"
22.1667100403619,2.32973572622513,0.35139903660362,6.62988649241257,3.35945101516192e-11,2.01230197088687e-10,"ENSG00000114113.6"
773.945613496501,1.21614276337196,0.183443323670447,6.62952861428054,3.36760552406737e-11,2.01626750784935e-10,"ENSG00000139410.15"
482.825714011704,1.38260417375588,0.208551982651171,6.62954221858662,3.36729518634929e-11,2.01626750784935e-10,"ENSG00000139438.6"
2808.72301759486,1.12199897856834,0.169245678583055,6.62940990849425,3.37031459601171e-11,2.01742994401211e-10,"ENSG00000101224.17"
21.5318178040798,-2.97643402045769,0.449065925721947,-6.62805581535179,3.40136867711378e-11,2.03555497061153e-10,"ENSG00000267594.5"
180.639826863977,-1.52015042450933,0.229443333613337,-6.62538501585371,3.46344244960387e-11,2.07128831275058e-10,"ENSG00000070182.21"
37.5056196073807,2.68123175754015,0.404699474788993,6.62524150528764,3.46680907269356e-11,2.07283006521105e-10,"ENSG00000166396.13"
1499.2670891098,1.08554747624362,0.163855329827118,6.62503610586834,3.47163312277187e-11,2.07524232428783e-10,"ENSG00000228300.14"
5976.33571916555,1.0704881721393,0.161645214354759,6.62245508728718,3.53281419268842e-11,2.11085447239423e-10,"ENSG00000103202.13"
114.137571979382,1.33611977508531,0.201842519951969,6.61961501175894,3.60135553840131e-11,2.15034141234303e-10,"ENSG00000235169.11"
680.860649396244,-1.41653884227596,0.214018467674135,-6.61876920094946,3.62201832435347e-11,2.16169685824947e-10,"ENSG00000204789.4"
7.7072076133118,-1.29430896330043,0.195553054298639,-6.61871003724558,3.6234680010571e-11,2.16207112235607e-10,"ENSG00000247970.2"
4.56093626578289,3.17702753945535,0.480069000323291,6.61785605260048,3.64445637524261e-11,2.1741010296613e-10,"ENSG00000226876.3"
34.9645909217165,-1.56252228826947,0.236199400427117,-6.6152678010358,3.70879713443813e-11,2.21198148131545e-10,"ENSG00000254602.2"
1266.50632552237,-1.56332333026517,0.236343393011317,-6.61462675282111,3.72490376554471e-11,2.22108372444594e-10,"ENSG00000197635.11"
73.3715451364484,1.73038924659699,0.261661034638443,6.61309487286864,3.76367067881248e-11,2.24318186217477e-10,"ENSG00000163600.13"
785.250700503541,1.01828273148799,0.153981509612496,6.61301953754424,3.76558732281636e-11,2.24381539770812e-10,"ENSG00000011478.13"
16.7364163823723,-2.12448213234503,0.321330257830704,-6.61152219740333,3.80388066100952e-11,2.26509287027581e-10,"ENSG00000179270.7"
132.535781723475,-1.82371100943194,0.275878402795818,-6.61056099698276,3.82866317880056e-11,2.27830162987534e-10,"ENSG00000102271.14"
39.4880218699076,1.15932409898307,0.175385004742551,6.61016659140754,3.83887774418763e-11,2.28386289335056e-10,"ENSG00000229950.1"
9009.2562581292,-1.08769328168001,0.16455763280571,-6.60980146064826,3.84835789998377e-11,2.28898481654613e-10,"ENSG00000099250.18"
9.03641181575534,2.59665500910596,0.392876003400242,6.60934998990156,3.86011144265583e-11,2.29545631580918e-10,"ENSG00000267147.2"
22.834864292389,-1.06322355018875,0.160967586667835,-6.60520277528152,3.96973601769945e-11,2.35957805267327e-10,"ENSG00000268062.1"
351.442139119391,-1.38494168147863,0.209729288596984,-6.60347293763025,4.01635642096563e-11,2.38513131876775e-10,"ENSG00000174514.13"
3.60345447822824,-2.63667084562723,0.399308757184011,-6.60308795685187,4.02680458976675e-11,2.39025591322107e-10,"ENSG00000140067.6"
4.88550308708329,2.23864742828382,0.339043400556124,6.60283439999665,4.03370050624982e-11,2.3938086273712e-10,"ENSG00000115297.11"
885.090988772633,-2.00456142978464,0.30360278078382,-6.60257928010213,4.04065059415873e-11,2.39739187848461e-10,"ENSG00000003137.8"
11.3131082387815,2.11858451109121,0.320915653005856,6.60168642834184,4.06506643798471e-11,2.41024602427228e-10,"ENSG00000121743.4"
5.48617100075713,-1.53656759923706,0.23278093342183,-6.6009169077976,4.08622545680758e-11,2.42224514900159e-10,"ENSG00000233121.1"
12.6502192318637,2.17972816750137,0.330229688212833,6.60064265965248,4.09379230014238e-11,2.42563653780302e-10,"ENSG00000226087.2"
7287.30968361464,-1.02983360554317,0.15602653684316,-6.60037469509672,4.10119901376896e-11,2.42947745949748e-10,"ENSG00000118898.16"
11.3551128492664,2.12535094644203,0.322042628579403,6.59959507788579,4.12282278570670e-11,2.44173668543297e-10,"ENSG00000233183.3"
303.038154675714,1.01530973669475,0.153878447529164,6.59812828240501,4.16380920698873e-11,2.46545530967542e-10,"ENSG00000235655.3"
54.307252890962,1.08810671024308,0.164946125047251,6.59674005637522,4.20296725499735e-11,2.48640088522058e-10,"ENSG00000124614.16"
196.116543132732,1.63742245405539,0.24827564401052,6.59517956576523,4.24741464905887e-11,2.51212976228315e-10,"ENSG00000130054.5"
903.258756332176,-1.08412646572408,0.164408943640856,-6.59408449270438,4.278879846002e-11,2.53017048081702e-10,"ENSG00000119943.13"
191.268679617368,1.67201738422121,0.25356482815113,6.59404301618933,4.2800760800877e-11,2.53030858499832e-10,"ENSG00000280219.1"
6.21037523619064,2.1619828665249,0.32791884846714,6.59304238420909,4.3090349212979e-11,2.54628313559789e-10,"ENSG00000263325.1"
115.109307344709,1.78781996495098,0.271179953937267,6.59274381824166,4.31771265787596e-11,2.55083748032393e-10,"ENSG00000090534.20"
27.8127707621465,-1.82774362989044,0.277259003225093,-6.59218856242723,4.33389650471132e-11,2.55982327482769e-10,"ENSG00000154227.13"
25.4333257424759,5.74658049730101,0.871922838360867,6.59069844770213,4.37762228958201e-11,2.58506906895919e-10,"ENSG00000125820.6"
198.170339160143,-1.08709649743223,0.164984397082468,-6.58908670550735,4.42540304152437e-11,2.61152432742314e-10,"ENSG00000134627.12"
7.42099544112912,-2.86005512451681,0.434098912483643,-6.58848719097995,4.44330577677527e-11,2.62150053954571e-10,"ENSG00000255595.5"
25.5755293863991,1.83843522512612,0.279050635957893,6.58817787250459,4.45257035371685e-11,2.62578773114412e-10,"ENSG00000162892.16"
163.394223433388,1.26663447427653,0.192266318106942,6.58791662912068,4.46040972549348e-11,2.6298207542591e-10,"ENSG00000100583.4"
11285.7078276311,-1.40818978239304,0.213755712648059,-6.58784630804966,4.4625222205959e-11,2.63047620646205e-10,"ENSG00000147526.20"
238.714043096984,1.42488690414294,0.216294397856881,6.5877198774504,4.46632274826026e-11,2.63212616850387e-10,"ENSG00000171631.15"
801.047054652144,-1.76743889729104,0.268304623684202,-6.58743361564779,4.47493953826511e-11,2.63661310970097e-10,"ENSG00000140538.16"
11.8272132037164,1.15864534944396,0.175912826222419,6.58647453016876,4.50392774958189e-11,2.65309809435254e-10,"ENSG00000273004.1"
3587.26280429413,1.06811778821765,0.162183521950256,6.58585887994998,4.52263241728961e-11,2.66292272526971e-10,"ENSG00000181104.7"
7.93581051859496,3.24511428606113,0.492763405365073,6.58554237333619,4.53227807016185e-11,2.6680044075282e-10,"ENSG00000227579.6"
159.936755060408,-3.15277934976677,0.478767929642433,-6.58519327332852,4.54294036166315e-11,2.67368214209481e-10,"ENSG00000153820.13"
1738.77958624993,-1.25151579243307,0.190090930077924,-6.58377436482655,4.58653013459193e-11,2.69752423489851e-10,"ENSG00000163638.13"
1607.18921560002,1.88979417359789,0.287053735472934,6.58341606488544,4.59760188771515e-11,2.70343105182785e-10,"ENSG00000163040.15"
209.852354688086,1.52473162562512,0.231667109306422,6.58156278718179,4.65528837801685e-11,2.73612700643549e-10,"ENSG00000115257.15"
135.588262532908,-1.6595244820983,0.252164076119642,-6.58112966618971,4.66887176853159e-11,2.74349710628402e-10,"ENSG00000169302.16"
132.370938790042,1.56957982510324,0.238575268756335,6.57897121225212,4.73714468741346e-11,2.78237119472571e-10,"ENSG00000269887.1"
17.5334178182935,2.94217817380292,0.447353784206842,6.57684874404137,4.80523142368639e-11,2.82173151787697e-10,"ENSG00000225208.1"
6.30783054226444,-2.73567409626711,0.415962246527179,-6.57673651661165,4.80885809849288e-11,2.82323042798273e-10,"ENSG00000185960.14"
46931.3680155906,-1.28904684077947,0.196013446435308,-6.57631843234237,4.82239224551752e-11,2.82991198439791e-10,"ENSG00000125730.17"
17858.1123625614,1.21789218320669,0.185195117939331,6.57626505902637,4.8241227167406e-11,2.83029556890201e-10,"ENSG00000101825.8"
96.1348241085691,1.70484828511859,0.259245286734957,6.57619780320854,4.82630415193604e-11,2.83094350210861e-10,"ENSG00000224577.3"
8.3146142884284,1.2076968388975,0.183682320180523,6.57492151509509,4.86788381067978e-11,2.8546956287351e-10,"ENSG00000232671.6"
15.1588497202077,1.84062255203316,0.279965766139122,6.57445578942144,4.88314359837866e-11,2.86300571804115e-10,"ENSG00000283538.3"
28.4613626661701,1.05395600879391,0.160313430950518,6.57434628243484,4.88673845200195e-11,2.86447443069624e-10,"ENSG00000273026.1"
319.60992219181,-1.80452556177081,0.274499035862819,-6.57388670273007,4.90185361361448e-11,2.8726938769285e-10,"ENSG00000152154.11"
165.235011882702,1.5435588132692,0.234809165640888,6.57367360024559,4.90887787401712e-11,2.87616910478524e-10,"ENSG00000262814.8"
353.239188411281,1.65419510448477,0.251659155480882,6.57315686100855,4.9259514897779e-11,2.88552950651487e-10,"ENSG00000198807.13"
2188.38769533898,-1.06886511787563,0.162643375523569,-6.57183309455314,4.96995562815966e-11,2.9093611075846e-10,"ENSG00000139567.13"
4290.78585453961,-1.33124301647674,0.202725001034496,-6.56674317268944,5.14276331920445e-11,3.00918056727448e-10,"ENSG00000168386.18"
15595.9992802559,1.09265326011054,0.166416219752261,6.56578584549716,5.1759159284765e-11,3.02790505818109e-10,"ENSG00000115415.20"
70.0733001042219,-1.40569583237824,0.214130089660451,-6.56468147287133,5.21442052884769e-11,3.04907295172931e-10,"ENSG00000170166.6"
5.88908782265638,1.98129924729032,0.301828646899832,6.56431809121105,5.22715120614965e-11,3.05515771186207e-10,"ENSG00000277383.1"
14.3320014359583,-2.52061690739026,0.38411222586022,-6.56218869822571,5.30236555438798e-11,3.09842988509412e-10,"ENSG00000137674.4"
290.572677024722,2.88940339971773,0.440339766553494,6.56175893976796,5.31767335954144e-11,3.10668429833712e-10,"ENSG00000147689.16"
51.5383275187044,1.02045046924497,0.155521492514401,6.56147554107658,5.32779153985530e-11,3.11190384074571e-10,"ENSG00000267493.4"
5684.39748012898,-2.15116558497496,0.327862266597614,-6.56118682792822,5.33811882783051e-11,3.117243174199e-10,"ENSG00000094963.14"
6.57510393485446,-1.36470975646285,0.208050626565509,-6.55950803413292,5.39855851463795e-11,3.15113728622571e-10,"ENSG00000277684.1"
5357.25470399599,1.619865118554,0.246953053087802,6.55940511080895,5.40228564437659e-11,3.15261269708691e-10,"ENSG00000111335.13"
20.6924993148341,3.79444737872785,0.578527166708537,6.5588058730516,5.42403569393443e-11,3.16460275647886e-10,"ENSG00000207422.1"
1607.55226497402,-1.27562801465136,0.194495752255838,-6.5586420261426,5.42999761064392e-11,3.16737810026997e-10,"ENSG00000077420.16"
391.862855339352,-1.0095782986352,0.153974497382848,-6.55678905140341,5.49786980558378e-11,3.20483499600719e-10,"ENSG00000128709.13"
6548.68439957527,-1.07706942878482,0.164272307566551,-6.55660984337529,5.50447781806569e-11,3.20726435313763e-10,"ENSG00000019144.19"
36.5278558371875,-1.92699855299132,0.294067679974674,-6.55290834122701,5.6427154218663e-11,3.28562543527545e-10,"ENSG00000254126.8"
7.30351509126312,1.86613851390931,0.28479829080538,6.55249197118445,5.65847619934983e-11,3.29407283330478e-10,"ENSG00000267503.1"
1450.64058942132,-1.55885244804669,0.237949735112924,-6.55118379226984,5.70827514809207e-11,3.32159185283268e-10,"ENSG00000184254.17"
59.9949823044424,-1.37830934771081,0.210395089339971,-6.55105284079918,5.71328366890344e-11,3.32377042836339e-10,"ENSG00000131409.13"
17.6419430392459,-1.73685269915646,0.265147787655164,-6.55050798091256,5.7341691991598e-11,3.33518263400567e-10,"ENSG00000255967.1"
52.8760113102935,-1.19394141171715,0.182305656686052,-6.54911884480485,5.78775596953623e-11,3.36560570582501e-10,"ENSG00000246523.8"
250.866391367851,1.1240672988453,0.171658190751928,6.54828816452891,5.82003367550421e-11,3.38362674467933e-10,"ENSG00000205309.14"
44.024572132031,-1.41368268737562,0.215911598889639,-6.54750691785767,5.8505511755627e-11,3.39911333108952e-10,"ENSG00000280255.1"
3.43831256395593,3.08952919695421,0.472211457524751,6.54268156293576,6.04254059113458e-11,3.50678156099318e-10,"ENSG00000254548.1"
4.8101302674495,-1.5566715405298,0.237966922890667,-6.54154586536803,6.08861547815531e-11,3.53118202179687e-10,"ENSG00000241679.2"
5265.06366863194,1.5462695071834,0.236415673170175,6.54046953168951,6.13259905694655e-11,3.55512204703977e-10,"ENSG00000172893.16"
7.1177735255365,-1.61665713830374,0.247212215639537,-6.53955199633422,6.17033871855266e-11,3.57621130933712e-10,"ENSG00000231948.2"
498.662405609031,1.94012178428007,0.296687319708558,6.53928110640484,6.18152421161619e-11,3.58111488600661e-10,"ENSG00000249992.2"
14.7038586635226,-1.83349694678283,0.280390089766067,-6.53909326222102,6.18929225057828e-11,3.58482497827676e-10,"ENSG00000174226.9"
14808.5066193939,1.73981023083223,0.2661151681832,6.53780933537206,6.24264353629388e-11,3.61254167124501e-10,"ENSG00000115648.14"
14.4044040635678,2.38717670686755,0.365174627175139,6.53708261533365,6.27304016429371e-11,3.62853405982165e-10,"ENSG00000164362.21"
147.643117333526,-2.06268669311328,0.315535765253762,-6.53709316106975,6.2725980328338e-11,3.62853405982165e-10,"ENSG00000173805.16"
3418.88377463225,2.56956846643862,0.393143638074214,6.53595331982342,6.32056285581971e-11,3.65120162862341e-10,"ENSG00000253755.1"
7.9217726118639,1.74206360539126,0.26654155568465,6.5358048988516,6.32683478633213e-11,3.65402165510775e-10,"ENSG00000169427.8"
21.1830538152997,2.22741556526301,0.340907080096717,6.53379086357221,6.41254743060657e-11,3.7018975766761e-10,"ENSG00000168298.7"
1101.65188520436,1.24652997042577,0.190823166354632,6.53238280361192,6.4731446597421e-11,3.73523895140859e-10,"ENSG00000277363.5"
904.650027393338,6.6809273975087,1.02300087845314,6.53071521073455,6.54563580911641e-11,3.77623993869218e-10,"ENSG00000164326.5"
707.094513908708,1.23034631270592,0.188397958845118,6.53057135145179,6.55192652082485e-11,3.7790396461128e-10,"ENSG00000176531.10"
19.8756492071901,-1.94647867305922,0.298139664196617,-6.52874778773332,6.63218208262719e-11,3.82281302324064e-10,"ENSG00000206579.9"
56.0107177758228,1.75748536255174,0.269218537441733,6.52809936214781,6.66095055798726e-11,3.83855348533517e-10,"ENSG00000131015.5"
190.030112398006,-1.03233777860186,0.158143374706796,-6.52785980137232,6.67160991314756e-11,3.84301106634167e-10,"ENSG00000276141.4"
63.5962452851298,1.75893004085363,0.269498424005616,6.52668024810779,6.72433840077778e-11,3.87253528759954e-10,"ENSG00000197599.12"
251.53073908665,1.28311520710034,0.196682066655373,6.5238037657425,6.8546378851658e-11,3.94498143581559e-10,"ENSG00000173110.8"
23131.8151372611,1.06586901294605,0.163390030225545,6.52346420081273,6.87018157249971e-11,3.95306156855478e-10,"ENSG00000163191.6"
163.324022334279,2.17647959961449,0.333657126092275,6.52310239887569,6.88678109682350e-11,3.96174555370779e-10,"ENSG00000272068.1"
56.064105189085,-1.26654300111458,0.194180045664601,-6.52251881381379,6.91363875759422e-11,3.97632562592137e-10,"ENSG00000281392.2"
4.64522385292208,-2.59172455104335,0.397374252540263,-6.52212501055476,6.93182016568881e-11,3.9859103311084e-10,"ENSG00000283656.1"
140.587364146951,-1.95038904504189,0.29904624411608,-6.52203157008991,6.9361410552056e-11,3.98752256113351e-10,"ENSG00000283646.2"
20.2208413008936,-1.03736519351182,0.159075544992299,-6.52121099796981,6.97419939631648e-11,4.00764881794452e-10,"ENSG00000280054.1"
4.8587590191842,3.25222014263333,0.498757470143225,6.52064447616075,7.00059391197072e-11,4.02105791919227e-10,"ENSG00000215023.2"
5.46093443441961,3.202865101864,0.491289441500635,6.51930375723301,7.06344841133424e-11,4.0562743728099e-10,"ENSG00000259977.1"
63.3416565642933,2.38841427169533,0.366475512255771,6.5172547464192,7.16057613706425e-11,4.11115297480552e-10,"ENSG00000224271.7"
12.1989338404168,1.41618343805891,0.217314809002982,6.5167369152439,7.18532852082301e-11,4.12356276946096e-10,"ENSG00000198901.14"
78.1249164516869,-1.09633899984071,0.168294492772257,-6.51440805804812,7.2976864191013e-11,4.18621540461935e-10,"ENSG00000259969.1"
4.11909183198139,2.81032782700668,0.431415579608702,6.51420106236236,7.30775586283299e-11,4.19107691683837e-10,"ENSG00000276903.2"
38.1099511527068,1.32669939664659,0.203684847576466,6.51349087785497,7.34240664873926e-11,4.21003089780678e-10,"ENSG00000226174.7"
280.418496777445,1.60685780557493,0.246733254091316,6.51253034980129,7.38952773276856e-11,4.23612534194305e-10,"ENSG00000174567.8"
462.348964852476,-1.81110458168852,0.278137827521434,-6.51153637686677,7.43860087141505e-11,4.26239776115703e-10,"ENSG00000117707.16"
3.93093546256439,-1.70079421475597,0.261196999214891,-6.51153811057646,7.43851500013142e-11,4.26239776115703e-10,"ENSG00000270409.1"
20.5660415380391,1.95938780467792,0.300993869175828,6.50972662680157,7.52876915953283e-11,4.31124550303183e-10,"ENSG00000180549.8"
23.2509839031838,1.82202874243226,0.279932373965955,6.5088175283858,7.57446616100102e-11,4.3364684943531e-10,"ENSG00000233682.3"
388.234861127884,1.37530936512701,0.211312620891506,6.50841090004337,7.59499354472577e-11,4.34727374411089e-10,"ENSG00000275234.1"
3672.66265538755,-2.0526847506516,0.315463456166356,-6.506886013349,7.67245841656863e-11,4.39065745745895e-10,"ENSG00000064205.10"
4.37643927101079,2.60689690784212,0.400639727827994,6.5068357598359,7.67502442243874e-11,4.39116982845842e-10,"ENSG00000203812.2"
7.04680197062018,-1.25551870142363,0.193048679826445,-6.50363785213331,7.84005092428946e-11,4.48266039795571e-10,"ENSG00000286606.1"
4.11566378233476,-2.23586693919381,0.343789936824789,-6.50358460123664,7.84282807241086e-11,4.48327301120589e-10,"ENSG00000287958.1"
4204.0155096017,1.63696634142381,0.251719180617424,6.50314504206082,7.86578879571119e-11,4.49444331970593e-10,"ENSG00000084444.14"
36.5030030875783,1.38362402513864,0.212779791703598,6.50261011189458,7.89381998240893e-11,4.5094797743455e-10,"ENSG00000011332.19"
216.392072721111,-2.21101937204075,0.340129606694887,-6.50052017972122,8.00427508434646e-11,4.57059235969938e-10,"ENSG00000131095.13"
17.6941981940039,1.17097726386969,0.180176305381037,6.49906357771799,8.08215027392119e-11,4.61405816246187e-10,"ENSG00000254978.2"
12.5341316803797,-1.14025689979364,0.175498278301424,-6.49725405188993,8.17992646878977e-11,4.66886400229469e-10,"ENSG00000180815.14"
1000.46370251346,1.01552024972166,0.156313034645592,6.49670868475005,8.20962108244325e-11,4.68377860931058e-10,"ENSG00000205155.8"
8.43551470749141,1.52693562654142,0.235054310593255,6.49609710490983,8.24304628752766e-11,4.70182787806808e-10,"ENSG00000272205.1"
168.818717725167,1.90363005505129,0.293299002136134,6.49040754038338,8.56044889987808e-11,4.87863917789236e-10,"ENSG00000055118.16"
171.114634603835,-1.03546739777112,0.159574788752531,-6.48891598645273,8.64561573192319e-11,4.9250403965728e-10,"ENSG00000113248.6"
21.198831871145,-1.57975370784281,0.243470200735933,-6.48848895293026,8.67015126387463e-11,4.93687729245409e-10,"ENSG00000287232.1"
46.3767560166181,1.18721343612957,0.182975131315071,6.48838685124518,8.67602767036385e-11,4.93915337422229e-10,"ENSG00000261342.1"
257.458801885516,-2.17299071384809,0.335040758465704,-6.48575034213495,8.82912637095179e-11,5.02413417480184e-10,"ENSG00000187398.12"
2170.96853478053,1.24072629056302,0.191338511476851,6.48445668875777,8.90521006874753e-11,5.06304437479905e-10,"ENSG00000131242.18"
912.574143591935,-1.22238571191406,0.188626622545217,-6.48045167442378,9.14484415953222e-11,5.19254879864215e-10,"ENSG00000113070.8"
196.30964261642,1.06034978968719,0.163622340130212,6.4804707526084,9.14368783538194e-11,5.19254879864215e-10,"ENSG00000176428.6"
13.8383633168387,2.755735239126,0.425233940284104,6.48051573043503,9.14096230595417e-11,5.19254879864215e-10,"ENSG00000228559.2"
7215.80792999537,-1.53564859070245,0.236979796087877,-6.48008233635665,9.1672578463171e-11,5.20302753687321e-10,"ENSG00000053747.17"
116.635735202756,1.18611238234668,0.183045933146278,6.47986197758798,9.18065613356459e-11,5.20950703399421e-10,"ENSG00000253210.2"
43.0648186723915,1.46076141988342,0.225519415651663,6.47731999332472,9.3366053011141e-11,5.29571285572902e-10,"ENSG00000213057.5"
6.87632136249917,-3.2951254436497,0.508728095350376,-6.47718392942354,9.34502536633688e-11,5.29934512899242e-10,"ENSG00000163737.4"
664.950926410709,1.04841313091651,0.161864642635106,6.47709786305812,9.35035525846127e-11,5.30122384843391e-10,"ENSG00000050344.9"
703.464302675608,-1.13886662918725,0.175858593058653,-6.4760362822157,9.41634143196392e-11,5.33748367905412e-10,"ENSG00000105227.16"
10.8517140432102,2.72692750682262,0.421083896194801,6.47597196536125,9.42035385943175e-11,5.33860674517689e-10,"ENSG00000228561.2"
1660.0257187488,1.10421514901368,0.17059354561423,6.47278386200312,9.62135357553291e-11,5.44781683281574e-10,"ENSG00000117480.16"
1856.27094087592,1.17041330143498,0.180848875073963,6.47177540339308,9.68580215044003e-11,5.48312779931436e-10,"ENSG00000198466.12"
210.763260755646,-2.81014363874608,0.434269175611816,-6.47097191456667,9.73745344466238e-11,5.51118058439935e-10,"ENSG00000123838.11"
637.74059382015,-1.565166240244,0.2419955693372,-6.46774750682759,9.9474527286164e-11,5.6288234126793e-10,"ENSG00000128268.12"
12.1680357610631,-2.41832236135908,0.373922969013505,-6.46743463697662,9.96806341532717e-11,5.63927203634222e-10,"ENSG00000285790.1"
1823.5942133647,-1.8991894337514,0.29368898830016,-6.46666885518489,1.00186865413292e-10,5.66547239785494e-10,"ENSG00000260314.3"
44.0955496327283,1.4799490372504,0.228882297382043,6.46598297106445,1.00642412265268e-10,5.68756216723348e-10,"ENSG00000095752.7"
23.5581139404217,2.41760947802964,0.373978332910823,6.46457097985441,1.01586605536583e-10,5.73968688719592e-10,"ENSG00000170054.16"
10.328215223138,-2.28971736034607,0.354206830977285,-6.46435122108899,1.01734334066265e-10,5.74556346497143e-10,"ENSG00000286878.1"
233.583509302974,-1.48177004906466,0.229284904928247,-6.46257131287543,1.02938606854544e-10,5.81107891444337e-10,"ENSG00000174944.9"
11.0064296406712,-1.49639439713653,0.231563063180564,-6.46214632240247,1.03228206894712e-10,5.82367501614212e-10,"ENSG00000288597.1"
5.83874955468374,1.57814386690916,0.244330486634377,6.4590542451247,1.05359344285794e-10,5.9349871521813e-10,"ENSG00000268034.1"
45466.3011479563,1.6091331435287,0.249145739523259,6.45860188742453,1.05674705305079e-10,5.95147622506687e-10,"ENSG00000141424.13"
10.6108213464139,-4.10460814416439,0.635754397242105,-6.45627959786064,1.07308273562665e-10,6.0408881180576e-10,"ENSG00000183463.6"
12.4427846425851,5.45549982523202,0.845171902803995,6.45489965666454,1.08290630929465e-10,6.09227513559516e-10,"ENSG00000273706.5"
38.7483232040654,2.0423030970417,0.316427133535228,6.45426033546624,1.08748727813907e-10,6.11554163934005e-10,"ENSG00000188282.12"
16.7754801729466,1.42074556878154,0.22014615987708,6.45364683887659,1.09190101278017e-10,6.13893608982116e-10,"ENSG00000196118.12"
12.3657090966534,2.01529153280186,0.312385836176995,6.45128971743782,1.10902254197883e-10,6.2298671710561e-10,"ENSG00000214725.9"
33.4108491693864,2.5075582259071,0.388745535117556,6.45038463309634,1.115666339315e-10,6.2658491586657e-10,"ENSG00000228278.5"
25.3380180785481,-1.43349771490641,0.222309162430126,-6.44821697511892,1.13173666434477e-10,6.35474609819225e-10,"ENSG00000230303.6"
27.5304434056485,-1.39791159106428,0.216851184859503,-6.44640974394479,1.14530767917691e-10,6.42820137507704e-10,"ENSG00000215237.6"
85.4844894203711,1.06058496547435,0.1645444239126,6.44558436108231,1.15155850635378e-10,6.46190516246854e-10,"ENSG00000214309.5"
152.047147413477,1.65589385274038,0.256952144315915,6.44436674054181,1.16084077268654e-10,6.50982267320098e-10,"ENSG00000124256.15"
48.8967070718232,4.57630076300776,0.710196854031116,6.44370745523925,1.16589717055528e-10,6.53538947128921e-10,"ENSG00000139352.4"
4.53189428160896,-1.90386487509286,0.295506032053154,-6.44272762171707,1.17345181458075e-10,6.57353100904525e-10,"ENSG00000249923.1"
186.234929868008,1.8804817942308,0.291947785183638,6.44115793873194,1.18565410925143e-10,6.63764272791579e-10,"ENSG00000147234.10"
1842.9881366306,1.18367130578247,0.183773926056709,6.4409099330947,1.18759335051826e-10,6.64708339544761e-10,"ENSG00000171222.10"
63.6289102525665,-1.04330080078995,0.161984420381717,-6.44074780976721,1.18886272391912e-10,6.65135543539592e-10,"ENSG00000236914.4"
1205.86477722416,2.33803979746716,0.363082934136502,6.43940978120488,1.19938981943913e-10,6.70882358249374e-10,"ENSG00000196542.8"
874.165787856368,1.01412867256694,0.157519166143431,6.43812875217683,1.20955381056062e-10,6.7642366716543e-10,"ENSG00000110660.15"
80.6127662666655,-1.86080319210226,0.289078174063304,-6.43702416528609,1.21838542393323e-10,6.80638522479513e-10,"ENSG00000108823.16"
1554.08811436948,-1.84494531330368,0.286681396901663,-6.43552505758343,1.23047227281187e-10,6.87098644966797e-10,"ENSG00000165457.14"
82.0996211425375,1.2014288804556,0.186765422470089,6.43282286713433,1.25255591806682e-10,6.98836335182939e-10,"ENSG00000121690.11"
1168.94993064323,1.84595366879405,0.287035735330659,6.43109355937006,1.26689146957223e-10,7.06534593385031e-10,"ENSG00000164220.7"
79.7852924466075,1.77002239147091,0.275228491889515,6.4311015887899,1.26682453846432e-10,7.06534593385031e-10,"ENSG00000233930.4"
82.3255300439045,1.76778871264086,0.274890400577189,6.43088557813958,1.26862635051798e-10,7.07352036423731e-10,"ENSG00000175175.6"
218.384118505802,-1.26746401283294,0.197092608796103,-6.43080438467465,1.26930425796086e-10,7.07429879479287e-10,"ENSG00000160539.6"
67.5503335515055,-2.20888712489718,0.343571576507624,-6.42919052661552,1.28285251542003e-10,7.1482924560738e-10,"ENSG00000101542.10"
464.502357463379,-2.69991940733846,0.41997827003326,-6.42871215009443,1.28689554841185e-10,7.16930110098708e-10,"ENSG00000152578.13"
12066.3077633625,-1.60892065914474,0.250296775914303,-6.42805187269215,1.29249639320238e-10,7.19897757976933e-10,"ENSG00000129538.14"
57.4936905543954,2.59468197723073,0.403691816881565,6.42738313913347,1.29819325006066e-10,7.22917614080388e-10,"ENSG00000185028.4"
114.80505265161,2.18250460172543,0.339585983195726,6.42695726480414,1.30183400296299e-10,7.24781878451278e-10,"ENSG00000114757.19"
539.005609994198,-1.11216983825742,0.173048461054971,-6.42692706700308,1.30209253920520e-10,7.24781878451278e-10,"ENSG00000185483.12"
54.7264634682044,1.89116922122026,0.294362850997531,6.42461918958696,1.32200043855871e-10,7.3539596882703e-10,"ENSG00000250982.2"
5.38675373969091,-1.54793019053515,0.24093612666463,-6.42464960304515,1.32173616593662e-10,7.3539596882703e-10,"ENSG00000255993.1"
4.48961118595904,1.49589818905086,0.232868921174513,6.42377772656844,1.32933270477084e-10,7.3931825671174e-10,"ENSG00000232536.1"
4123.70713559928,-1.1270151759001,0.175470800256131,-6.42280752270475,1.33783612127664e-10,7.43732754053199e-10,"ENSG00000123095.6"
184.599331795337,1.17813971180979,0.18346395720983,6.4216412298484,1.34812855575067e-10,7.49296065962161e-10,"ENSG00000158423.17"
6.08445570024431,1.86767345465231,0.29085592376488,6.42130107056745,1.35114498151016e-10,7.50813841311057e-10,"ENSG00000100253.13"
68.6138090786815,-1.44114585805146,0.22443775409,-6.421138296873,1.35259073999656e-10,7.51299556425813e-10,"ENSG00000224420.3"
463.917270086507,1.22270848347836,0.190436198400606,6.4205675903393,1.35767171772135e-10,7.53962464157787e-10,"ENSG00000131116.12"
38.7776966306074,-1.17154115794077,0.182523687779427,-6.41857050004675,1.37559900828176e-10,7.63595445273028e-10,"ENSG00000287917.1"
51.5984893841994,3.15103955045958,0.4909898065174,6.41772906205521,1.38322143282735e-10,7.67502472882291e-10,"ENSG00000173404.5"
13.0686187254397,-1.4123929001347,0.22007976125668,-6.41764100465111,1.38402150978311e-10,7.67784325942157e-10,"ENSG00000272783.1"
8.72072500373091,2.22380185299854,0.346559807315175,6.41679100131806,1.39176780865335e-10,7.71593020093748e-10,"ENSG00000287975.1"
16.5283127141061,4.53528724259825,0.706912060444765,6.41563144324459,1.40240352245513e-10,7.7706513194909e-10,"ENSG00000250387.3"
64.9616566405633,-1.44016832694911,0.224478495079363,-6.41561823746166,1.4025251049941e-10,7.7706513194909e-10,"ENSG00000284669.1"
82.2797347061049,1.13289858485126,0.176615009895898,6.41450908118755,1.41277369741951e-10,7.8257837435141e-10,"ENSG00000176125.7"
227.879593520414,2.14184470158755,0.333944099966958,6.41378213239724,1.41953036147222e-10,7.85989804527825e-10,"ENSG00000168243.11"
3.21498208869583,-3.03254139482093,0.472825699299046,-6.41365602444328,1.42070568850432e-10,7.86474901361573e-10,"ENSG00000235427.1"
4.32703696449404,2.82392234629702,0.440593291321514,6.40936301555332,1.46128876212022e-10,8.08089918442413e-10,"ENSG00000224374.1"
16.4295271255959,1.61054519470529,0.251284355101531,6.40925374782902,1.46233634805702e-10,8.08499128572378e-10,"ENSG00000258429.2"
119.833096418752,-1.42736742371712,0.222754714744039,-6.40779893416517,1.47635426097056e-10,8.15734609950605e-10,"ENSG00000127472.11"
22.7379277793092,1.25933813216148,0.196625530596643,6.40475389101367,1.50612129027224e-10,8.31482713579408e-10,"ENSG00000249602.1"
14.0974094735492,2.59417949159945,0.405097793014276,6.40383516359475,1.5152169830611e-10,8.3632850026833e-10,"ENSG00000238042.5"
18.3401284170672,2.48074202092442,0.387402496009511,6.40352616846205,1.51828817870461e-10,8.37847711296914e-10,"ENSG00000125813.13"
83.296813154187,1.9010298428195,0.296904125316153,6.4028407850353,1.5251221379594e-10,8.41442281152916e-10,"ENSG00000170835.16"
10.8005028161785,-1.98507664560819,0.310035609822535,-6.40273756535403,1.52615394249941e-10,8.41834842070401e-10,"ENSG00000278456.1"
1655.67209555138,1.4467339333126,0.225985726164316,6.40188191470406,1.53473350299786e-10,8.46034718808633e-10,"ENSG00000131037.15"
7.02172803521408,-3.35162627021052,0.523536019094809,-6.40190196656472,1.53453190586413e-10,8.46034718808633e-10,"ENSG00000179914.5"
188.218922814317,-1.92580777094491,0.30082814231657,-6.40168754197981,1.53668902679032e-10,8.4693508870113e-10,"ENSG00000152092.16"
5.37960720830091,1.84322679900245,0.288026904777085,6.39949521531327,1.55891465324113e-10,8.58644441445724e-10,"ENSG00000263740.2"
94.128814778003,-1.49361283707208,0.233420009269347,-6.39882091405702,1.56581360903217e-10,8.62263668548115e-10,"ENSG00000169994.18"
22.5475126226579,2.17833182308363,0.340481914298246,6.39779010751072,1.57641776706361e-10,8.67921336185587e-10,"ENSG00000236039.3"
166.598495739787,-1.44823972809431,0.226416295839615,-6.39635818934248,1.59126478569568e-10,8.75545397262409e-10,"ENSG00000166510.14"
43.0037783923988,1.51542364468558,0.236935053554507,6.39594531054459,1.59557108997278e-10,8.77731070088834e-10,"ENSG00000183850.14"
16.1460447329289,-1.45238079519217,0.22709757625876,-6.39540420958653,1.60123198970062e-10,8.80476602872198e-10,"ENSG00000286864.1"
4.87828582187231,2.77354833521526,0.433683180449503,6.39533295328755,1.60197892096213e-10,8.80703073803988e-10,"ENSG00000277775.2"
5.08767929939441,1.65688503594015,0.259081606033449,6.39522450592742,1.60311635422291e-10,8.81144087293913e-10,"ENSG00000105610.6"
31.0810581170068,-1.38724425848998,0.216943292482144,-6.39450172723899,1.61071728796327e-10,8.84766837969206e-10,"ENSG00000279086.1"
1038.26539831424,1.53505365255918,0.240135436235994,6.39244951357615,1.63249137003326e-10,8.96352687903785e-10,"ENSG00000068615.19"
41.206561961074,1.41000485591564,0.22060962730308,6.39140219378789,1.6437140604345e-10,9.01949485688111e-10,"ENSG00000127578.7"
5869.69643894156,1.00907247730082,0.157895225329124,6.39077258477871,1.65049696189271e-10,9.05293450467194e-10,"ENSG00000172725.14"
8.13716210475726,2.95946201986952,0.463144037692006,6.38993872104552,1.6595224516245e-10,9.10053997882296e-10,"ENSG00000230316.7"
304.801436479876,1.62272433231983,0.254000661695665,6.38866183059053,1.67343666782459e-10,9.17301551138718e-10,"ENSG00000219438.9"
3.65830728067456,-3.29114812015385,0.515276296884602,-6.3871521745758,1.69003441942572e-10,9.25820439353597e-10,"ENSG00000254826.1"
952.789746286645,1.10650268004797,0.173261273431279,6.38632429587241,1.69920462259753e-10,9.30650016677506e-10,"ENSG00000168301.13"
66.9087378068041,2.22737022581256,0.348821469839138,6.38541608932423,1.70932052252047e-10,9.35995429456831e-10,"ENSG00000151025.11"
108.179274218211,-2.10616548109632,0.329857324895004,-6.38508022147674,1.71307641244278e-10,9.37661399930153e-10,"ENSG00000124134.9"
220.546786380333,-1.45848668141755,0.22843661196524,-6.38464503947155,1.7179548917476e-10,9.39940182653912e-10,"ENSG00000171303.7"
19334.2946970291,1.39788517762988,0.219042013729302,6.38181303134578,1.7500355225177e-10,9.56297997377448e-10,"ENSG00000106211.10"
362.119418930415,-2.64557876528898,0.414548826207509,-6.38182669455851,1.74987935110319e-10,9.56297997377448e-10,"ENSG00000256124.6"
1174.10726052295,-2.26814335983586,0.35541058482405,-6.3817552337636,1.75069630332002e-10,9.56460229400614e-10,"ENSG00000007908.16"
7.35632289738069,-1.63678018929672,0.256482621096218,-6.3816416968177,1.75199504384401e-10,9.56970858944222e-10,"ENSG00000246662.6"
48.0124765355394,1.44789180664085,0.226958178492792,6.3795533443922,1.77605213673108e-10,9.69506840328967e-10,"ENSG00000275560.1"
11.5365656413702,-1.94863294383998,0.305465527548021,-6.37922373592106,1.77987848503848e-10,9.71393814384374e-10,"ENSG00000146755.11"
5.68943713251076,2.90112428349239,0.454782681157179,6.379144157624,1.78080349738047e-10,9.71696888626703e-10,"ENSG00000145721.12"
5.60815518911981,-2.53987157930155,0.398206867505931,-6.37827166369429,1.79097615961489e-10,9.76639364716137e-10,"ENSG00000170683.6"
675.262287091546,1.97957553604766,0.310379538736173,6.37791893147418,1.79510486494032e-10,9.78687746734937e-10,"ENSG00000130513.6"
303.963902609597,1.67097382092713,0.262020501073211,6.37726366480095,1.80279941206635e-10,9.8267896612924e-10,"ENSG00000126353.3"
858.167463410505,-1.09497151454489,0.171724244410558,-6.3763361912197,1.8137454917155e-10,9.88030808378244e-10,"ENSG00000243244.7"
59.5539838462282,1.19223283069344,0.186980802012075,6.37623123798797,1.81498823610423e-10,9.88502917483705e-10,"ENSG00000255224.1"
5.47300836107785,5.12252127242985,0.803515143097745,6.37513968023215,1.8279627221707e-10,9.95363003719384e-10,"ENSG00000279994.1"
19.9188456918232,1.02390454929248,0.160622179184009,6.37461497841776,1.83423164410584e-10,9.98362901919196e-10,"ENSG00000275479.1"
15.9566720392748,1.35119941782755,0.21197633628274,6.3742936665595,1.83808091089826e-10,1.00004385555889e-09,"ENSG00000272172.1"
35695.5557291785,1.88079122959269,0.295060601485668,6.37425403501065,1.83855623719397e-10,1.00009544988423e-09,"ENSG00000141736.14"
282.904772089358,1.1242427815487,0.176378522448179,6.37403446827839,1.84119181677661e-10,1.00132186451803e-09,"ENSG00000213190.4"
398.229017708826,1.0777487998508,0.169109841521881,6.37306965787292,1.85281677660379e-10,1.00743558453153e-09,"ENSG00000139354.11"
1912.14993237261,1.1094986225197,0.174150243313032,6.37092777714583,1.87888110384049e-10,1.02055199283619e-09,"ENSG00000125995.16"
42.2409276073934,-2.75705773519632,0.432788806913613,-6.37044602622232,1.88479264226202e-10,1.02312866190035e-09,"ENSG00000198914.5"
6032.94003350557,1.41312698967541,0.221833206899804,6.37022296807747,1.88753592711638e-10,1.0244062421707e-09,"ENSG00000104413.18"
2639.39136891131,-1.05900380296385,0.16627343539613,-6.36904987523037,1.90202756078295e-10,1.03205805961228e-09,"ENSG00000184232.9"
21.2426036345309,-1.71066467258638,0.268620281345142,-6.3683377294524,1.91087791422414e-10,1.03664633844102e-09,"ENSG00000118094.12"
7.18912770670183,1.78067171161196,0.279675645591435,6.36691731897621,1.92865070457557e-10,1.04585630532421e-09,"ENSG00000231651.1"
9.02815826640019,2.2592427793132,0.355017571730289,6.36374917529314,1.96887568707763e-10,1.06722888346357e-09,"ENSG00000186051.7"
91.3968782549052,-1.37118922575632,0.215478087999102,-6.36347407056087,1.97240703571749e-10,1.06892260879997e-09,"ENSG00000246223.9"
7.07633639012978,-1.68068314419043,0.264128750161278,-6.36312080061032,1.97695081848536e-10,1.07072275526621e-09,"ENSG00000258274.1"
27.9648055738485,-1.33568949361043,0.209944425137298,-6.36210984281637,1.99001040659379e-10,1.07757382626517e-09,"ENSG00000197465.14"
20.4737452001303,-1.2641003367413,0.198700689294601,-6.36183166363907,1.99361869639875e-10,1.07930533091956e-09,"ENSG00000175344.19"
81.0707759603322,-1.58774972517094,0.249581759089032,-6.36164169595642,1.99608645806678e-10,1.08041879044125e-09,"ENSG00000247157.7"
683.513322498351,-3.14100158125347,0.493763076256948,-6.36135371859788,1.9998330992559e-10,1.08222386618987e-09,"ENSG00000145451.13"
11081.1385886689,-1.30793006491564,0.205621011823251,-6.36087748678098,2.00604404738341e-10,1.08513813009725e-09,"ENSG00000112769.20"
10.3396481444554,-1.28549923616311,0.202094532600536,-6.36088081959175,2.00600051592757e-10,1.08513813009725e-09,"ENSG00000258623.1"
42.230330555453,1.80812414486058,0.284269048396828,6.36060856803698,2.00955956844572e-10,1.08681612545324e-09,"ENSG00000205436.7"
73.26781338879,2.72830623096256,0.429084085845148,6.35844190210116,2.03810440991506e-10,1.10134737479867e-09,"ENSG00000043355.12"
81.8364803499038,1.01122072043538,0.159058101118056,6.35755559337929,2.04989494248696e-10,1.10703592908007e-09,"ENSG00000223612.3"
11.2307584069465,-2.83811961795609,0.446433221589,-6.357321724074,2.0530171917925e-10,1.1082666639777e-09,"ENSG00000004939.15"
6.45420504379257,-2.73794253139513,0.430713693614093,-6.356757567704,2.06056803889603e-10,1.112114380582e-09,"ENSG00000258743.6"
5.27311376451842,-2.40216108136458,0.377983352952113,-6.35520337761781,2.08151040562213e-10,1.12318660442152e-09,"ENSG00000249797.2"
1080.22063863368,-1.20877523151917,0.190257934469479,-6.35334991357788,2.10675736458846e-10,1.13634333205095e-09,"ENSG00000161544.10"
217.433604548996,1.88351903364925,0.296498640141807,6.35253852344288,2.11790362718924e-10,1.14212102866315e-09,"ENSG00000127129.10"
63.6715329795165,-2.26178702088116,0.356067610583007,-6.35212794889664,2.12356571850331e-10,1.14493951477212e-09,"ENSG00000006128.12"
34.2868484523972,2.87455493757327,0.452722767487665,6.34948172261204,2.16041531261793e-10,1.16432963044596e-09,"ENSG00000229314.5"
1454.80429991946,1.02126644235063,0.160876637884374,6.34813392286728,2.17942323028317e-10,1.17433292711691e-09,"ENSG00000026297.16"
7.60382776993308,1.86881315030638,0.294470837174837,6.34634372705913,2.20492300141276e-10,1.1875859870724e-09,"ENSG00000251635.2"
16.9342493048672,-2.98947158897456,0.471072813504842,-6.34609237313551,2.2085265700126e-10,1.18928318717909e-09,"ENSG00000255021.1"
2292.06352152541,1.00760254911012,0.158781249535298,6.34585350637465,2.21195644572868e-10,1.19064229407194e-09,"ENSG00000167747.15"
63.1394960708263,2.47681941445782,0.390304178032051,6.34586959060026,2.21172532985619e-10,1.19064229407194e-09,"ENSG00000234602.9"
2.99368521027261,-2.17038649593402,0.342097681228487,-6.34434728741825,2.23370432555146e-10,1.20161040713866e-09,"ENSG00000207087.1"
88.4670959815791,-1.09278769622017,0.172260689352341,-6.34380194534686,2.24162975626678e-10,1.20562710279754e-09,"ENSG00000134072.11"
20.3213327404913,-1.70819863658874,0.269290168024031,-6.34333829980862,2.24838949360387e-10,1.20901533244444e-09,"ENSG00000126467.11"
22.4096238970507,1.58410536730455,0.249887951859508,6.33926267959953,2.30867331100488e-10,1.24041637993566e-09,"ENSG00000275484.1"
2791.85552932622,1.46545990286667,0.231182985130527,6.33896089731371,2.31319932284502e-10,1.24259413451172e-09,"ENSG00000089127.14"
2.8606317834957,4.02220959932824,0.634553731504795,6.33864304885558,2.31797565995939e-10,1.24490544026099e-09,"ENSG00000258387.1"
211.888438962385,1.87162564480202,0.295395774105251,6.33599329736908,2.35817039738554e-10,1.26545836514662e-09,"ENSG00000223572.10"
6547.33322339898,-1.0436179882854,0.164723510536048,-6.33557398630729,2.36459310928253e-10,1.26838704662004e-09,"ENSG00000139318.8"
368.838919073396,-1.41632275513446,0.223563477716549,-6.33521525787941,2.37010141802776e-10,1.2710823438368e-09,"ENSG00000198483.13"
5.93366944852637,-1.37522493922314,0.217097782817353,-6.33458767462466,2.37976817599363e-10,1.2760062574014e-09,"ENSG00000227176.1"
1390.88435210313,-1.2227200651166,0.193028178905328,-6.33441227105135,2.38247682190844e-10,1.27693761800656e-09,"ENSG00000183801.8"
5.1273961217196,-1.77525282266043,0.280311395589209,-6.33314538971517,2.40213008326206e-10,1.28720870761386e-09,"ENSG00000240687.2"
3.48423595656791,1.70990586379052,0.270010224283377,6.33274487411992,2.40837620183797e-10,1.29029270462921e-09,"ENSG00000285649.1"
5.18716574767592,2.21897195545138,0.350456410418047,6.33166319544404,2.42532457207827e-10,1.29910803041584e-09,"ENSG00000286591.1"
14790.8827051455,1.02946785201675,0.162623117955104,6.33039056784634,2.4454140313715e-10,1.3093351476995e-09,"ENSG00000102265.12"
68.0064205617587,1.36040202373778,0.214911904341379,6.33004499172292,2.45089723136079e-10,1.31200372360666e-09,"ENSG00000280079.1"
46.5241128843833,-1.40969733507246,0.222701269321168,-6.3299923676657,2.45173326154332e-10,1.31218401642037e-09,"ENSG00000280073.1"
3.16323161044965,-2.5981173855614,0.410487625429174,-6.32934399141755,2.4620567993161e-10,1.31690478048889e-09,"ENSG00000286695.1"
33.0102161205933,1.35520829942858,0.214117599834567,6.32927092623701,2.46322281178278e-10,1.31726039440282e-09,"ENSG00000182183.15"
2133.09060417126,-1.03242181470957,0.163154001054027,-6.32789761844513,2.48523938452706e-10,1.32849363398229e-09,"ENSG00000165868.16"
78.2587669456586,-1.67390095869423,0.264528569771939,-6.32786454838268,2.48577191945689e-10,1.32850811571787e-09,"ENSG00000280241.4"
19.8027589839714,2.52712092261065,0.399376639227901,6.32766334930413,2.48901427772794e-10,1.32997054840011e-09,"ENSG00000166407.14"
16.0579972400382,1.67083713989621,0.264205431748061,6.32400753020655,2.54865296449479e-10,1.36128418042636e-09,"ENSG00000130055.14"
309.485314094421,1.87998148859343,0.297296465815793,6.32359178382657,2.55552292899534e-10,1.3646762427004e-09,"ENSG00000259495.3"
13.0949809085913,-2.84610389916401,0.450126945384954,-6.32289163833547,2.56713331896253e-10,1.37059785000226e-09,"ENSG00000287373.1"
61.7654621772212,-2.25692322614439,0.356957156085577,-6.32267258876108,2.57077634847755e-10,1.37178216946947e-09,"ENSG00000225950.8"
12.827997838279,2.1326364020874,0.337312576607026,6.32243370092885,2.57475506536343e-10,1.3735510886546e-09,"ENSG00000233532.6"
3.46412711103477,-2.37235701663451,0.375293341592728,-6.32134054541532,2.59303861262753e-10,1.3830240847058e-09,"ENSG00000267079.1"
6.95796072626283,2.47003817015255,0.390788240591945,6.32065633912389,2.60454674412662e-10,1.38888023174324e-09,"ENSG00000260009.1"
5.32566019436848,-1.38347811472114,0.218886195351635,-6.32053616948579,2.60657310236795e-10,1.38967885238619e-09,"ENSG00000286507.1"
548.729127424434,2.26509091593601,0.35837540670262,6.32044184275062,2.60816476370346e-10,1.39024544005641e-09,"ENSG00000163064.7"
214.022900739916,-1.78144652003676,0.281870985700302,-6.32007766110017,2.61431884588191e-10,1.39296080569958e-09,"ENSG00000149970.16"
4.72972535759046,-2.06310934176495,0.326445232028853,-6.31992487359288,2.61690492905173e-10,1.39405612393992e-09,"ENSG00000227117.6"
50.7471026774428,2.00193470602706,0.316799169021132,6.31925491538622,2.62827417676694e-10,1.39954534971925e-09,"ENSG00000204624.8"
95.4196385373991,-1.01100385658727,0.16003178460046,-6.31751910479143,2.65795590854634e-10,1.4144910528494e-09,"ENSG00000169629.12"
8.87317470489758,-2.42339355881961,0.383688319953379,-6.31604725187899,2.6833803333747e-10,1.42773215956317e-09,"ENSG00000274080.1"
5.8171761914819,1.73543509543152,0.274881505529036,6.31339344599233,2.72982303064236e-10,1.45068072255163e-09,"ENSG00000223599.1"
7.54721626780643,1.82760424784696,0.28948028954095,6.31339788537978,2.72974468788171e-10,1.45068072255163e-09,"ENSG00000228719.1"
8.19355448592822,-1.86174039544936,0.294886360426248,-6.31341643865208,2.72941729832756e-10,1.45068072255163e-09,"ENSG00000279622.2"
16424.1083422597,1.49996564091656,0.237597036408882,6.31306544722746,2.73561736898177e-10,1.45346607896335e-09,"ENSG00000038427.16"
51.6466543722153,1.46629631801907,0.232316853228503,6.31162267240614,2.76124798052119e-10,1.4664910470806e-09,"ENSG00000125531.7"
469.923315830728,-1.31772927612529,0.208812811546998,-6.31057676185114,2.77997485027814e-10,1.47554238620175e-09,"ENSG00000138678.11"
3.36459727539929,-2.53441241567696,0.401632211312022,-6.31028175603179,2.78527927224364e-10,1.47805936587223e-09,"ENSG00000170484.10"
15.6734952803434,1.18898687294207,0.188433467270697,6.30984978498546,2.79306426713939e-10,1.48189142506039e-09,"ENSG00000273391.1"
6.76081278007716,1.8313480896975,0.290285060649103,6.30879207356536,2.81221619971661e-10,1.49145057694414e-09,"ENSG00000224885.1"
5.31409182473536,-1.82576402552643,0.289428146119548,-6.30817717628715,2.82340900296457e-10,1.49678261867529e-09,"ENSG00000224222.2"
673.957043128607,1.3366199136664,0.211904144789547,6.30766290576274,2.83280352298629e-10,1.50146012902141e-09,"ENSG00000185101.13"
2599.53399623642,-1.03885858093255,0.164735340370249,-6.30622778693192,2.85918153431325e-10,1.51513563403003e-09,"ENSG00000157827.20"
69.4359246537652,1.47703144040536,0.234222297186745,6.30610944451512,2.86136738542049e-10,1.5159883160329e-09,"ENSG00000197670.6"
594.180129526764,1.14564332868292,0.181723430438697,6.30432369627421,2.89454993879358e-10,1.53325978620013e-09,"ENSG00000102302.8"
50.7026259978789,2.20265543252942,0.349421012896441,6.30372917264203,2.90568045665224e-10,1.53822568222855e-09,"ENSG00000166342.19"
22.7062785193042,1.78939562903051,0.28388354918769,6.30327341669047,2.91424129240374e-10,1.5424470022058e-09,"ENSG00000233028.1"
3.03214365423961,2.94638316850013,0.467477863220428,6.30272233256708,2.92462565581022e-10,1.54732006315048e-09,"ENSG00000277619.1"
4.20957860338538,-2.20993614341286,0.35065873169786,-6.30224187691702,2.93370860785674e-10,1.55181318271094e-09,"ENSG00000286735.1"
142.803957239165,-1.12526899400065,0.178594994833098,-6.30067485963002,2.96352471481334e-10,1.56695400531389e-09,"ENSG00000152784.16"
93.2473926974394,1.44346239206756,0.229146542925015,6.29929814188782,2.9899639713674e-10,1.5799801572863e-09,"ENSG00000226791.7"
304.655610500681,1.15736315731118,0.183730377991179,6.2992476800257,2.99093743242682e-10,1.58017687384737e-09,"ENSG00000183484.12"
357.596557177942,1.51681847431509,0.240832315272327,6.29823482201676,3.01054207890476e-10,1.58861851037809e-09,"ENSG00000130701.4"
25.8184002053297,2.31284894902376,0.367233564616202,6.29803256529922,3.01447191658403e-10,1.59037293969279e-09,"ENSG00000261235.1"
34.2729383276782,2.37762568366884,0.377571002499299,6.29716177336277,3.03144864578171e-10,1.59900855319539e-09,"ENSG00000156564.9"
56.1639209266326,1.23098746296232,0.195519892362438,6.29597044110693,3.05482585809139e-10,1.6110161086291e-09,"ENSG00000213638.6"
18.2473808745379,-1.29983913923328,0.206500385950259,-6.29460876429733,3.08176132415767e-10,1.62489497781666e-09,"ENSG00000287814.1"
5606.9665642039,1.58281546168856,0.25157111086815,6.29172187627747,3.139636423022e-10,1.65408305758088e-09,"ENSG00000085831.15"
34.5090767289681,1.58850078234575,0.252478930214677,6.29161720938487,3.14175455456769e-10,1.65486726878271e-09,"ENSG00000226979.9"
6.46592758816958,-2.12891855994196,0.338394620162509,-6.29123051341532,3.14959218237269e-10,1.65866321221166e-09,"ENSG00000285095.2"
984.572195917839,-1.18889535735158,0.188996253416906,-6.29057632549469,3.16289487835755e-10,1.66517667311731e-09,"ENSG00000134775.15"
63.6857390022674,2.03437027778177,0.32340050436744,6.2905600031791,3.16322748777762e-10,1.66517667311731e-09,"ENSG00000235978.6"
765.092441584355,-1.19243614155313,0.189594850722883,-6.28939096714196,3.18713865220286e-10,1.67675645185148e-09,"ENSG00000149289.11"
17.7116960131432,2.01963129451034,0.321123665737559,6.28926332748362,3.18976002321037e-10,1.67779972883853e-09,"ENSG00000213538.5"
3463.5369520205,-1.08079834539487,0.171936227231847,-6.28604199821988,3.25661878246277e-10,1.71125485962118e-09,"ENSG00000167191.12"
6.83870890216198,-1.96369937596468,0.312392230337393,-6.28600581340909,3.25737751607699e-10,1.71131142579588e-09,"ENSG00000236708.1"
26.0622526171859,-1.18847754416333,0.189089793947913,-6.28525484823742,3.27316299007711e-10,1.71926091189422e-09,"ENSG00000234409.7"
49.729459287836,2.17741269237427,0.34654822192357,6.28314489766589,3.31791548595685e-10,1.74102796232561e-09,"ENSG00000283526.1"
23.7280944937974,-1.87331218874684,0.298181476530863,-6.28245661179741,3.3326429883081e-10,1.74840695218942e-09,"ENSG00000182674.6"
81.4378661918387,1.39783844855232,0.222574245259648,6.28032433366961,3.37867443003058e-10,1.7707892067582e-09,"ENSG00000162490.7"
5592.64477269461,2.75925749767911,0.439352269522621,6.28028506755452,3.37952789794534e-10,1.77088339851665e-09,"ENSG00000211892.4"
2177.62239333229,-1.12148118377036,0.178669524305716,-6.27684653064519,3.45508814573161e-10,1.80867430436984e-09,"ENSG00000148339.12"
687.93946211863,-1.14726047807038,0.182836928221416,-6.2747744081603,3.50141590611336e-10,1.83183152221902e-09,"ENSG00000107282.8"
3.97057849797446,-2.03504503890545,0.324339799035917,-6.27442282740051,3.50933637202445e-10,1.83560989457295e-09,"ENSG00000270823.1"
390.219099659753,1.06189381734248,0.169250169762987,6.27410784183866,3.51644726986713e-10,1.83823190217159e-09,"ENSG00000174276.7"
12.4933547950791,1.30647712033052,0.208262677327028,6.27321773204233,3.5366179083044e-10,1.84767372494281e-09,"ENSG00000257086.1"
23.4263829321362,1.18383031793405,0.188725775048801,6.27275377530141,3.5471762985363e-10,1.85282157851209e-09,"ENSG00000265750.1"
120.058421756731,1.49812560839949,0.238945983910148,6.269724997608,3.61686314914525e-10,1.88847101732487e-09,"ENSG00000261437.1"
1193.01446109273,1.04170084112642,0.166152470817603,6.26954769917306,3.6209836254465e-10,1.89024694361938e-09,"ENSG00000105518.14"
8.67359912351579,-1.36646701643636,0.217955586744507,-6.26947460648563,3.62268365831573e-10,1.89075888155621e-09,"ENSG00000221970.2"
6.91814957481234,1.47481951023848,0.235308034560434,6.26761220879481,3.66626423767692e-10,1.91198589728373e-09,"ENSG00000175779.4"
1170.82400015961,-2.15250725317182,0.343436847422716,-6.26754895208559,3.66775341276603e-10,1.91238307282568e-09,"ENSG00000119508.18"
8.0967470388571,-1.82361219978771,0.290993614338685,-6.26684610908753,3.68433936652382e-10,1.92065005770948e-09,"ENSG00000267505.1"
16.65999842808,-1.90045317666262,0.303295610624939,-6.26600949729125,3.70417751683484e-10,1.93060880135806e-09,"ENSG00000245857.3"
18.7776989632497,-1.05284084730065,0.168029661441129,-6.26580353891584,3.70907727674703e-10,1.93239617724517e-09,"ENSG00000285676.1"
15.7667054816662,-1.12236428571891,0.179143775455414,-6.2651592714604,3.72444532067602e-10,1.94001824828871e-09,"ENSG00000205832.7"
56.8889306223695,1.75270543044404,0.279844532010492,6.26313981499672,3.77302035602628e-10,1.96415264483649e-09,"ENSG00000125245.13"
63.443448360091,1.47886428797854,0.236180951432796,6.26157308202456,3.81113131522328e-10,1.98320680042227e-09,"ENSG00000238098.9"
106.310776184156,-1.12921061777034,0.180359836097715,-6.26087626936278,3.82820185995831e-10,1.99169552033144e-09,"ENSG00000144596.13"
3.74927205189004,2.62841936556098,0.419882673883595,6.25989003368512,3.85249035041186e-10,2.00376732223638e-09,"ENSG00000273980.1"
4.93621807588177,3.29496010833843,0.526418725572533,6.25920004033829,3.86957251607886e-10,2.01202460954732e-09,"ENSG00000224260.6"
213.235639967292,-1.34446354754253,0.214804682272152,-6.25900484719939,3.87441831526484e-10,2.01414578715232e-09,"ENSG00000163749.17"
127.882129663764,1.40806309394778,0.224970784890701,6.25887087797585,3.87774761782775e-10,2.01507944616419e-09,"ENSG00000185522.9"
242.655761962929,-1.20352807611673,0.192327629955039,-6.25769722425262,3.90703403582099e-10,2.02989686889739e-09,"ENSG00000205403.13"
1669.69281031803,1.02617642788129,0.164001158523401,6.2571291393339,3.92128701371455e-10,2.03689936498959e-09,"ENSG00000110080.20"
36.743284320133,-2.21199167723744,0.353520683279976,-6.25703609959823,3.92362616818308e-10,2.03771172109315e-09,"ENSG00000166091.21"
44.7989978202211,-2.91014392103879,0.465105776594146,-6.25695071419892,3.92577408012587e-10,2.03842445519613e-09,"ENSG00000260877.2"
9.93662074831107,-2.43665911226431,0.389531372538679,-6.25536037414383,3.96599029882903e-10,2.05808665378919e-09,"ENSG00000287616.1"
73.6657325154178,2.9302563372174,0.468547398971475,6.25391655924184,4.00284932609387e-10,2.0768040206682e-09,"ENSG00000109182.12"
7.49828085426907,4.3400703850269,0.694001309605794,6.2536919238555,4.00861400361744e-10,2.07938445768859e-09,"ENSG00000175766.13"
6.26066357409897,2.8145035516685,0.450080412510604,6.25333490068775,4.0177927457928e-10,2.08373450138946e-09,"ENSG00000178395.7"
10.9984757782224,-1.64356020132228,0.262844583683667,-6.25297344266491,4.02710640331654e-10,2.08774092119866e-09,"ENSG00000230918.2"
816.749484318916,1.61576356589853,0.258438918060893,6.25201335008617,4.05194748101013e-10,2.09979076480422e-09,"ENSG00000187486.5"
5.89353843736464,-1.34792071424083,0.215637686234683,-6.25085873335636,4.08201976211481e-10,2.11495776517693e-09,"ENSG00000277130.1"
19.295338467025,-1.78127651489447,0.285067090069809,-6.24862208562291,4.14089485410227e-10,2.14450451249078e-09,"ENSG00000229167.2"
192.84342568411,1.3589698559088,0.217483912327728,6.24859945438613,4.14149478975924e-10,2.14450451249078e-09,"ENSG00000254231.3"
27.9308946285634,2.2919673182093,0.366794582222143,6.24864005439756,4.1404185769378e-10,2.14450451249078e-09,"ENSG00000259087.5"
27.4027036008246,-1.18625965101562,0.189848585996048,-6.24845133711088,4.14542335343726e-10,2.14611596261069e-09,"ENSG00000181585.7"
34.6306507690493,1.67580476045104,0.268213043251156,6.24803603932789,4.15645784308658e-10,2.15098125512281e-09,"ENSG00000102970.11"
14.7093544773992,1.4759155330011,0.23628361889937,6.24637264265734,4.20094251245225e-10,2.17186414235435e-09,"ENSG00000188501.11"
5205.8410086451,1.07337692268165,0.171859764871535,6.24565571519316,4.22025850187618e-10,2.18099241964832e-09,"ENSG00000071073.13"
158.219726425442,-1.41407417341583,0.226437998615579,-6.2448625321781,4.24173004572957e-10,2.19165780463841e-09,"ENSG00000175556.17"
58.7237953098303,-1.08860866063265,0.174375502179165,-6.24289907141971,4.29534084650815e-10,2.21892175333373e-09,"ENSG00000232653.8"
63.7740530427336,1.436511203863,0.230128209180976,6.24222127732853,4.31400061523469e-10,2.22768550433848e-09,"ENSG00000249684.6"
35.3033742560175,-2.59644585964411,0.416027461844052,-6.24104439676961,4.34658844424656e-10,2.24275089651701e-09,"ENSG00000274209.4"
72.9914732503251,-1.79056525207855,0.286904568147199,-6.24097853736466,4.34841917367289e-10,2.24325514349005e-09,"ENSG00000146005.4"
8.71040785004535,1.7317952547638,0.277492903743839,6.24086321271288,4.35162672828936e-10,2.2444693274403e-09,"ENSG00000214207.2"
54.5981454216754,1.71917987380874,0.275510253525502,6.23998508879311,4.37612607492109e-10,2.25622004223668e-09,"ENSG00000166268.11"
475.260622382926,1.56768330943227,0.251445211966689,6.23469143504693,4.52669459063375e-10,2.3297364523246e-09,"ENSG00000158089.15"
5.80456968160076,2.83489848192006,0.454854883261519,6.23253390530301,4.58950164446534e-10,2.36067438792812e-09,"ENSG00000163518.11"
7.62144285341111,-1.71176713162057,0.274653408966912,-6.23246271750006,4.59158839523863e-10,2.36128564626203e-09,"ENSG00000253796.2"
197.029294790836,1.31472068789427,0.210969046251643,6.23181794321653,4.61053109674736e-10,2.37056336750602e-09,"ENSG00000079263.19"
2198.53315321928,3.29313848523176,0.528450791866397,6.23168426638356,4.61446789829347e-10,2.37165964487183e-09,"ENSG00000169347.17"
97.0033137747082,1.90585173431836,0.305921147031652,6.22987901559212,4.66795520185337e-10,2.39727500049852e-09,"ENSG00000167889.13"
227.511033084039,-1.1640188599873,0.186856668948553,-6.22947453006234,4.68002231911819e-10,2.40300266918739e-09,"ENSG00000130224.15"
12.2638431897381,1.24139253512993,0.199357160315394,6.22697741664247,4.75519632021384e-10,2.43874302596099e-09,"ENSG00000178146.9"
462.40716039805,-1.21842547210105,0.195686561492176,-6.22641362191731,4.77233137712084e-10,2.44657612475608e-09,"ENSG00000104043.15"
17.262738462068,-1.00641150490175,0.161663939177708,-6.22533083148158,4.80540911141926e-10,2.4620930425837e-09,"ENSG00000267543.1"
1338.4234024366,1.72959679318423,0.277854661726835,6.22482553445382,4.82092170119844e-10,2.46955965687585e-09,"ENSG00000157388.19"
237.521914392989,1.20900502595704,0.194246786470495,6.22406706399069,4.84429848054247e-10,2.48056772379852e-09,"ENSG00000177181.15"
13.9464598833662,4.37301730374237,0.702629792569252,6.22378576882129,4.85299635731925e-10,2.48453751959055e-09,"ENSG00000145920.15"
117.657536045552,-1.51558017474745,0.243538542870653,-6.22316351606158,4.87229110601874e-10,2.49295891435851e-09,"ENSG00000100276.10"
3281.79004340329,1.04388903735898,0.16777005429623,6.22214161959912,4.90414051758043e-10,2.50779045455416e-09,"ENSG00000175550.8"
86.8762746722052,-1.57312730378796,0.252889439955585,-6.2206128657023,4.95216681906138e-10,2.53185669465492e-09,"ENSG00000007174.18"
2729.48367237954,1.11135769394335,0.178664531322761,6.22035994338272,4.96015658327041e-10,2.53446259009874e-09,"ENSG00000111110.12"
1718.90078041915,1.98798059765255,0.319617865290514,6.21986695219803,4.97576624901233e-10,2.54194441378115e-09,"ENSG00000171236.10"
393.505459815231,1.24217744906846,0.199720971908864,6.21956441126917,4.98536938232137e-10,2.54586067310929e-09,"ENSG00000143851.15"
267.825484342043,1.52019137830407,0.244459380902606,6.21858475093547,5.01658964708534e-10,2.56130618267271e-09,"ENSG00000170684.9"
36.5792032053637,1.10355156879839,0.177540170933326,6.21578521073309,5.10686211522011e-10,2.60638376381447e-09,"ENSG00000284308.1"
3572.60562013574,1.32950434260691,0.213937795824767,6.21444349036806,5.15068656384883e-10,2.62772992321822e-09,"ENSG00000162745.10"
19.1518585243342,1.73701205117326,0.279562837458611,6.21331528526364,5.18782086179954e-10,2.6461611397543e-09,"ENSG00000236841.8"
120.962903069245,-1.21117811103714,0.194992593623635,-6.21140571818277,5.25126947545418e-10,2.67800479031505e-09,"ENSG00000119737.6"
347.488709980172,-1.02028587710764,0.164280785262652,-6.21062210943541,5.27752478376624e-10,2.690872190427e-09,"ENSG00000141622.14"
28.6034826768207,3.48851128492474,0.561777969424912,6.20976876059398,5.3062624935425e-10,2.70395120938874e-09,"ENSG00000265766.3"
451.966829561638,-1.11622192476222,0.179755839707888,-6.2096559787773,5.31007198455442e-10,2.70536794033782e-09,"ENSG00000109743.11"
130.744904290306,-1.05248343372692,0.169546798429533,-6.20762788490135,5.37903325629334e-10,2.73944022686328e-09,"ENSG00000117245.13"
23.8464311647481,1.6790687973776,0.270549598048176,6.2061404248644,5.4301661280255e-10,2.76280461689939e-09,"ENSG00000227619.3"
11.4715486206553,1.5800259108853,0.254595440186634,6.20602595917291,5.434120592416e-10,2.76428151056826e-09,"ENSG00000198569.10"
5.60541645278977,-2.51402141327594,0.405140127862357,-6.20531327405331,5.458805131318e-10,2.77576386286636e-09,"ENSG00000250282.1"
160.343630227855,1.51573892656133,0.244277272314458,6.20499366232532,5.46991069910617e-10,2.780872975151e-09,"ENSG00000158714.11"
5966.77002031382,-1.82397357958856,0.293974860554155,-6.20452230558181,5.48632920407186e-10,2.78868065750967e-09,"ENSG00000116741.8"
36.8895736599984,1.18371355019273,0.190792992084399,6.2041772984466,5.49837711586786e-10,2.79426419399596e-09,"ENSG00000273002.1"
11.3710582055351,1.97619238776767,0.318562589468739,6.20346661252135,5.52327623072956e-10,2.80637526480758e-09,"ENSG00000227066.2"
34.9229483352928,-2.32030207677203,0.374218107343584,-6.20040033135455,5.63197172472878e-10,2.85773638634694e-09,"ENSG00000073734.10"
7.17261465798889,1.90201741633372,0.306768091421584,6.20018010191229,5.63985840197251e-10,2.86118583743381e-09,"ENSG00000267123.7"
1337.9995335812,-1.00644507290019,0.162326618147019,-6.20012345719327,5.64188865823035e-10,2.8616634792151e-09,"ENSG00000276550.4"
9.68025556548484,1.05196213916011,0.169669647088305,6.20006086658867,5.64413285591176e-10,2.862249430538e-09,"ENSG00000230457.3"
7.93967447586937,1.19196070224555,0.19225765353252,6.1998088520514,5.653177701443e-10,2.86628323118688e-09,"ENSG00000254481.1"
6.55458413401152,-1.61984169672277,0.261278841479633,-6.19966656140063,5.65829078325061e-10,2.86832237120461e-09,"ENSG00000275569.1"
999.010381136249,1.73124909440616,0.279281946560573,6.19892948945295,5.68484909214362e-10,2.88002276729399e-09,"ENSG00000232629.9"
9.30561047564123,-1.10376275520299,0.178083737185594,-6.19799860810806,5.71856464322935e-10,2.89496827971187e-09,"ENSG00000242628.6"
93.9554940031545,1.65626378013928,0.267312118123424,6.19599212997349,5.79190206906214e-10,2.93153002085941e-09,"ENSG00000167971.16"
8.23205739802989,3.51627057711707,0.567599087476594,6.19498983472567,5.82887919500458e-10,2.94910992803658e-09,"ENSG00000218281.1"
44.1691582179257,1.3348124973261,0.215472499138368,6.19481605617306,5.83531369988308e-10,2.95179725342046e-09,"ENSG00000235770.6"
6764.9585968995,1.60454624253502,0.259024252083444,6.19457919337267,5.84409519014262e-10,2.95567054026763e-09,"ENSG00000052344.16"
3636.18313686017,1.09752118081002,0.177176641220631,6.19450269092368,5.84693420842918e-10,2.95653749007989e-09,"ENSG00000172292.15"
1727.55822806497,1.96852300994547,0.31782497775014,6.19373286480032,5.87557758904933e-10,2.97044972784329e-09,"ENSG00000162949.16"
1451.28650604934,1.69937259047698,0.274390262016462,6.19326858755296,5.89291836814559e-10,2.97864358439113e-09,"ENSG00000143502.15"
122.485744262825,-1.79383168003129,0.289643932113451,-6.19323065718034,5.89433727398301e-10,2.97878794288347e-09,"ENSG00000119121.22"
10.3375067209382,1.78628781968141,0.288433396484553,6.19306863023773,5.90040215981602e-10,2.98127970720116e-09,"ENSG00000184524.6"
206.590228290304,1.04896911208609,0.169390055986885,6.19262509817761,5.91703532409975e-10,2.98910929192077e-09,"ENSG00000269313.5"
27.6279910088352,-2.10877406618829,0.340615084432055,-6.19107656287298,5.97546737018678e-10,3.01804735507282e-09,"ENSG00000287647.1"
6.50599381297335,-1.57448245404827,0.254339410581474,-6.19047771813525,5.99821466926254e-10,3.02837253874177e-09,"ENSG00000258535.1"
6389.7099521325,1.61225715596236,0.26044752954776,6.19033384099239,6.00369246199369e-10,3.03055603362862e-09,"ENSG00000157601.14"
5.82940638351456,3.69661160854642,0.597239078568567,6.18950055546646,6.03551402904597e-10,3.04603400037335e-09,"ENSG00000268100.1"
249.847776889935,-1.96623457501959,0.317677282259461,-6.1894088272062,6.03902699308525e-10,3.04722183694092e-09,"ENSG00000158458.21"
47.0543358904408,-1.22100784318769,0.19728202963937,-6.18914883134407,6.04899503240021e-10,3.05166574724774e-09,"ENSG00000226314.8"
272.249854385655,1.64033285749264,0.265049698029119,6.18877467014669,6.0633682624684e-10,3.05806940429163e-09,"ENSG00000078589.13"
10.0642693456525,2.5819768929585,0.417280489289472,6.18762908698411,6.10758282444411e-10,3.07826858979269e-09,"ENSG00000187621.15"
125.0813118252,-3.90602378801546,0.63127350155657,-6.18753009334962,6.11141828404447e-10,3.07961116138468e-09,"ENSG00000250538.6"
80.4215059005663,-1.4926689976683,0.241302205421043,-6.18589040686045,6.17529002034157e-10,3.11120036217477e-09,"ENSG00000215187.12"
8.71628019790769,1.86447014027269,0.301509137026194,6.18379316349111,6.25793517946433e-10,3.1516299723518e-09,"ENSG00000285570.1"
7.58364793780164,-1.49317755397354,0.241490097130954,-6.1831833756886,6.28216665226227e-10,3.16262149565335e-09,"ENSG00000260266.1"
164.773795374,1.35368933242906,0.218938044965228,6.18297899135828,6.29030884967186e-10,3.16611409047827e-09,"ENSG00000172382.10"
14.5109594924678,1.38480561931683,0.224016283744957,6.18171856155528,6.34074946047806e-10,3.18967002524795e-09,"ENSG00000287016.1"
15.7961658493419,-1.69279934242107,0.273874172564874,-6.18093822636775,6.37217492198521e-10,3.20486501434097e-09,"ENSG00000223403.6"
39.36758290825,-1.02767966249395,0.166274977832871,-6.18060321455529,6.38571300820907e-10,3.21105951229706e-09,"ENSG00000239653.1"
2156.08887432386,-1.66524825715672,0.269468829350371,-6.17974353906261,6.42058168607583e-10,3.22735836750463e-09,"ENSG00000064300.9"
115.700354642929,1.92896963659022,0.312145909353593,6.17970499944985,6.42214920629705e-10,3.22752905809391e-09,"ENSG00000204338.8"
22.4379808810777,-2.61814113046899,0.423685613521918,-6.17944307503267,6.43281234424298e-10,3.23226992269322e-09,"ENSG00000228695.10"
2.98513095931961,-2.08208095077053,0.336959369775221,-6.17902672408084,6.44979786283919e-10,3.24018514959605e-09,"ENSG00000272508.1"
1357.03690420207,-1.0893242775228,0.176295306050943,-6.17897493656484,6.45191365183017e-10,3.24062867236201e-09,"ENSG00000145990.11"
46.2536011443599,-2.20371265840611,0.356758494558163,-6.17704327162654,6.53131770417703e-10,3.27925796631498e-09,"ENSG00000233725.7"
3996.74162895391,1.214677034024,0.196764043636433,6.17326728794209,6.68929813973617e-10,3.35601283269375e-09,"ENSG00000121966.7"
256.556466799625,2.50533737294884,0.405853587179657,6.17300783358562,6.70028908226541e-10,3.36088546256229e-09,"ENSG00000167653.5"
27.2724051625459,-2.11855192991093,0.343207567231533,-6.17280075436602,6.70907396239561e-10,3.3646498765046e-09,"ENSG00000269994.3"
3458.10394827917,-1.20122226751297,0.194645900623541,-6.17132065799945,6.77219180401121e-10,3.39436097209441e-09,"ENSG00000127951.8"
23.926472965684,-1.2939307810801,0.209668230307604,-6.17132495076519,6.77200790656933e-10,3.39436097209441e-09,"ENSG00000237781.3"
98.4243050453476,1.77146153749334,0.287112486184862,6.16992162560551,6.83238508975978e-10,3.42322549941376e-09,"ENSG00000268686.2"
24.9449621973925,1.72255494994505,0.279263588968821,6.16820458515759,6.90697434531226e-10,3.45927808102491e-09,"ENSG00000143167.12"
196.437811051696,1.41711541161059,0.229824010347287,6.16608947633098,6.99994849525639e-10,3.50384014948236e-09,"ENSG00000049192.15"
168.16507372717,1.24016884287199,0.201165999443677,6.16490284790506,7.05264274395066e-10,3.52909182456275e-09,"ENSG00000135454.14"
47.6799336862908,2.59823235449348,0.421538382205226,6.16369105204881,7.10685390633778e-10,3.55532067137766e-09,"ENSG00000261104.1"
31.9336934419752,-2.50387355179419,0.406238306512061,-6.16355846225411,7.11281008650267e-10,3.55762322195311e-09,"ENSG00000144119.4"
4.0222325155086,2.45291513946958,0.398041357607533,6.16246300186761,7.16220687954564e-10,3.58164850878953e-09,"ENSG00000255221.3"
227.000875839776,-1.20881975035507,0.196228196023535,-6.16027551010097,7.26184919895223e-10,3.63009593657779e-09,"ENSG00000267296.2"
78.4903285446845,1.53294622962162,0.248852802051226,6.1600521150896,7.2721008301284e-10,3.63452934434483e-09,"ENSG00000211454.15"
968.612145511614,-3.98176952576013,0.646417205348556,-6.15975177147878,7.28590589646109e-10,3.64073670309094e-09,"ENSG00000171199.11"
995.995579306723,-1.04814877558698,0.170177316138008,-6.15915680992972,7.31332837450135e-10,3.65305060804624e-09,"ENSG00000116106.12"
60.3558982451932,3.76738562890092,0.611791014697273,6.15796168690889,7.36871758914274e-10,3.68001848970222e-09,"ENSG00000166961.15"
295.161677770712,1.29301642099279,0.209999288896638,6.1572419020391,7.40227398698455e-10,3.69537263958028e-09,"ENSG00000188290.11"
589.144922515662,-1.34884307763037,0.219088644995609,-6.15660879027939,7.43191286712936e-10,3.70946444739134e-09,"ENSG00000181722.17"
263.649339676574,-1.29023471395313,0.209573390721387,-6.15648155289143,7.43788339077578e-10,3.71173964387983e-09,"ENSG00000156140.10"
2330.99132631805,1.00320619265884,0.162990981029497,6.15497978061303,7.50870746348961e-10,3.74637181037132e-09,"ENSG00000099800.8"
9.88872809219539,2.43501518724799,0.395695290294327,6.15376338049606,7.56655511449974e-10,3.77451764337656e-09,"ENSG00000274718.1"
9079.56692167678,-1.73969974785249,0.282716481595034,-6.15351371818661,7.57848181872621e-10,3.77974983156356e-09,"ENSG00000188783.6"
6.24877409643297,-2.46303754634499,0.400273898473496,-6.15338036214241,7.58485992775555e-10,3.78221321079732e-09,"ENSG00000235782.1"
147.726260718882,1.45413125475378,0.236380680841549,6.15165016691238,7.66808730822363e-10,3.82297270370787e-09,"ENSG00000188211.9"
70.2041880272347,-1.14583478737108,0.186287941503612,-6.15088007373178,7.70541686574312e-10,3.84014366513447e-09,"ENSG00000278989.1"
975.579663850299,-1.46405558710497,0.238053753801596,-6.15010502344428,7.74316567148896e-10,3.85822495752447e-09,"ENSG00000106772.18"
3691.13739578366,-1.24825987077074,0.202982114305723,-6.14960522526956,7.7676039335817e-10,3.86893503487325e-09,"ENSG00000144730.19"
166.218816517714,1.22448953511274,0.199120965641606,6.1494756775973,7.77395059796657e-10,3.87136259031742e-09,"ENSG00000153898.13"
66.5147661796056,2.04295716709862,0.332249673902115,6.14886131596478,7.80411770045775e-10,3.88417780039446e-09,"ENSG00000167483.19"
8.05163742843055,-2.53845376586441,0.413164149840761,-6.14393520551762,8.05016915886296e-10,4.00588122248304e-09,"ENSG00000163285.8"
25.4035319882918,2.8197977688609,0.458981295201889,6.14360061801772,8.06715297370437e-10,4.01357275716157e-09,"ENSG00000007372.24"
18.7348355719365,-2.28009487047785,0.371138454484267,-6.14351556118393,8.07147606608544e-10,4.01496360562055e-09,"ENSG00000255960.1"
384.607565131977,3.05386473689133,0.497257074525781,6.1414203906575,8.17868127356814e-10,4.06521290836734e-09,"ENSG00000096006.12"
747.124000743415,-1.06372065323725,0.173214961092226,-6.14104374431539,8.19810014843868e-10,4.07409461715943e-09,"ENSG00000184304.16"
22.1074124511949,1.01940629929381,0.166000617942039,6.14097894292029,8.2014456655567e-10,4.07498672728719e-09,"ENSG00000287808.1"
12.3502474081097,1.40808886581003,0.229301651209827,6.14077072005698,8.21220465337041e-10,4.07956127592493e-09,"ENSG00000274213.1"
21.5381196295771,1.57269079308243,0.256120598297307,6.14043073277864,8.22980157597482e-10,4.08753032167275e-09,"ENSG00000259420.5"
32.9263530042597,-1.21078196047072,0.197206455009424,-6.1396669820613,8.26946568223392e-10,4.10645448690415e-09,"ENSG00000279456.1"
174.249896986906,1.20099785984187,0.195616663588344,6.1395478166893,8.27567112653506e-10,4.10875972591325e-09,"ENSG00000197467.16"
22.0688883198079,-3.72667792212027,0.607182589803387,-6.13765609341172,8.37479162502107e-10,4.15640149305237e-09,"ENSG00000188089.13"
709.721125709044,-1.30664619132003,0.212928067217111,-6.13656155525855,8.43266986788063e-10,4.18433631881017e-09,"ENSG00000116141.17"
692.72644609496,-1.52659937185923,0.248775229705395,-6.13646050560203,8.43803291628405e-10,4.18541719516154e-09,"ENSG00000269113.4"
34.6841195900971,-2.2380135991091,0.364752613972309,-6.13570270199352,8.47835828273716e-10,4.20383265616796e-09,"ENSG00000236700.6"
45.1942271524994,-1.26268254034183,0.205797111802735,-6.13556978171861,8.48545078204979e-10,4.20655579697089e-09,"ENSG00000167210.17"
421.27988510375,-1.10835992195672,0.180654855012245,-6.13523462672282,8.50336003430144e-10,4.21463916917931e-09,"ENSG00000167705.12"
10.3044472404483,1.44683678183408,0.235923040417437,6.13266419114502,8.64194413332652e-10,4.28171271631205e-09,"ENSG00000266289.1"
30.1797935229501,-1.27954557556112,0.208677728223615,-6.1316825060985,8.69545053529358e-10,4.30578790259338e-09,"ENSG00000109832.14"
5.33882671316608,2.23446060642773,0.36444873820193,6.1310696737539,8.72901640914293e-10,4.3199673752196e-09,"ENSG00000284948.1"
553.803269078459,1.44540423394437,0.235764912880766,6.13070119842371,8.74925922894262e-10,4.32672680288858e-09,"ENSG00000005001.10"
2.48798927633949,-3.17988443433341,0.518831110484094,-6.12893939873118,8.84668119410865e-10,4.37161437311434e-09,"ENSG00000254863.2"
10.6333134349545,-2.11094090280325,0.344569461928312,-6.12631453463637,8.9937930275552e-10,4.44180488418378e-09,"ENSG00000175967.4"
1386.1447678089,1.0694954652438,0.174620520102307,6.12468376922259,9.08638877138772e-10,4.4866925130031e-09,"ENSG00000164877.19"
7.2817465981041,-1.58197543824949,0.258366331006549,-6.12299378207059,9.18332799025909e-10,4.53200512384472e-09,"ENSG00000224968.2"
4442.98266510467,1.00669120522146,0.164415245291058,6.12285803204775,9.19115835132174e-10,4.53416678127141e-09,"ENSG00000179241.13"
622.758832071815,1.56246753741588,0.255230241856797,6.12179624972712,9.25262934473207e-10,4.56363501026342e-09,"ENSG00000144057.15"
197.018019784605,-1.38855141803022,0.226841593695957,-6.12123815304942,9.28510044765919e-10,4.57879137272559e-09,"ENSG00000177990.12"
152.002388895909,1.36650864333763,0.223246508904028,6.12107508442647,9.29460904407272e-10,4.58262059865705e-09,"ENSG00000105963.15"
34.4005317079179,-1.85095152887984,0.302402722014656,-6.12081636219577,9.3097147287855e-10,4.58920746307949e-09,"ENSG00000185985.11"
8.29206613652073,-2.49755952543891,0.408064217096931,-6.1205060889856,9.32786182859433e-10,4.59729083635428e-09,"ENSG00000185897.7"
44.3804091068313,-1.44312871489592,0.235804001234597,-6.12003489058771,9.35548702953781e-10,4.60831373846274e-09,"ENSG00000155816.20"
5.73992154462365,2.51132676566421,0.410447264566195,6.11851261408319,9.44528069057725e-10,4.65003899182053e-09,"ENSG00000234965.2"
18.2007300593074,-1.51925265545835,0.248331314736104,-6.11784565741466,9.48488635242866e-10,4.66767932760222e-09,"ENSG00000288018.1"
58.3860475469495,-1.37580877186995,0.224902068132963,-6.11736825406411,9.51333523673861e-10,4.67992707023091e-09,"ENSG00000265763.4"
112.681561547279,1.3977305105798,0.228606752122188,6.11412610347015,9.70875123616793e-10,4.77516499796852e-09,"ENSG00000213145.10"
13.6923783982076,1.85087493145629,0.302722764902846,6.11409231826452,9.71080805715846e-10,4.77528304909921e-09,"ENSG00000128045.7"
6.41535649491417,1.29870241099881,0.212415130706722,6.11398259002515,9.71749117137476e-10,4.77767560696622e-09,"ENSG00000274425.1"
12.6111886758937,-1.33087049805876,0.217703616430308,-6.1132218191001,9.76395023217677e-10,4.79872228688359e-09,"ENSG00000246548.3"
58.7067021364264,1.69731752171712,0.277658358256189,6.11297110728808,9.77930819867711e-10,4.80357571844569e-09,"ENSG00000224520.2"
5327.00635725313,-1.08155420756257,0.17695178787352,-6.11214060371988,9.83035117881015e-10,4.82684383306269e-09,"ENSG00000116729.14"
7542.15143012626,1.74630903301334,0.285725268058963,6.11184668712243,9.84847754027632e-10,4.83484093516292e-09,"ENSG00000118785.14"
12.8771179156265,-1.67721923752785,0.27442328018088,-6.11179647886412,9.85157723085199e-10,4.83545949459783e-09,"ENSG00000181800.6"
9.84810654934161,-3.06623397243163,0.501890395915593,-6.10936968984619,1.00025387057023e-09,4.90772311630912e-09,"ENSG00000265992.1"
1078.62729959748,1.64328825496299,0.269079349453426,6.10707680950234,1.01472413223271e-09,4.97593453201578e-09,"ENSG00000135750.15"
62.3229571535065,1.93598800814716,0.31705176901253,6.10622048940738,1.02018051295809e-09,5.00175799339499e-09,"ENSG00000077935.17"
159.610377430455,-1.07676269252092,0.176410223674097,-6.10374313968417,1.03612752709422e-09,5.07520982522262e-09,"ENSG00000158813.18"
8.48121540881473,1.3436400564949,0.220184449546903,6.10233855869411,1.0452766927598e-09,5.11907072712847e-09,"ENSG00000279667.1"
55.639911896846,-1.02112228977628,0.167351520526284,-6.10166126106936,1.04971658118681e-09,5.13794238732105e-09,"ENSG00000239332.6"
12.2324815881304,-1.41924766836987,0.23263680024064,-6.10070146641374,1.05603982880808e-09,5.16792978223637e-09,"ENSG00000212807.2"
133.889140377503,-1.72736585558543,0.283189011133506,-6.09969238803226,1.0627278106845e-09,5.19775544771706e-09,"ENSG00000041515.16"
66.1465009488771,-1.27832716991708,0.209594922952035,-6.09903690372129,1.06709434521203e-09,5.21717034403887e-09,"ENSG00000271474.1"
21.9603958194321,-1.20582998369707,0.197723572607883,-6.09856461621004,1.07025134493237e-09,5.22968699576176e-09,"ENSG00000259687.2"
422.904658163536,1.97785975270621,0.32439807849827,6.09701439004287,1.0806779480256e-09,5.27965412377416e-09,"ENSG00000245750.10"
91.1668920232988,1.15261322510501,0.189068353654812,6.09627789539739,1.08566614688041e-09,5.3030382837028e-09,"ENSG00000174586.11"
127.181961591588,1.71968286657498,0.282128753455263,6.09538320895629,1.09175596772085e-09,5.3317937301328e-09,"ENSG00000224842.2"
463.602162956902,2.43480807072966,0.399604689783638,6.09304178098601,1.10785132334117e-09,5.40638027900097e-09,"ENSG00000180777.14"
3920.66355032887,1.19878985400055,0.196760693811421,6.09262871958304,1.1107146812381e-09,5.41834162614371e-09,"ENSG00000178685.14"
82.5472973408633,-1.92776511851775,0.316443449862164,-6.09197352436097,1.1152713262563e-09,5.43956050089455e-09,"ENSG00000169884.14"
677.582170871916,2.3245407183562,0.381649358815725,6.09077590374933,1.1236474936078e-09,5.47939716548932e-09,"ENSG00000249661.1"
7437.61184026189,-1.51366143045401,0.248581183985989,-6.08920355990953,1.13473765254199e-09,5.53245120745941e-09,"ENSG00000196878.15"
480.294724385946,-1.25176978206295,0.205628163920999,-6.08754053041036,1.14658356063217e-09,5.58709720201259e-09,"ENSG00000136002.20"
8780.91043645843,1.47565979231532,0.242411375538243,6.08741973861091,1.14744865250274e-09,5.59027625252679e-09,"ENSG00000139629.16"
2653.76994761184,-1.1448048911543,0.188124918205511,-6.08534425994379,1.16241269031074e-09,5.66003244759681e-09,"ENSG00000122863.6"
380.436068575887,3.20921874046263,0.527398098208225,6.08500248932558,1.16489500554292e-09,5.67106877675312e-09,"ENSG00000164756.12"
20.9206031437991,-1.09767439169617,0.180414924294023,-6.08416624063361,1.17099057906064e-09,5.69757800444833e-09,"ENSG00000259869.2"
54.2296793306912,-1.39496802279354,0.229324274217283,-6.08294969014843,1.1799138031697e-09,5.73887017070916e-09,"ENSG00000285938.1"
5.94702528711182,-1.46021372352425,0.24009157505481,-6.08190322043122,1.18764251853061e-09,5.7732561414941e-09,"ENSG00000200378.1"
88.2816238126309,2.36605191902973,0.389056291583485,6.08151563209463,1.19051756387489e-09,5.78509218873869e-09,"ENSG00000253973.3"
959.167719360184,-1.18946216542288,0.195592554094872,-6.08132641310024,1.19192361264046e-09,5.79026719018328e-09,"ENSG00000205269.6"
5.06700422749811,1.74875859332146,0.287592110921197,6.08069041852346,1.19666143764851e-09,5.81172380398254e-09,"ENSG00000263080.1"
57.70838463341,-1.72819182730871,0.284368082867005,-6.07730589834498,1.22218480723115e-09,5.92787432259835e-09,"ENSG00000004948.16"
192.627001419447,-1.9436730690277,0.319826147155362,-6.07728006704692,1.22238163249441e-09,5.92787432259835e-09,"ENSG00000261616.1"
11.1234537073486,1.96108744142429,0.322694281645486,6.07723022367888,1.22276150849543e-09,5.92862266911895e-09,"ENSG00000171509.16"
16.315363802585,-1.0299492811172,0.169507272392675,-6.07613624229203,1.23112821575159e-09,5.96808816355862e-09,"ENSG00000249035.7"
8511.34881993945,-1.85398789998741,0.305203224884216,-6.0746012781836,1.24296168888507e-09,6.02323101597624e-09,"ENSG00000197614.11"
628.276097101393,1.05217872515828,0.173215454961293,6.07439287327682,1.24457686623261e-09,6.02994624001068e-09,"ENSG00000177465.4"
739.77252769634,-1.76969999304889,0.291361927083874,-6.07388896264215,1.24849072811275e-09,6.04779400989964e-09,"ENSG00000154928.18"
14.1593944462392,-1.16775246682398,0.19228415017343,-6.07305628555825,1.25498442045499e-09,6.07701004186419e-09,"ENSG00000147059.8"
5341.86685600275,1.88487257910905,0.310550828649177,6.06944952395653,1.28349423252637e-09,6.2104864520845e-09,"ENSG00000106819.13"
3.9563092771908,1.81294916728637,0.298734673005215,6.06876044567722,1.28901246239782e-09,6.2348920798057e-09,"ENSG00000286281.1"
41.4326356635555,1.98813839361511,0.327718768659075,6.06659912018454,1.30647109391244e-09,6.31363955163652e-09,"ENSG00000272620.2"
10.5779300013939,2.13150678106064,0.351364961574095,6.06636123167093,1.30840671947232e-09,6.32055912784608e-09,"ENSG00000177202.3"
40.7687489005668,1.52067187637963,0.250681546939813,6.06615004152953,1.31012745084882e-09,6.32770854798058e-09,"ENSG00000137571.11"
357.312649310523,1.45062999103511,0.239177679560325,6.06507260084543,1.31894059585456e-09,6.36910428466676e-09,"ENSG00000261324.2"
14.8681013224067,-1.07810699092832,0.177768770638336,-6.06465909089108,1.32233830758174e-09,6.38316622157548e-09,"ENSG00000279311.1"
9.00360649322915,-1.88367268358335,0.310629558557374,-6.06404841938258,1.32737165731197e-09,6.40628656643185e-09,"ENSG00000281969.1"
5.08431061188407,3.02003845492535,0.498079617226343,6.06336487275477,1.33302781964886e-09,6.43240374731974e-09,"ENSG00000182759.4"
625.170580262698,-1.20047902349308,0.198022594173615,-6.06233358624001,1.34160592223633e-09,6.47260830764679e-09,"ENSG00000178031.17"
6.42073993077568,1.55483979207567,0.256494770871974,6.0618771555844,1.34541960579607e-09,6.48868384373134e-09,"ENSG00000204791.10"
2602.13100459267,2.17759053798201,0.359300478763679,6.06063912153667,1.35581721953527e-09,6.53517326210619e-09,"ENSG00000184564.11"
298.681376059946,-1.08576818541321,0.179181751138276,-6.05959132844569,1.36467825814731e-09,6.57547265575506e-09,"ENSG00000257354.2"
2055.18400089657,-1.00895401250962,0.166518769173134,-6.05910083001263,1.36884570754667e-09,6.59313552815774e-09,"ENSG00000198121.13"
213.549278795633,1.03975920869148,0.171616178361942,6.05863164309958,1.37284369349328e-09,6.61118058625458e-09,"ENSG00000175857.8"
3.59765549518211,-1.94857953944877,0.321777535531274,-6.05567301717179,1.39831787050345e-09,6.7289247360514e-09,"ENSG00000176716.5"
532.650904899781,-1.19182653074003,0.196821473495602,-6.05536839844184,1.40096669180918e-09,6.74043721902115e-09,"ENSG00000066735.14"
44.1129972018778,-3.13425959475456,0.517653177717198,-6.05474810098985,1.40637563482424e-09,6.76522276459012e-09,"ENSG00000120903.13"
73.7631426065242,2.88937333824208,0.477256152647523,6.0541353363673,1.41173887544956e-09,6.7897794331777e-09,"ENSG00000258910.3"
52.5243786872606,1.5741628058119,0.260018010872373,6.05405295014183,1.41246148194161e-09,6.79201199988169e-09,"ENSG00000205089.8"
4.65699202924673,-1.551043051671,0.25620105830219,-6.05400720024169,1.41286290826806e-09,6.79269959409506e-09,"ENSG00000232110.8"
52.0747707915534,2.64728953389816,0.437287815730216,6.05388359489852,1.41394802282432e-09,6.7954305781522e-09,"ENSG00000170608.3"
3.3442916129353,-3.41122363266319,0.563592551224158,-6.0526414432799,1.4248979002854e-09,6.84305068721022e-09,"ENSG00000171402.15"
8.57671837237864,1.08981026345692,0.180073721967498,6.05202275795476,1.43038255767654e-09,6.86813575921997e-09,"ENSG00000262420.3"
8.37217884542618,1.69113678757753,0.279453170071424,6.05159278438424,1.43420639545767e-09,6.88398117206161e-09,"ENSG00000215089.3"
14.4732257533299,-1.12442348470009,0.185818572713209,-6.05118997677111,1.43779767905592e-09,6.89995877237645e-09,"ENSG00000280216.1"
285.006176464857,-1.92889451435788,0.318860986305558,-6.04932744111082,1.4545176392321e-09,6.97510338069269e-09,"ENSG00000164619.10"
2820.89336763117,-2.38625686343391,0.394499929292856,-6.04881442618073,1.45915615744099e-09,6.9949128796562e-09,"ENSG00000151365.2"
6.63150620913571,1.52771708687267,0.252568779386363,6.04871706861152,1.46003805988863e-09,6.99647044049458e-09,"ENSG00000267048.1"
18.1228779546487,-1.95367334805754,0.323013560787889,-6.04827036763465,1.46409111435994e-09,7.01461371670374e-09,"ENSG00000273409.3"
5.85463254557067,-2.1337607554605,0.352826296738953,-6.04762393047822,1.4699758596205e-09,7.04024152592296e-09,"ENSG00000164270.18"
13.787867407393,1.00792006738985,0.166685089272662,6.04685201170635,1.4770331125732e-09,7.07146417684408e-09,"ENSG00000180581.7"
4.28239495486568,2.01532788445301,0.333370626782692,6.04530730227382,1.49125488746292e-09,7.13825231507475e-09,"ENSG00000283265.1"
867.108771612964,1.72089856421825,0.284673221847469,6.04517190991825,1.49250775529061e-09,7.14294862346292e-09,"ENSG00000110436.13"
30.6953709514555,1.79407967404963,0.296812897274194,6.0444801776665,1.49892480153534e-09,7.17235381095121e-09,"ENSG00000188820.13"
110.879158726498,-2.26872463691784,0.375557843262388,-6.04094596243797,1.53213289476848e-09,7.32858617035391e-09,"ENSG00000151834.16"
604.749190923609,-1.11615666722693,0.184773469822633,-6.04067601424785,1.53469864434062e-09,7.33952313825487e-09,"ENSG00000253368.4"
4.37834911281228,1.74876533228393,0.289566002115479,6.03926330960125,1.54819428517806e-09,7.40137115162242e-09,"ENSG00000256940.2"
17.5661247039819,2.12411387962585,0.351847078298893,6.03703714095195,1.5696960442317e-09,7.50143469574291e-09,"ENSG00000105255.11"
11.9665635959686,-1.90580424456879,0.315709528191327,-6.03657499818578,1.57419605424064e-09,7.5215722758882e-09,"ENSG00000171658.8"
2139.37165199208,2.08440086020731,0.345312372310708,6.0362762163986,1.57711206288656e-09,7.53413548907857e-09,"ENSG00000205002.4"
31.4919503319304,-1.85037639588634,0.306593000183044,-6.03528585056285,1.58681538892356e-09,7.57658565087911e-09,"ENSG00000150750.8"
28.4214289484008,1.02349446439705,0.169585220870682,6.03528101766324,1.58686288266967e-09,7.57658565087911e-09,"ENSG00000272097.2"
10.8805955019069,-1.28386485243487,0.212725727410826,-6.03530596915251,1.5866176949254e-09,7.57658565087911e-09,"ENSG00000273107.1"
6732.35930003254,1.09130186854321,0.180834899277742,6.03479678370653,1.59162856372952e-09,7.59795952943456e-09,"ENSG00000148154.10"
1807.9128527355,1.31876542397376,0.218642565825687,6.03160422579907,1.62339968687182e-09,7.74540522231602e-09,"ENSG00000181458.10"
622.999810800054,1.39891243760406,0.23198505743968,6.03018337923681,1.63773735624393e-09,7.81097598829893e-09,"ENSG00000176387.7"
611.589139121682,-1.97102920521697,0.326868076426299,-6.03004498563012,1.63914045411144e-09,7.81624958197843e-09,"ENSG00000090659.18"
6745.98045781068,-2.17529648845655,0.360850794909836,-6.02824358194938,1.65751111821914e-09,7.90241651211173e-09,"ENSG00000105894.12"
492.801896961071,1.07394075812629,0.178203293747026,6.02649219071582,1.67556404181483e-09,7.98703759068936e-09,"ENSG00000147996.16"
54.5746242996965,1.06697123589985,0.177063047163752,6.02593964687107,1.68129918829599e-09,8.01292255034847e-09,"ENSG00000225518.3"
44.4665777794906,-1.80520171872388,0.29958323849985,-6.02571000888886,1.68368834613029e-09,8.0228543309805e-09,"ENSG00000102678.7"
4.65133919405785,1.83127133323127,0.303912291753335,6.02565734563177,1.68423672181199e-09,8.02401268734934e-09,"ENSG00000237588.2"
82.9063930841603,-1.62789838703556,0.270177052555116,-6.02530219217438,1.68793943608697e-09,8.04019574811706e-09,"ENSG00000165084.16"
1150.61423223315,1.00541440694355,0.16690063587568,6.02402981671358,1.70127003719644e-09,8.10222534112541e-09,"ENSG00000105419.18"
229.524389112714,-1.70819873895018,0.283585032798873,-6.02358566702526,1.70594747873814e-09,8.12302962520892e-09,"ENSG00000183287.14"
17017.5522769838,2.18897403121349,0.363488299464562,6.02213065575417,1.72135847082775e-09,8.19195836451866e-09,"ENSG00000106541.12"
2316.79722213918,1.1358336746212,0.188622203515668,6.021738975851,1.72553013442531e-09,8.21032477430032e-09,"ENSG00000114737.16"
606.882213530595,1.14384412764146,0.189982208886863,6.02079602265619,1.73561369074342e-09,8.25382128595986e-09,"ENSG00000129295.9"
47.0279226073118,1.44755265819717,0.240433464220235,6.02059560590628,1.73776425266822e-09,8.26255347632626e-09,"ENSG00000259354.5"
515.791139490462,-1.68131031651689,0.279278923742366,-6.02018331346728,1.74219650433901e-09,8.28212930367996e-09,"ENSG00000091262.16"
15.1759027403809,-1.96303949679275,0.326165432618346,-6.01853936830195,1.75997913041184e-09,8.36061656673499e-09,"ENSG00000224743.7"
8.1545498068525,3.37866495182999,0.561678578005586,6.01529964668936,1.79554253342192e-09,8.5203177375811e-09,"ENSG00000269526.1"
15.0760185760442,-2.32363636473933,0.386486971458144,-6.01219843445868,1.8302409096646e-09,8.67713781919631e-09,"ENSG00000185742.7"
372.031524013009,1.19024523851031,0.198068888225123,6.00924884860004,1.86384852353936e-09,8.82850866691451e-09,"ENSG00000204516.10"
148.437758297367,1.14470327920594,0.190553701632948,6.00724766507507,1.8869915974163e-09,8.93491031282471e-09,"ENSG00000186827.11"
97.8528859780347,1.18615395787568,0.197456134818463,6.00717703183144,1.88781354390863e-09,8.93719221687578e-09,"ENSG00000228544.1"
496.303591370151,1.78146320127707,0.296589581104236,6.00649286008121,1.8957932041837e-09,8.97335288650538e-09,"ENSG00000130487.9"
42.6813593740953,3.00818910566022,0.50098878589325,6.00450387386755,1.91917832634605e-09,9.07913663241175e-09,"ENSG00000258986.7"
40.8276623350211,-1.54121104978218,0.256693707408416,-6.00408582408297,1.92412908917288e-09,9.0992819323174e-09,"ENSG00000183154.1"
21.101755980849,1.14139613576426,0.19010994774994,6.00387380709603,1.92664465776033e-09,9.1095391589445e-09,"ENSG00000272024.1"
489.584745667049,1.67725184763383,0.279400760738183,6.00303250142374,1.93665832023374e-09,9.15194665390573e-09,"ENSG00000078081.8"
22.9968465042529,1.21228885279393,0.201945774564299,6.00304143728414,1.93655169496826e-09,9.15194665390573e-09,"ENSG00000271784.1"
1620.23243513694,1.54763704554169,0.257824783536058,6.00266981442164,1.94099083692175e-09,9.16912350065625e-09,"ENSG00000134321.12"
18.8163439556619,2.09527063362669,0.34906754919191,6.00247900005956,1.94327401994078e-09,9.17825954000424e-09,"ENSG00000269416.6"
573.541491944029,2.18545621865608,0.364134139202201,6.00178885573406,1.95155378670419e-09,9.20909151341707e-09,"ENSG00000112183.15"
17.1338691706405,1.24115760578637,0.206803622839432,6.0016240950964,1.95353552161023e-09,9.21678830551127e-09,"ENSG00000255559.1"
1387.96776115461,1.3844910660689,0.230695149812603,6.00138783669072,1.95638065087632e-09,9.22855510187243e-09,"ENSG00000173917.10"
89.4506089108017,1.00060744324824,0.166772547417922,5.99983305849958,1.97520494039351e-09,9.31066833811031e-09,"ENSG00000181544.15"
142.362378964603,1.65194868215106,0.275409624293807,5.99815161284545,1.99576145731981e-09,9.40082332333223e-09,"ENSG00000128965.13"
6.02431345890399,-1.50229211074997,0.250458122921993,-5.99817683380894,1.99545158417804e-09,9.40082332333223e-09,"ENSG00000257595.3"
137.026187857025,-1.56964655504625,0.261716428820233,-5.9975086857249,2.00367652253551e-09,9.43641528728245e-09,"ENSG00000129204.17"
40.579297154643,1.03283673239174,0.172307159571023,5.99416028308459,2.04539560501636e-09,9.62254843068731e-09,"ENSG00000273759.1"
19.9410769689523,-5.30811916675888,0.885798883459011,-5.99246540708076,2.06683411460803e-09,9.71992626021783e-09,"ENSG00000260746.2"
688.317863618567,-1.0320359285163,0.17222453144209,-5.99238633355386,2.06783964328363e-09,9.72291541754329e-09,"ENSG00000077092.19"
1329.49140833683,1.09001458590357,0.182034033644514,5.98797139238375,2.12474422827304e-09,9.97976720799295e-09,"ENSG00000102096.9"
10800.5919803749,1.73276349939107,0.289393725492813,5.98756416173267,2.1300692548649e-09,1.00012040541031e-08,"ENSG00000165949.12"
1398.15163593361,-1.4382237413894,0.240217962269204,-5.98716152532189,2.13534698696483e-09,1.00224036081042e-08,"ENSG00000123342.16"
6538.68197865667,1.19515988862811,0.199658582964621,5.98601808588357,2.15040467062887e-09,1.008767381096e-08,"ENSG00000110492.15"
456.436151917482,-1.0088266024241,0.168534195300884,-5.98588672537965,2.15214113593012e-09,1.0092217237607e-08,"ENSG00000137726.17"
4.45792373669131,-2.43883179137318,0.407761201880148,-5.98102953426653,2.21731662146502e-09,1.03885829017088e-08,"ENSG00000287514.2"
123.007329339931,1.92910097299393,0.322544641493684,5.98088055055074,2.21934582757517e-09,1.03962369866309e-08,"ENSG00000280119.1"
10.3305753006971,-2.22530800401296,0.372080252317795,-5.98072053045244,2.22152736771049e-09,1.04046018055778e-08,"ENSG00000133475.17"
3314.40702492312,-1.20661224648089,0.201837274351408,-5.97814378121317,2.25694494624007e-09,1.05629524513843e-08,"ENSG00000169116.11"
1344.55095472184,1.33711604143989,0.223693695520219,5.97744177961884,2.2666889522806e-09,1.06066676912486e-08,"ENSG00000092929.12"
1324.42355761921,1.42458518474403,0.238492982655713,5.97327925073817,2.32531362766301e-09,1.08732509143381e-08,"ENSG00000143845.15"
1939.20353782581,1.33297180256796,0.22320525467568,5.97195529515998,2.34426776767161e-09,1.09599313421346e-08,"ENSG00000140479.18"
11.2765847676255,2.34499781743776,0.392836946534367,5.96939223289835,2.38138992818587e-09,1.11275471773222e-08,"ENSG00000253130.2"
1207.73651238156,1.66530147810307,0.279040340793496,5.9679595909592,2.40238844115485e-09,1.12179907425815e-08,"ENSG00000050438.17"
22.0039448625075,-1.54420158233326,0.258748855520979,-5.96795521751809,2.40245281882481e-09,1.12179907425815e-08,"ENSG00000285918.1"
116.737136274105,1.90105081697123,0.318671056128007,5.96555846668296,2.43798728705114e-09,1.13717937627067e-08,"ENSG00000121101.16"
146.521290664592,-1.39966197428333,0.234686958901678,-5.96395292194193,2.46207702776525e-09,1.14760121648842e-08,"ENSG00000156475.18"
54.8207157902392,-2.33109641946059,0.390947882674034,-5.96267820538172,2.48136794579039e-09,1.15597793490171e-08,"ENSG00000106178.7"
157.012467814659,2.1211710773356,0.355740878915906,5.96268577229503,2.48125299875439e-09,1.15597793490171e-08,"ENSG00000253361.3"
2047.72528223228,-1.11490128585428,0.186990490261611,-5.96234217202419,2.48647777472007e-09,1.15815314249056e-08,"ENSG00000165030.4"
10.0803881960508,2.86420953008353,0.4804201264808,5.96188496736095,2.4934466338517e-09,1.16093933708652e-08,"ENSG00000125879.5"
15923.7160992498,1.57767380238389,0.264629722803489,5.96181632837765,2.49449449206217e-09,1.16106416202164e-08,"ENSG00000074410.14"
5.06058659733203,-2.82809269704713,0.474375841201544,-5.96171316373082,2.49607023363576e-09,1.16138626342507e-08,"ENSG00000286509.1"
615.173506316049,1.18669585275871,0.199063841812865,5.96138325248589,2.50111582319295e-09,1.1635279344567e-08,"ENSG00000177380.14"
369.995326695561,2.88382223517605,0.483758503045314,5.96128484982085,2.50262269412748e-09,1.16402291439474e-08,"ENSG00000263639.7"
11.8849634121958,-1.67403773152355,0.281007290102504,-5.95727509742863,2.56478309748133e-09,1.19188046206152e-08,"ENSG00000277702.1"
34489.5350356771,1.23569807664324,0.207435460964988,5.95702427586285,2.56872098688015e-09,1.19349942406148e-08,"ENSG00000106624.11"
30.3002949838861,1.08124695041614,0.181545254636772,5.9557984733859,2.58805090628586e-09,1.20184328658688e-08,"ENSG00000269473.1"
28.2169341658679,1.20356681213034,0.202106515291832,5.95511139456562,2.59894746652178e-09,1.20669025278323e-08,"ENSG00000182489.9"
9.78576065670446,1.63187828384914,0.274101768393222,5.95354890782052,2.62389394911007e-09,1.21784263744321e-08,"ENSG00000204872.4"
4.38815245859706,-2.0095220974007,0.337565226464427,-5.95298905176913,2.63288917141917e-09,1.22158621326711e-08,"ENSG00000279499.1"
3364.6481004411,1.51120376332589,0.25386835012026,5.95270644257156,2.63744126013199e-09,1.2234822817033e-08,"ENSG00000174938.14"
5.32793979625646,-1.94977512044404,0.327561818322496,-5.95238825583883,2.64257558212671e-09,1.22564772543883e-08,"ENSG00000235268.2"
1934.3734755015,-1.09466321976008,0.183924627117219,-5.9516946529538,2.6538014499573e-09,1.22998619838966e-08,"ENSG00000131477.11"
5.28083909562431,1.61433389066379,0.271258045673414,5.95128482422009,2.66045628551344e-09,1.23285319126296e-08,"ENSG00000287828.1"
12.6890506354021,1.58825256591031,0.266902107811559,5.95069322956289,2.670091323147e-09,1.23666397070653e-08,"ENSG00000186583.12"
16.5976225940341,-2.71881758823171,0.456898632916596,-5.95059252175092,2.67173488751146e-09,1.23720718434375e-08,"ENSG00000254404.1"
19.9911174860988,1.0625594822868,0.178613480598785,5.94893217871723,2.69897434734747e-09,1.24960087626706e-08,"ENSG00000262712.1"
5.16083911262315,-1.72723665869186,0.290374269154285,-5.94831168657759,2.70922335867348e-09,1.25412516307457e-08,"ENSG00000248132.3"
38996.1623387931,-1.26184963429691,0.212168530955354,-5.94739299280174,2.72446756532491e-09,1.26029400716297e-08,"ENSG00000163430.12"
1188.00154382644,1.50384579680482,0.252881639341949,5.94683663360512,2.73374000449969e-09,1.26436076505842e-08,"ENSG00000136542.9"
85.0969741601028,-1.60450006198703,0.269910197020748,-5.94457000771885,2.77183489559291e-09,1.28152873167571e-08,"ENSG00000226329.2"
42.5462730193908,-1.05586540069828,0.17765420869778,-5.94337397598327,2.79214430305616e-09,1.29046458346278e-08,"ENSG00000286511.1"
4.82027680262665,-1.67436793026005,0.281795740592033,-5.94177870376009,2.81945874960375e-09,1.302285797751e-08,"ENSG00000262681.2"
476.918695037816,1.21790396893925,0.205024629968418,5.94028126828889,2.84533467461542e-09,1.31389277209402e-08,"ENSG00000136286.16"
3.1653699004211,-1.71202265019179,0.288248437905685,-5.93939957708274,2.86067845308652e-09,1.3205140930967e-08,"ENSG00000245864.3"
35.4048274388201,1.30928235648084,0.220442713162655,5.93933152834484,2.8618660261828e-09,1.32083031838786e-08,"ENSG00000271420.1"
9.5198053073023,1.20994859882662,0.203719896512331,5.93927554225603,2.8628434442723e-09,1.32104945732537e-08,"ENSG00000272906.1"
3400.56264052281,-1.42914169736247,0.240639861833317,-5.93892336238287,2.86899934000635e-09,1.32365769093781e-08,"ENSG00000105976.16"
44.8763300640969,1.67316534289715,0.28184357324407,5.93650344280949,2.91164804554414e-09,1.34286290979263e-08,"ENSG00000229953.1"
344.921553427871,1.4410166132098,0.242762746957433,5.9359050400862,2.92228913951746e-09,1.34729780289558e-08,"ENSG00000145506.14"
55.1294190596891,1.17978932164681,0.198758641684666,5.93578881223473,2.9243603482395e-09,1.34789082329439e-08,"ENSG00000284946.1"
264.093304705948,2.05926466247404,0.346988017137238,5.93468523629038,2.94409769705415e-09,1.35663856713484e-08,"ENSG00000228232.1"
56.6836020959668,1.12451702579564,0.189489193764147,5.93446519802764,2.94804854103876e-09,1.35822099654098e-08,"ENSG00000260588.1"
5.0679307107173,4.2815124660449,0.721523875826212,5.93398584508678,2.95667332933399e-09,1.36171722075021e-08,"ENSG00000225537.1"
345.213489794747,1.87965437003103,0.316926732481392,5.93087984504871,3.01315658506164e-09,1.387487871089e-08,"ENSG00000227507.3"
6449.78594308628,1.79304961675916,0.302356048105788,5.93025880577658,3.0245756898664e-09,1.39250214455156e-08,"ENSG00000143369.15"
9.32729537473001,-1.36200282899674,0.22979955243256,-5.92691680457667,3.08675258583352e-09,1.42063044941426e-08,"ENSG00000251314.2"
30.2881864566695,-2.04550558040392,0.345149889051247,-5.9264268808738,3.09597142984635e-09,1.42462382811767e-08,"ENSG00000226031.5"
9.46750516036817,1.3480059895036,0.227459974481367,5.92634371201876,3.09753906907785e-09,1.42509569213447e-08,"ENSG00000272702.1"
7.90721862432722,-1.27288507824043,0.214818063180798,-5.9254098998608,3.11519351751296e-09,1.43296721061097e-08,"ENSG00000259416.2"
4.51211170588888,1.40423003669186,0.237037874941428,5.92407452622855,3.14061013011495e-09,1.4441531955903e-08,"ENSG00000231073.1"
1175.28067699841,1.49308740096084,0.252043028749739,5.92393849719753,3.14321051894141e-09,1.44509612173966e-08,"ENSG00000090539.15"
7.95641474290174,2.24166498971918,0.378487027860972,5.92269965601728,3.16698941894407e-09,1.45577387001619e-08,"ENSG00000202522.1"
10.2690463470795,-2.43514739167339,0.411336029375856,-5.92009261957525,3.21760361714059e-09,1.4782641753701e-08,"ENSG00000285624.2"
16.4578170109804,-1.5431590854939,0.260667452350506,-5.92002979880624,3.21883291429401e-09,1.47857050540552e-08,"ENSG00000232759.1"
287.36636624455,-1.4073778021649,0.237762350536944,-5.91926265443873,3.23388157989939e-09,1.48522354440111e-08,"ENSG00000137878.17"
59.5561389511589,-1.90857696107733,0.322460018482539,-5.91880187211697,3.24295340786837e-09,1.48912975842789e-08,"ENSG00000166105.16"
12.6982660755118,1.23713407906963,0.209020419371473,5.91872355241514,3.24449781852122e-09,1.48957870151986e-08,"ENSG00000130812.10"
314.378398359269,1.00939357522964,0.170550101377143,5.91845778500908,3.24974390867502e-09,1.49172666600793e-08,"ENSG00000104369.5"
7.41672929893556,1.90671651833041,0.322188983937612,5.91800655325827,3.25866987467873e-09,1.49530165827611e-08,"ENSG00000278771.1"
175.88682235816,-1.30187008396248,0.220045156594984,-5.91637691148416,3.29110556823522e-09,1.5096582679842e-08,"ENSG00000198756.12"
2108.94691687971,-1.11326631915464,0.188174162061217,-5.91614867291118,3.29567335148058e-09,1.51148976392105e-08,"ENSG00000256235.2"
8.91425481694173,-1.38256758843733,0.23370966432533,-5.91574846692159,3.30369765663205e-09,1.51490560374942e-08,"ENSG00000278875.1"
16.4610767380249,2.81761986374173,0.476302782351152,5.91560655982994,3.30654752148175e-09,1.5155450955718e-08,"ENSG00000047936.11"
335.211646537687,1.05365008499524,0.178196205040573,5.91286489381374,3.36207948535823e-09,1.53952782566473e-08,"ENSG00000154040.21"
506.376916484068,-1.40246946628467,0.237268633832805,-5.91089282906624,3.40258366778592e-09,1.55699006135246e-08,"ENSG00000259820.1"
1167.27864671257,-1.85421714932049,0.313725442139821,-5.91031806879757,3.41447778963442e-09,1.5621607349478e-08,"ENSG00000143867.7"
19.2429814933112,-1.97599098672292,0.334596307021081,-5.9055971188541,3.5137171329821e-09,1.60532836995136e-08,"ENSG00000278192.1"
1342.88568069869,-1.31686905867524,0.223013793388205,-5.90487717673561,3.52909574737871e-09,1.61207425485058e-08,"ENSG00000175265.17"
624.839864891763,-2.77486213182812,0.470075445686892,-5.90301441457633,3.56919075459477e-09,1.62982296375554e-08,"ENSG00000091138.13"
921.296903655368,-1.00759833339897,0.170698818963267,-5.90278444525028,3.57417137456393e-09,1.63181379901057e-08,"ENSG00000100060.18"
40.8669149512782,2.69078039092618,0.455880739689202,5.90237787356541,3.58299336508036e-09,1.63555744369177e-08,"ENSG00000136928.7"
4955.54862407169,1.38490103561534,0.234655928303808,5.90183698160104,3.59476276736622e-09,1.64036014891413e-08,"ENSG00000167608.12"
927.868862314568,-4.26528381346874,0.722740910805908,-5.90153919571627,3.60125841854254e-09,1.64303899102538e-08,"ENSG00000135226.18"
2578.68704348754,1.15248613269781,0.195314184509788,5.90067810789267,3.62010582076293e-09,1.65135129109568e-08,"ENSG00000169891.18"
1879.9918575359,-1.19078608272036,0.201836099452197,-5.89976761318847,3.64013907398626e-09,1.65962559272602e-08,"ENSG00000108984.15"
9.21673831358694,1.46231232340168,0.247953290501146,5.89753142798047,3.68980006937877e-09,1.68139225075506e-08,"ENSG00000275329.1"
787.049089355816,-1.00230645832779,0.169973998288275,-5.89682226941489,3.70568628305962e-09,1.68804607043222e-08,"ENSG00000165359.16"
312.880702271322,-1.83820714345538,0.311762695941686,-5.89617413303102,3.72026372732838e-09,1.69439285754807e-08,"ENSG00000095713.14"
13.0905029671508,2.17618980594835,0.369103850166278,5.89587403373873,3.72703224921525e-09,1.69718149061632e-08,"ENSG00000188306.6"
10103.9004094666,1.36757234733405,0.231962758120267,5.89565479569353,3.73198458014137e-09,1.69914226059996e-08,"ENSG00000119888.11"
16.2372899969044,2.80482518780984,0.475747998640712,5.89561111307598,3.7329720843669e-09,1.69929751065985e-08,"ENSG00000228044.3"
10.927116435086,-2.23555349154198,0.379211202099714,-5.89527281674062,3.74062834448051e-09,1.70248788582382e-08,"ENSG00000237863.3"
3.6568772508676,-1.81120308404367,0.307345872579722,-5.89304508578969,3.79142904512184e-09,1.72441462228729e-08,"ENSG00000234661.2"
2890.15495397411,1.00586418065543,0.170698563043306,5.89263414244588,3.80087319452651e-09,1.72841091773244e-08,"ENSG00000110719.10"
4.46708377555064,-1.65070880745037,0.280144614913116,-5.89234530873394,3.80752476421855e-09,1.73113615123197e-08,"ENSG00000287534.1"
865.756604804711,-1.03349859249003,0.175417102171474,-5.89166380983634,3.82326398329783e-09,1.73739056945021e-08,"ENSG00000103710.11"
230.895037021013,-1.82760357098471,0.310200603345002,-5.89168283774117,3.82282367560489e-09,1.73739056945021e-08,"ENSG00000152932.8"
3.30316425901827,-2.5896987121088,0.439583028652202,-5.89126181702016,3.83257768492834e-09,1.74102094487827e-08,"ENSG00000287101.1"
647.666899465701,-2.42873398074106,0.412267550520433,-5.89115970363205,3.83494704747837e-09,1.74179623632144e-08,"ENSG00000228971.3"
78.9402761285232,-1.47327979236443,0.250127638503666,-5.89011194915528,3.8593408739475e-09,1.75166492023547e-08,"ENSG00000170209.5"
10.6725212273439,-1.43301067602377,0.243295922995206,-5.88999050367158,3.86217811741098e-09,1.75234748209961e-08,"ENSG00000165972.13"
6.74875503625104,1.66893021516736,0.283380029880073,5.88937130070052,3.87667570553349e-09,1.75838641088727e-08,"ENSG00000233017.3"
6.57275014066778,1.74791045315808,0.296790992546961,5.88936489668401,3.87682592112757e-09,1.75838641088727e-08,"ENSG00000250471.2"
215.431827814444,1.01575996075337,0.172479974522203,5.88914721008736,3.88193545018513e-09,1.76009645286641e-08,"ENSG00000173013.6"
1325.03873109843,-1.02162210388133,0.173479390653002,-5.88901136922258,3.88512722100908e-09,1.76123980470857e-08,"ENSG00000149231.15"
5.35261244998802,1.81438148905936,0.308261938861699,5.88584336995745,3.96029241565756e-09,1.79407662621757e-08,"ENSG00000243083.7"
55.1726717218043,-1.11441566228706,0.189339759454305,-5.88579844771595,3.96136837034745e-09,1.79425480348462e-08,"ENSG00000248445.5"
282.345059892178,2.74417596583576,0.46628186223996,5.88522991791506,3.97501011828806e-09,1.79978119435477e-08,"ENSG00000077327.16"
25.2390814714889,-1.50150033475348,0.255174559178114,-5.88420859661568,3.99963143887402e-09,1.81033774305777e-08,"ENSG00000128242.13"
211.316800721818,1.63473510072234,0.277845720513034,5.88360726846487,4.01419720844618e-09,1.81630503402994e-08,"ENSG00000169583.13"
82.33886559021,-1.75246895199834,0.297972585625775,-5.88130934366986,4.07033619221062e-09,1.84043895537698e-08,"ENSG00000137561.5"
1329.98678853838,-1.62373224399264,0.276102680798914,-5.88089995828476,4.08041747440359e-09,1.84461639994499e-08,"ENSG00000148926.10"
10.0081449448675,-1.00721030475671,0.171268719093348,-5.88087719747434,4.08097868120534e-09,1.84461639994499e-08,"ENSG00000273125.2"
7.27633504075828,2.28531985757898,0.388607216438792,5.8807962407948,4.08297541580682e-09,1.84520161329206e-08,"ENSG00000229836.1"
13.8921381572734,1.16131353253439,0.197481892736307,5.88060766707894,4.08763013002123e-09,1.84667016736813e-08,"ENSG00000224985.1"
1909.36244317582,-1.18087808511557,0.200841957204046,-5.87963840601223,4.1116367842502e-09,1.85655834456678e-08,"ENSG00000136717.15"
172.001051665377,1.46272889616757,0.248780181245999,5.87960378853971,4.11249672277428e-09,1.85662768569906e-08,"ENSG00000111012.10"
2140.60280314424,-1.39990672343788,0.238231895069941,-5.87623551845101,4.19701095114006e-09,1.89348156264616e-08,"ENSG00000102554.14"
998.266155675813,-1.50471967994713,0.256130946899996,-5.87480621986158,4.23338255741245e-09,1.90956284776092e-08,"ENSG00000187193.9"
184.359878985116,1.75905200785398,0.299488121308998,5.87352847306779,4.26615716202386e-09,1.92269675662954e-08,"ENSG00000262772.2"
233.372279234722,1.16533409043877,0.198417728547603,5.87313492080017,4.2763015505386e-09,1.92684451322646e-08,"ENSG00000040608.14"
15.0077968167883,2.47102538302811,0.420777827273984,5.87251804363525,4.29224972248072e-09,1.93313042675948e-08,"ENSG00000284659.1"
11.2217874545752,-1.98169229647503,0.337508636314331,-5.87153063138043,4.31789791987853e-09,1.94314739864889e-08,"ENSG00000144339.12"
28.8542191601008,1.62626191898676,0.276972991971062,5.87155414473288,4.31728542662527e-09,1.94314739864889e-08,"ENSG00000179082.3"
11.9223659196819,1.01724605029435,0.173310682376808,5.86949423049802,4.37126564377224e-09,1.96669541562666e-08,"ENSG00000286729.1"
932.546133891886,1.72301163218959,0.293601104457628,5.86854615336863,4.39633026428121e-09,1.97695713714914e-08,"ENSG00000187017.17"
11.375889021999,-1.86804890386934,0.318377028897986,-5.86741107024998,4.42652282817384e-09,1.99019373957785e-08,"ENSG00000231453.1"
47.3923714544999,2.1144703666215,0.36040304184816,5.86696037796579,4.43856687065212e-09,1.99526751544758e-08,"ENSG00000168334.9"
6.13951243353473,1.68294511562816,0.286901139670861,5.86594085181702,4.46592989107829e-09,2.00722471369873e-08,"ENSG00000218502.3"
2724.84631574466,-1.01650113116454,0.173309770597844,-5.86522691512456,4.4851888636573e-09,2.01519152294647e-08,"ENSG00000095203.14"
34.7781920840423,1.99160677541551,0.339604048038821,5.86449657157163,4.50497404730883e-09,2.02373505143506e-08,"ENSG00000181378.14"
153.738173526015,-1.58507708483488,0.270343485965404,-5.86319688515714,4.54039312606501e-09,2.03894913592163e-08,"ENSG00000233251.8"
153.114857171109,1.60233755167409,0.273303118654658,5.86285864413711,4.54965522600448e-09,2.04275944585414e-08,"ENSG00000149927.18"
746.104479043094,1.94361215777176,0.33159560818276,5.86139294311922,4.59000362432146e-09,2.05981996349096e-08,"ENSG00000067715.14"
275.212243819364,1.29906065275751,0.221641479746049,5.86108996495578,4.59838745034783e-09,2.06323004002974e-08,"ENSG00000267270.6"
72.9432455633387,2.24093926532748,0.382484826726131,5.85889716072855,4.65951117477764e-09,2.08958525367438e-08,"ENSG00000177455.15"
101.176460343063,-1.11138977590036,0.189723339560944,-5.85794967805398,4.68616590482702e-09,2.10118022249187e-08,"ENSG00000128652.11"
7.2383151035232,-1.79651420674158,0.306804563692734,-5.85556546199486,4.75389718599061e-09,2.12973297488627e-08,"ENSG00000248752.3"
2253.52092749517,-2.02996861383868,0.346692743164066,-5.85523825884649,4.76326645526117e-09,2.13283978722461e-08,"ENSG00000113389.16"
112.198068852519,1.74922655816449,0.298851629130136,5.85316052402303,4.82318185032048e-09,2.15856481787542e-08,"ENSG00000100346.18"
4.75692780654146,3.22017121774797,0.550409788484882,5.85049772935936,4.90104154637708e-09,2.19176681627224e-08,"ENSG00000232756.1"
6.30894948419253,1.66212432671843,0.284100464635631,5.85048084609846,4.90153909071992e-09,2.19176681627224e-08,"ENSG00000287234.1"
15.2183735156,-1.43708726750888,0.24567318140734,-5.84958952082809,4.92787606726907e-09,2.20279412503572e-08,"ENSG00000249741.2"
778.223426690346,1.11847313555512,0.1912278364118,5.84890336335002,4.94824447475859e-09,2.21152283241889e-08,"ENSG00000134253.10"
18.1667035060429,1.70675493083888,0.291968185581149,5.84568804111882,5.04478692852901e-09,2.25352106780178e-08,"ENSG00000185269.12"
5.12694506424791,-1.65918415299068,0.283852228047642,-5.8452391386979,5.0584105169376e-09,2.25845527479511e-08,"ENSG00000132855.5"
69.4433472574146,-1.09737972897324,0.187829620871496,-5.84242104031086,5.14475740134674e-09,2.29505776539372e-08,"ENSG00000277879.1"
23.3509259107938,1.41865852273205,0.242906129586391,5.84035703482526,5.20890687748564e-09,2.32288612772027e-08,"ENSG00000170122.5"
730.749693144788,-1.77550002719012,0.304156990177265,-5.83744607071285,5.30070435629817e-09,2.36221962192169e-08,"ENSG00000198768.11"
58.4724071147994,-1.71102216217548,0.293122882189418,-5.83721799333907,5.30796291716187e-09,2.3650533533596e-08,"ENSG00000125337.19"
2.76420816744011,3.35820107377228,0.57533903077592,5.83690814308793,5.31783939373872e-09,2.36865091721791e-08,"ENSG00000228358.6"
231.272215496671,-1.52166600502234,0.260704473323305,-5.83674681767078,5.32298871685802e-09,2.37054278945944e-08,"ENSG00000228649.9"
7.6300325876575,-1.09044781922738,0.186853924172284,-5.8358304437961,5.35233049316565e-09,2.38320607627251e-08,"ENSG00000253541.1"
3.75837423526319,-3.18794965937456,0.54631319355771,-5.83538837605941,5.36654146033817e-09,2.38912899294594e-08,"ENSG00000287693.1"
41.9947855840731,1.73806609719943,0.297852463491652,5.83532557301861,5.3685633391688e-09,2.38962436590538e-08,"ENSG00000170075.9"
12.9924502049029,-2.10584007362171,0.360889643696408,-5.83513578292985,5.37467793937487e-09,2.39117566847128e-08,"ENSG00000121871.4"
61.0915569309324,4.49853840106701,0.770940206972208,5.83513268653425,5.37477775427193e-09,2.39117566847128e-08,"ENSG00000240521.1"
7.46450556238876,-2.82665957737615,0.484420125349901,-5.83514067532687,5.3745202325485e-09,2.39117566847128e-08,"ENSG00000279000.3"
278.739414003306,-1.31356763707186,0.2251622039868,-5.83387270959945,5.41554419525869e-09,2.40890444454526e-08,"ENSG00000081853.15"
25.0531134926433,1.33305781554085,0.228573801104841,5.83206740710154,5.47447932155109e-09,2.43429562658855e-08,"ENSG00000176383.9"
52.4785021610292,1.10881493496511,0.190249083705811,5.82822746562977,5.60191889428352e-09,2.48885794823104e-08,"ENSG00000203896.10"
30.6473892873669,1.53383283932473,0.263194474159232,5.82775472100816,5.61780642787789e-09,2.49549474649894e-08,"ENSG00000070808.16"
3704.48613984401,-1.00458771737354,0.172382503626638,-5.82766635962877,5.62078084809402e-09,2.49639411644649e-08,"ENSG00000102908.22"
279.155794186709,-2.25721092947011,0.38743044795368,-5.82610618600626,5.67355244559233e-09,2.51940619158555e-08,"ENSG00000205502.4"
168.463734697367,1.40091834214265,0.240550755744992,5.8237952227752,5.75260563254159e-09,2.5532165897623e-08,"ENSG00000186810.8"
27.4182111017742,-1.99807892267112,0.343138878146953,-5.82294531433253,5.78194787449685e-09,2.5649403870595e-08,"ENSG00000147573.17"
128.521682940765,-1.1971326901258,0.20559634204926,-5.82273341146785,5.78928625463019e-09,2.56652556500523e-08,"ENSG00000183092.16"
210.519026593441,-2.14275469424067,0.368046901988063,-5.82196095841656,5.81611376545099e-09,2.5779213189058e-08,"ENSG00000112246.10"
7.03469622271109,3.09628290626965,0.531843812333024,5.82178984594607,5.82207289075138e-09,2.58012753094772e-08,"ENSG00000183273.7"
2205.28800649316,-1.04478525771184,0.179493830838147,-5.82073073393784,5.85908966502696e-09,2.59565671254962e-08,"ENSG00000185339.9"
253.22902095982,2.04402487493919,0.351202493846581,5.82007505855609,5.88212065452435e-09,2.60542061482167e-08,"ENSG00000269516.6"
4.81799814743182,1.84558188749302,0.317131812098828,5.81960502567897,5.89868500945961e-09,2.61231738481275e-08,"ENSG00000255050.1"
28.3015252879847,2.25172086379145,0.386978718874067,5.81872013619493,5.92999247128886e-09,2.62573992781935e-08,"ENSG00000131096.10"
1506.26939266911,-1.43006277314535,0.24577916356847,-5.81848661368303,5.93828143656747e-09,2.62896731141552e-08,"ENSG00000101445.10"
599.6842528312,-1.67715996433193,0.288281431677919,-5.8177869957498,5.96318214645121e-09,2.63954664091148e-08,"ENSG00000198523.6"
3.68277230852414,-1.80750539857689,0.310728737431759,-5.81698819850499,5.991737030836e-09,2.65173962145973e-08,"ENSG00000111245.17"
8.50460234878674,1.56914112783878,0.269845618823592,5.81495869630769,6.06488593065746e-09,2.68275768767083e-08,"ENSG00000265800.1"
5.53423136785737,2.15717573621965,0.370973146057515,5.81491075336543,6.06662438756063e-09,2.68307513718061e-08,"ENSG00000248399.1"
56.5259953383344,-1.78034377734069,0.30627785849434,-5.81283866255579,6.14222534464211e-09,2.7146838903409e-08,"ENSG00000253641.6"
115.381588972373,-1.18297254381138,0.203525237617054,-5.81241205101659,6.15790378494754e-09,2.72115573442436e-08,"ENSG00000259363.6"
4.20193852127111,-1.46924407562839,0.252814224150757,-5.81155621509753,6.18947415735282e-09,2.73464681041959e-08,"ENSG00000231024.1"
18.2906665693542,-1.0274965766959,0.176834772945063,-5.81048941666644,6.22904707543314e-09,2.75166845933924e-08,"ENSG00000106633.17"
10.12670403571,2.34716956450515,0.403990162085119,5.80996713482001,6.24851076482705e-09,2.75980267085724e-08,"ENSG00000286456.1"
678.247618095807,-1.10008350058033,0.189382427631222,-5.80879395380065,6.2924472067363e-09,2.77874130345862e-08,"ENSG00000182983.15"
92.0122698365993,1.35080094558003,0.232555552940562,5.80850867029296,6.30317660777059e-09,2.78301182527536e-08,"ENSG00000118298.12"
25.407775571764,-1.12065666410888,0.192940688929838,-5.8082961677223,6.31118030846783e-09,2.78607764910595e-08,"ENSG00000272950.1"
542.685057803114,-1.23892784470564,0.213334853976647,-5.80743287658596,6.34379709420880e-09,2.79859622061403e-08,"ENSG00000173320.12"
1003.97616974499,-1.10356525160172,0.190049730731046,-5.80671831186893,6.3709186815835e-09,2.81008938792987e-08,"ENSG00000102935.12"
4.96544039796479,-2.45398633472162,0.422622642554007,-5.80656616004199,6.37670821145975e-09,2.81217111795315e-08,"ENSG00000228528.2"
113.802061728782,-1.21805995722917,0.209833732341631,-5.80488152994408,6.44115305266936e-09,2.83947293324436e-08,"ENSG00000009724.17"
1700.89597605256,-1.28431521458528,0.221248144270438,-5.80486321736296,6.44185706168623e-09,2.83947293324436e-08,"ENSG00000123080.12"
6.128164872881,-2.84466397489453,0.49009717081906,-5.80428564837556,6.46409957296771e-09,2.84879934902554e-08,"ENSG00000235009.1"
131.516397046069,1.37852326897985,0.237510889167339,5.80404239069902,6.47348990433384e-09,2.8524594911234e-08,"ENSG00000197837.3"
191.11135767145,2.39769808608303,0.413112957196146,5.80397696154711,6.47601789038341e-09,2.85309510946761e-08,"ENSG00000228630.5"
6.48856174145907,-2.08060904161608,0.358485269996777,-5.80388991055277,6.47938276815612e-09,2.85409915666525e-08,"ENSG00000260922.2"
91.8140922960016,-2.19369805390868,0.378068867821932,-5.80237686997781,6.53814035489116e-09,2.87708824858462e-08,"ENSG00000080166.16"
4.62195073955079,-1.41121172819091,0.243252761181804,-5.80142121032777,6.57551924267302e-09,2.89305235645159e-08,"ENSG00000226889.3"
434.560435549598,-3.52491650472051,0.607933890712649,-5.79819049171356,6.70342827383819e-09,2.94834184654556e-08,"ENSG00000185149.6"
330.016265599647,2.19416742330109,0.378544947214427,5.79631940525732,6.77861058857278e-09,2.98041152074351e-08,"ENSG00000230873.9"
12.3787568097257,-2.58386046360955,0.445789204811748,-5.79614857363064,6.78551550336579e-09,2.9829484778469e-08,"ENSG00000250584.3"
4417.68855109959,-1.11536331808332,0.192466536758539,-5.79510255064554,6.82794456237495e-09,3.00059680450532e-08,"ENSG00000007237.19"
698.705103091471,1.25923135350648,0.217351337370867,5.79352935545938,6.89224316270456e-09,3.0283470292298e-08,"ENSG00000181392.17"
12.4621300296761,2.7780844552105,0.479568521580052,5.79288324858655,6.91882066476507e-09,3.03850095827377e-08,"ENSG00000188133.6"
5.8988478838129,-1.1987338455601,0.206949869071289,-5.79238755230701,6.93927859301600e-09,3.04697625357221e-08,"ENSG00000259762.1"
9.18692468361558,1.64834046443211,0.284655111132072,5.79065823858447,7.01111090859965e-09,3.07704007680751e-08,"ENSG00000256802.2"
18.3083869867013,1.28300614734121,0.221564955170586,5.79065469245084,7.01125894840975e-09,3.07704007680751e-08,"ENSG00000257596.1"
3708.31947115909,-1.27744561075061,0.220628792979929,-5.790022206516,7.03771190812848e-09,3.08813388636476e-08,"ENSG00000173210.20"
12.9391471323818,-1.17440678097245,0.202852976077819,-5.78944811991281,7.061806400532e-09,3.09818927443804e-08,"ENSG00000280401.1"
5.98102620734716,-1.34568171949542,0.232496125309222,-5.78797482197025,7.12400861265775e-09,3.12443588144662e-08,"ENSG00000106328.10"
482.888996902399,2.18095294305413,0.376823540911021,5.78773008125073,7.13439297078857e-09,3.1280653608873e-08,"ENSG00000115290.10"
12.5295416242338,-1.11442253377249,0.192579224904192,-5.78682635329389,7.17286587132939e-09,3.14376532536304e-08,"ENSG00000280087.1"
2776.91609680292,1.56786297577561,0.270953315130827,5.78646906393666,7.18813173959734e-09,3.14940581169489e-08,"ENSG00000112796.10"
234989.32435687,1.5047049480655,0.260064512919276,5.78589108977187,7.21289370657986e-09,3.15972830306242e-08,"ENSG00000164692.18"
280.91485615734,1.0368664132843,0.179220859774508,5.78541144478865,7.23350595402433e-09,3.16822980329238e-08,"ENSG00000102981.10"
133.446125517803,-1.31794198327873,0.227834445745952,-5.78464761534921,7.26644903258845e-09,3.18212839674366e-08,"ENSG00000130528.12"
4.52539978897381,-1.70688596886476,0.295125113032715,-5.78360123719988,7.31181504028302e-09,3.20146171112442e-08,"ENSG00000249906.1"
40.4036418250715,1.22236647147255,0.211430706259354,5.78140466490764,7.4079457584021e-09,3.24031363477851e-08,"ENSG00000261654.1"
164.632496673034,-1.25429921521834,0.216962642927472,-5.78117595865402,7.41802521030346e-09,3.24418260611674e-08,"ENSG00000160097.20"
6.00773934577283,2.02754628517532,0.350755406586303,5.78051327820785,7.44730596428895e-09,3.25644634778524e-08,"ENSG00000253666.2"
1193.45759676731,1.82868536433441,0.316373759675494,5.78014234243101,7.46374491452164e-09,3.26254899938944e-08,"ENSG00000170476.16"
770.545121694497,-2.19220713120373,0.379385264377568,-5.77831385939657,7.54529578121109e-09,3.29753882739774e-08,"ENSG00000172927.8"
10.6522861703869,2.83658651153284,0.490904021402439,5.77829145385514,7.54630042870088e-09,3.29753882739774e-08,"ENSG00000280217.1"
13.1221224142449,1.6922045266921,0.292895321615002,5.77750616623513,7.5815944207822e-09,3.31241070072871e-08,"ENSG00000143194.13"
102.654171018249,2.04597379500473,0.354200051105405,5.7763226984851,7.63508765025856e-09,3.3352275851653e-08,"ENSG00000069482.7"
8.84181380986525,2.65003380674474,0.458837730154499,5.77553595222526,7.6708518017305e-09,3.35013712255409e-08,"ENSG00000094796.5"
32.6751852487468,-1.63828651951872,0.283728376781767,-5.77413700420537,7.73484837164811e-09,3.37656127886396e-08,"ENSG00000261390.6"
1374.87014300708,1.07307302884633,0.185945076891069,5.77091389988758,7.88427543400618e-09,3.44007794667029e-08,"ENSG00000007255.10"
3.60237284012781,1.91495966982447,0.331912783447197,5.76946645421724,7.95229057623121e-09,3.46917851461678e-08,"ENSG00000175746.6"
246.624631523136,-1.32735240535708,0.230103290629059,-5.76850683763953,7.99769687296232e-09,3.48782917884423e-08,"ENSG00000253293.5"
5.81331310371404,1.25836660835254,0.21817826308721,5.76760760007309,8.04047493955674e-09,3.50482746221449e-08,"ENSG00000258384.1"
618.702443298311,1.28065900979068,0.222050636423214,5.76741877627328,8.04948578922033e-09,3.50808629553751e-08,"ENSG00000079931.15"
34.9818483735018,1.13503339498056,0.196835842399888,5.76639590199556,8.0984692323257e-09,3.52826396987318e-08,"ENSG00000283828.1"
9.61886540562868,1.45915261115695,0.253087851906434,5.76539964350562,8.14645664439282e-09,3.54623164029846e-08,"ENSG00000257660.5"
15.9943177099962,-1.23978376309125,0.215057366409658,-5.76489791439931,8.17072831051644e-09,3.55503100337054e-08,"ENSG00000274340.1"
7.33873487001796,1.48911707902189,0.2583380557979,5.76421880401095,8.20369300008659e-09,3.56878296614161e-08,"ENSG00000229178.1"
23.2078000177021,-1.1150476808619,0.193509729861794,-5.7622305692756,8.30094908724869e-09,3.60929935168312e-08,"ENSG00000119608.14"
88.3825930611538,-1.15163434287505,0.199890838415654,-5.76131628644399,8.34604735231332e-09,3.62830811459152e-08,"ENSG00000286039.1"
92.1230241916449,1.32584784111639,0.230142700372326,5.76098150830517,8.36262025655277e-09,3.63431069482859e-08,"ENSG00000270605.1"
13.8027194079096,3.17360547701177,0.550923749902025,5.76051672772532,8.38568187548519e-09,3.64373057390069e-08,"ENSG00000287559.1"
11.2174540206943,1.36247445164987,0.236561830083856,5.75948559058281,8.43706611227675e-09,3.66424067572839e-08,"ENSG00000274677.1"
43.630919202249,1.44673413980135,0.251226297799621,5.7586890881753,8.47696732495141e-09,3.67974581616883e-08,"ENSG00000214077.4"
33.1018497113533,-1.69428945621698,0.294364743140294,-5.75574859319848,8.62586801920908e-09,3.74190980387674e-08,"ENSG00000146147.15"
4.49560437177355,-1.63821863264239,0.284635740002131,-5.75549167729299,8.6389978465519e-09,3.74636890610081e-08,"ENSG00000260693.1"
2310.06974702457,-1.06193182090168,0.184541726191222,-5.75442661569833,8.69363593588474e-09,3.76838067662928e-08,"ENSG00000138735.16"
16.862898113655,-1.24975363427934,0.217181571066459,-5.75441842575542,8.69405738208795e-09,3.76838067662928e-08,"ENSG00000287998.1"
3361.6642184173,-1.31405054338428,0.228390698996365,-5.75352038922211,8.74039013250852e-09,3.78596595654011e-08,"ENSG00000099864.18"
109.401977291753,1.14519757985223,0.199092421643129,5.75209026240578,8.81467117597476e-09,3.81625460697283e-08,"ENSG00000114646.10"
164.171748612317,2.31254971440846,0.402035388883975,5.75210486029092,8.81390986800154e-09,3.81625460697283e-08,"ENSG00000151224.13"
7.59297949876845,-3.54028167450134,0.615570344974923,-5.75122194141039,8.86007097655528e-09,3.8352784181123e-08,"ENSG00000242317.1"
22.2491307996399,1.81773692013872,0.316121142496973,5.75012764341166,8.91760973962683e-09,3.85810859907453e-08,"ENSG00000244541.6"
28.0434521301725,-1.1266329505983,0.195932509511134,-5.75010728648011,8.91868355196198e-09,3.85810859907453e-08,"ENSG00000258789.1"
5.1089910361156,-1.45438386680493,0.252933730276751,-5.75005897874354,8.92123225066845e-09,3.85857608156277e-08,"ENSG00000277425.1"
14492.8696693041,-1.37430855182509,0.23901650965364,-5.74984779844961,8.93238236243316e-09,3.86276304728847e-08,"ENSG00000147862.17"
21.8655939358272,-1.29494240481647,0.22527982486447,-5.74815079688347,9.02247557026724e-09,3.90108155763948e-08,"ENSG00000256069.7"
60.3874385389597,1.71968319002234,0.299193233107133,5.74773423905134,9.04472515059253e-09,3.91005848450944e-08,"ENSG00000228146.8"
8.5554029533821,2.38476744783199,0.414911585889995,5.74765209970363,9.04911874646407e-09,3.91131453925443e-08,"ENSG00000111218.12"
8.98144757591174,1.27349604930059,0.221632116946725,5.74599054886394,9.13844111184166e-09,3.94862380706306e-08,"ENSG00000248626.1"
14.9362458840172,-1.71999268755619,0.299390471097649,-5.74498139920827,9.19310915698241e-09,3.97028723434318e-08,"ENSG00000246363.3"
15.1602777112754,-1.84590444757555,0.321432961574635,-5.74273540128815,9.31592382780597e-09,4.02068541691383e-08,"ENSG00000184139.8"
12.0082585231381,1.46010111236239,0.254301326684814,5.74161814803296,9.37760953869075e-09,4.04531575767188e-08,"ENSG00000278876.1"
12.1278676147029,1.38398388357668,0.241074572752769,5.74089530792615,9.41773028392938e-09,4.06195639617328e-08,"ENSG00000263105.1"
8.9322199112603,-4.16970052513754,0.726430308272498,-5.73998699896399,9.4683819727487e-09,4.08313292488477e-08,"ENSG00000171560.16"
19.5033042366862,1.23463362296021,0.215124856707233,5.73914907769326,9.51534326313446e-09,4.10117418013107e-08,"ENSG00000263011.1"
21213.1820610972,1.08784359013114,0.189550165188253,5.73908014825913,9.51921647548984e-09,4.10168993183238e-08,"ENSG00000104447.13"
19.2619091937939,-1.40503473154137,0.244885414223587,-5.73751905966328,9.60734708822117e-09,4.13830729050812e-08,"ENSG00000203808.12"
8.37676088925915,2.34397199116981,0.409066237781586,5.7300548778639,1.00398148566416e-08,4.31892788366559e-08,"ENSG00000137392.10"
394.039075176381,-1.03932837983249,0.181391545279322,-5.72975095521703,1.00578189443904e-08,4.32596486883254e-08,"ENSG00000111879.20"
3.42229691496412,-2.98707505605647,0.521342196441013,-5.72958620354921,1.00675917884331e-08,4.32945979331111e-08,"ENSG00000285734.1"
2.82093620257872,-3.45479188672174,0.603208154679717,-5.72736270211087,1.0200393143087e-08,4.38585201002617e-08,"ENSG00000205186.4"
6472.83243790858,1.13569014433386,0.19843917388371,5.72311465577557,1.04588628772907e-08,4.49184235076321e-08,"ENSG00000092068.20"
24.1518486975882,1.81857555152796,0.317813736506559,5.722142697537,1.05188898381342e-08,4.51688450425614e-08,"ENSG00000178752.16"
4.65363590334925,-1.50969790308206,0.263882988691736,-5.72108839060355,1.05843811409934e-08,4.54352235684911e-08,"ENSG00000021461.17"
148.73255032468,-1.18220023622063,0.206726109736656,-5.71867887286523,1.0735546509839e-08,4.60239935515589e-08,"ENSG00000196972.9"
18.3448147928686,-2.76727958910031,0.483934409636529,-5.71829473993953,1.07598388814622e-08,4.61206140183221e-08,"ENSG00000143125.6"
10.9478216941512,1.29663139789683,0.226787525167658,5.71738413273951,1.08176388377978e-08,4.63456918032075e-08,"ENSG00000214121.4"
68590.8124846701,-1.09308657047705,0.191197084350424,-5.71706715189055,1.0837829620009e-08,4.64246274009644e-08,"ENSG00000198695.2"
37.306517107907,1.01903762923789,0.17834798808022,5.71376016184458,1.10506717470017e-08,4.73055140387937e-08,"ENSG00000254605.1"
11976.4823666531,1.05692905944328,0.184994781135792,5.71329122342894,1.10811801765767e-08,4.74206674961157e-08,"ENSG00000131844.16"
5.30216378966622,-1.58733405592297,0.277851619314493,-5.71288394805541,1.1107743304687e-08,4.75266034544023e-08,"ENSG00000213994.3"
534.601360460553,1.77575472448448,0.310904983865559,5.7115672524965,1.11940443187429e-08,4.78724798037487e-08,"ENSG00000149968.12"
59.6203003965241,1.66884345713965,0.292317430666946,5.70901110252662,1.13634479219372e-08,4.85732420198727e-08,"ENSG00000260459.2"
49.1094402067036,1.49768306910993,0.262364183376327,5.70841282463353,1.14034558999702e-08,4.87284075556522e-08,"ENSG00000042832.12"
5.26849077194729,-2.70081445638739,0.473573187293121,-5.7030561037986,1.17678227999469e-08,5.02363902020146e-08,"ENSG00000283142.1"
11.8230211461559,-2.05275360189758,0.359945909126442,-5.70295022071354,1.17751378377326e-08,5.02594548436121e-08,"ENSG00000261706.1"
106.093170072242,1.89744460321051,0.332750379294799,5.70230635719118,1.18197150071123e-08,5.04199820002789e-08,"ENSG00000071909.19"
4226.37870337891,1.12951727680361,0.198080205408699,5.70232282662003,1.18185727237383e-08,5.04199820002789e-08,"ENSG00000146476.11"
8.47383324175361,1.92843842175402,0.338186295164835,5.70229618800514,1.1820420373068e-08,5.04199820002789e-08,"ENSG00000286424.1"
8.30416052739251,-1.13736649284414,0.199461189992076,-5.70219446143548,1.1827478691717e-08,5.04419032829937e-08,"ENSG00000223884.7"
12.6820007389992,2.06729439235628,0.362564487335278,5.70186674252121,1.18502453958976e-08,5.05226034040184e-08,"ENSG00000221887.6"
20.1065504347556,-1.0454424254532,0.183389941625694,-5.70065302483704,1.19349341147129e-08,5.08671652782737e-08,"ENSG00000283156.1"
51.6250268219317,2.39449921500131,0.420202468880034,5.69844156647477,1.20907559701915e-08,5.15229296239485e-08,"ENSG00000204936.10"
10162.2311533415,1.32758581824147,0.232995766861777,5.6978967305833,1.21294481847147e-08,5.16794320128125e-08,"ENSG00000124126.14"
362.413052084158,1.85707726130228,0.325949821183229,5.69743298082176,1.21624767295646e-08,5.18117566223463e-08,"ENSG00000152669.9"
1181.47736172336,2.18760410664532,0.384089438811439,5.69555912137247,1.22968263669704e-08,5.2350143218246e-08,"ENSG00000160867.15"
19.9321805158143,1.68770611092111,0.296375806696237,5.69448002431211,1.23748472621786e-08,5.26481847586765e-08,"ENSG00000246214.2"
26.8207432011388,1.37676206034197,0.241785617570617,5.6941437384706,1.23992595588964e-08,5.27435083744996e-08,"ENSG00000251002.8"
7.70807172580619,-2.34774935899734,0.412340763080747,-5.69371153474242,1.24307036333742e-08,5.28687078154704e-08,"ENSG00000286848.1"
14.5402140339953,-1.48002847032909,0.260143758049222,-5.68927150675303,1.27582478588929e-08,5.41828706936729e-08,"ENSG00000286990.1"
5.3686164192371,-1.38229964559568,0.24296794210077,-5.68922646191066,1.27616134401882e-08,5.41884083460269e-08,"ENSG00000250659.2"
8.38310285583076,-2.38167360475027,0.41870389841027,-5.68820499114763,1.28381658844902e-08,5.45046603307932e-08,"ENSG00000275612.1"
18.0541882621838,-1.14597959578189,0.201470918416022,-5.6880645841676,1.28487232709721e-08,5.45406722309804e-08,"ENSG00000100312.11"
70.4989544048951,1.18901499337002,0.20918906834925,5.68392508629997,1.31637957526037e-08,5.58240089644136e-08,"ENSG00000182685.7"
37.15843966005,5.17201956397418,0.909976025380676,5.68368772332275,1.31820880885997e-08,5.58925638523561e-08,"ENSG00000238118.1"
10.6213522530124,2.44629546560195,0.43054713444823,5.68182962995912,1.33261375591752e-08,5.64740451616785e-08,"ENSG00000253959.1"
4.26748329867501,-2.79281155867996,0.491533443198299,-5.68183426240085,1.33257765326427e-08,5.64740451616785e-08,"ENSG00000254529.1"
232.668869791567,-1.07657165727366,0.189487613342528,-5.68148829510873,1.33527654457825e-08,5.65706136326477e-08,"ENSG00000204851.7"
40.8648052619096,-2.45752468101417,0.432607098546719,-5.6807312900548,1.34120047736889e-08,5.67849763968491e-08,"ENSG00000196104.11"
3451.3609484738,-1.54564729335981,0.272150413529814,-5.67938616485138,1.3517897902244e-08,5.72148838103997e-08,"ENSG00000050628.20"
9.31967921031972,-1.21515118925314,0.213963081196627,-5.67925635795292,1.35281596398412e-08,5.72398821593022e-08,"ENSG00000267708.1"
202.782773903245,2.40139767820057,0.422834749234912,5.67928175852556,1.35261510309131e-08,5.72398821593022e-08,"ENSG00000287914.1"
5629.87358093222,-1.24711451265482,0.219718554297111,-5.67596358279525,1.37910118221202e-08,5.8305123810939e-08,"ENSG00000000971.16"
10.7524521623397,2.04923470666027,0.361105397178681,5.67489359802139,1.38774885684333e-08,5.86330026575633e-08,"ENSG00000159337.7"
989.283756984009,-1.00849578528126,0.17772098980031,-5.67460144361351,1.39011920528798e-08,5.87237113336373e-08,"ENSG00000173258.13"
169.976261781929,-1.88701192667391,0.332606636619113,-5.67340431283947,1.39987307983076e-08,5.91144809161138e-08,"ENSG00000086696.11"
29.3719725487444,1.64677635426013,0.290390874923317,5.67089566672846,1.42052891846231e-08,5.99312714171162e-08,"ENSG00000199753.1"
7.83694214206254,-2.69385884215606,0.475075604322612,-5.67037923573681,1.42481773821376e-08,6.00832816159319e-08,"ENSG00000140015.20"
1510.05140469489,1.48850718241463,0.262587315952989,5.66861798717313,1.43953924001493e-08,6.06554174167241e-08,"ENSG00000168421.13"
5.74832172044587,2.44261635796834,0.430987911856378,5.66748229073838,1.44911027106048e-08,6.10195680303645e-08,"ENSG00000286607.1"
12.0845606705791,1.47422923282042,0.260137382395519,5.66711796376485,1.45219369504128e-08,6.11298191551327e-08,"ENSG00000285812.1"
2.71998114995606,3.87091121104625,0.683072244185706,5.66691333749153,1.45392831133529e-08,6.11930372059836e-08,"ENSG00000220891.1"
6.58041964221936,-1.31538220715174,0.232152877174647,-5.66601725190846,1.46154816077051e-08,6.14940481154029e-08,"ENSG00000273312.2"
31.2029220572584,-1.14727526689237,0.202488003013281,-5.66589254582713,1.46261166708561e-08,6.15289453547986e-08,"ENSG00000267325.2"
10.2699356496421,-1.37319134878327,0.242376706837951,-5.6655252342436,1.46574850783653e-08,6.16411740479606e-08,"ENSG00000258949.1"
13.3032822676916,2.99579759723971,0.528811874956701,5.66514811620863,1.46897589442281e-08,6.17670171316737e-08,"ENSG00000215182.8"
5.7482404372595,-2.10624902104672,0.371793153717176,-5.66510975252908,1.46930459841917e-08,6.17709565976479e-08,"ENSG00000187922.14"
12.4046140248087,-1.08803044877594,0.192071003982185,-5.66473036646829,1.47255906691959e-08,6.18978770428827e-08,"ENSG00000200253.1"
4.39739911766457,-1.22258948558237,0.215884124529048,-5.66317457686826,1.48597840656166e-08,6.24519610458373e-08,"ENSG00000286349.1"
337.188738106929,1.41190409908016,0.249325771052963,5.66288873034403,1.48845683707281e-08,6.25461223111461e-08,"ENSG00000183317.17"
89.8278744132197,-1.43474984176796,0.253392527181859,-5.66216319685801,1.49476561431287e-08,6.27911449681949e-08,"ENSG00000179846.10"
48.3844247452371,1.73852813578635,0.307073367974638,5.66160506608942,1.49963643208591e-08,6.29756254688387e-08,"ENSG00000226453.2"
3.99754777090712,4.53733823217137,0.801441613870978,5.66147072181084,1.50081115725501e-08,6.301488890941e-08,"ENSG00000250475.1"
38.0315532903944,-1.13212611710756,0.199993140151506,-5.66082474753837,1.50647213991702e-08,6.32424752045665e-08,"ENSG00000272690.6"
5459.66026917045,1.00605372339008,0.177742516084615,5.66017487291081,1.51218823029541e-08,6.34723018925016e-08,"ENSG00000136603.14"
3.51415916451651,-1.60586937991108,0.283735654297191,-5.65973770158989,1.51604529683091e-08,6.36240373333923e-08,"ENSG00000237154.2"
579.508441569667,-1.12413047664828,0.198688953849247,-5.65774017563758,1.53379095280323e-08,6.43276869370993e-08,"ENSG00000112182.15"
4281.34300712764,-1.31073353884474,0.231734824471989,-5.65617853005594,1.54780469042076e-08,6.4884367596522e-08,"ENSG00000106538.10"
21.9510023309256,1.00462554185524,0.177638854123057,5.65543808990853,1.55449256286827e-08,6.51128008325572e-08,"ENSG00000287642.1"
3.39650643664667,2.86589882649331,0.50676406930162,5.65529207791479,1.55581469514038e-08,6.51577970794609e-08,"ENSG00000180869.4"
824.493647830299,1.68643631528466,0.298232022180301,5.65477946652253,1.56046502287238e-08,6.53421422035649e-08,"ENSG00000178401.16"
2.91416478969783,-2.1398077198391,0.378412037411437,-5.65470309685881,1.56115899060389e-08,6.53607883227661e-08,"ENSG00000223750.1"
141.67298491129,-1.02792146843093,0.181879824795049,-5.6516519607892,1.58913108310429e-08,6.64830822604747e-08,"ENSG00000250802.7"
9.71415429669199,-1.61430953084048,0.285654322936889,-5.65126938827085,1.5926725770223e-08,6.66164958855094e-08,"ENSG00000232709.1"
2690.44076994622,-1.02429082020472,0.181285119229833,-5.65016491456273,1.60293981184907e-08,6.70246102682803e-08,"ENSG00000168994.14"
21.6444819068071,1.54782083885404,0.274001814060635,5.64894376396908,1.6143665118239e-08,6.74809309745218e-08,"ENSG00000205847.6"
4.49699311857577,-1.48487105733143,0.262914224925064,-5.64773951563346,1.62571251119154e-08,6.79335892593936e-08,"ENSG00000100565.15"
9.71354769189796,1.27215451075467,0.22531139933974,5.64620571565681,1.64027561012938e-08,6.85094615233444e-08,"ENSG00000228126.1"
36.8529675823425,-2.75587221234701,0.488117306028146,-5.64592195013897,1.64298375559082e-08,6.86116698950572e-08,"ENSG00000122787.15"
12.6308546125498,1.7719505492582,0.314049067211935,5.64227292565848,1.67819792114944e-08,7.00012676742549e-08,"ENSG00000286732.1"
131.749167063036,1.06411209774161,0.188670730323892,5.64004864938425,1.700021256419e-08,7.08809624107186e-08,"ENSG00000272455.1"
16.8694233349315,-1.78703164923684,0.316988933452966,-5.63752062184213,1.72515951368303e-08,7.19176727321884e-08,"ENSG00000121075.11"
7.3034575742709,-1.70589747173549,0.302599008962349,-5.63748532285429,1.7255130632884e-08,7.19210043696042e-08,"ENSG00000261821.2"
983.564555130601,1.15083209901802,0.204190393442163,5.63607366447429,1.73970984907147e-08,7.24897490060155e-08,"ENSG00000141577.14"
21573.6499694504,1.8289579531782,0.324611274808631,5.63430199476723,1.7576877794454e-08,7.31924359869185e-08,"ENSG00000091831.24"
752.31927558935,-1.0386628967584,0.184441107663633,-5.63140673961154,1.78745623239391e-08,7.43731195381375e-08,"ENSG00000079335.20"
280.792864000776,-1.00863917440821,0.17917105785203,-5.62947602419806,1.80757895585888e-08,7.51680224305768e-08,"ENSG00000102383.14"
449.767570161414,2.30898651133773,0.410160984423886,5.6294640373485,1.80770457230131e-08,7.51680224305768e-08,"ENSG00000170743.17"
5.90951955485684,1.38127742067078,0.245391936584112,5.62886230044209,1.81402139220379e-08,7.53949055545294e-08,"ENSG00000260167.1"
1589.42563877759,1.04511533374605,0.185694457031616,5.62814502087215,1.8215791436775e-08,7.5673125039386e-08,"ENSG00000127328.22"
3473.75287311272,-1.02702683541462,0.182481698109349,-5.62810871476654,1.82196250168522e-08,7.56770897507813e-08,"ENSG00000144824.21"
49.0120908733372,1.14437371525013,0.203350744926711,5.62758555746906,1.82749525150673e-08,7.58949047094374e-08,"ENSG00000247735.2"
10.4742596288105,1.48048863078788,0.263153115918905,5.62595896164163,1.84480204518325e-08,7.65894439355497e-08,"ENSG00000286011.1"
13.2689672290716,-5.72553254580671,1.01791058735122,-5.62478926632008,1.85734573183225e-08,7.70493611355411e-08,"ENSG00000231056.1"
76.2329304558739,1.28608865676725,0.228653444165394,5.62461965732285,1.85917146159897e-08,7.71129283520078e-08,"ENSG00000228203.7"
25.2646756736027,-1.33232189280149,0.236888533781934,-5.62425657135414,1.86308570425589e-08,7.72630871736538e-08,"ENSG00000279013.1"
32.7467251089492,-2.16378208181308,0.384728377245687,-5.62418113606236,1.86389993660596e-08,7.72846599365058e-08,"ENSG00000232821.1"
22068.9574213318,-1.24390103245845,0.221241591189662,-5.62236524231155,1.88360490269237e-08,7.80770718535975e-08,"ENSG00000077942.19"
362.599266851449,-1.32074668818235,0.234989039907111,-5.62046080406315,1.90448797533406e-08,7.89302458903823e-08,"ENSG00000148082.10"
36.4500503686195,-1.22927058183631,0.218809248031449,-5.61800103467121,1.93179343416491e-08,7.99988319262493e-08,"ENSG00000126861.5"
8.87408895195423,2.47647593470625,0.440964758586381,5.61604048052545,1.95382905668497e-08,8.08858763992876e-08,"ENSG00000235029.1"
82.7496227479684,-1.40006634227912,0.249318013659668,-5.61558437646744,1.95899031671665e-08,8.10867739914652e-08,"ENSG00000196329.11"
47.8806755686777,1.49110269522457,0.265550162042737,5.61514511516132,1.96397349655912e-08,8.12802383617698e-08,"ENSG00000242808.10"
3.09947613272066,-1.56592090470052,0.278936811367294,-5.61389117852418,1.9782665306595e-08,8.18459900706031e-08,"ENSG00000236031.1"
2831.82565297803,-1.04357590256418,0.185923476965197,-5.61293237195391,1.9892635993758e-08,8.22880145514536e-08,"ENSG00000178726.7"
4.40973045677692,-1.91905962225567,0.341915895449275,-5.61266571047843,1.99233261736137e-08,8.24019992363906e-08,"ENSG00000287544.1"
3320.97106431874,-1.31405900840516,0.234222329846046,-5.61030628150994,2.01968841672505e-08,8.3520280593457e-08,"ENSG00000117525.14"
21.9376685259723,-1.1640592831182,0.207511622387492,-5.60961005328423,2.02783009980226e-08,8.38437727594818e-08,"ENSG00000184908.18"
8230.55270219288,-1.32696816440493,0.236576485749668,-5.60904504181812,2.03446074937805e-08,8.41046969749178e-08,"ENSG00000196154.12"
12.4821092971843,-1.28753113305464,0.229561859098028,-5.60864569625585,2.03915993038995e-08,8.42857046868524e-08,"ENSG00000279302.3"
3.39149788501614,-1.60927465354989,0.286930851085324,-5.60858007238596,2.03993314732822e-08,8.43044069880111e-08,"ENSG00000258806.2"
15.5719923295074,-1.92620051187558,0.343547978691393,-5.60678749795781,2.0611646820864e-08,8.51684522936001e-08,"ENSG00000253105.6"
4.51440651080176,-1.2794634351489,0.228321325269335,-5.6037842003571,2.09721793104764e-08,8.65629335735805e-08,"ENSG00000267581.1"
1278.76339406518,1.66736948054469,0.297671892960919,5.60136687397487,2.12668085312788e-08,8.77376856751108e-08,"ENSG00000103460.17"
4.99566115313833,1.47874535325264,0.264103475450357,5.59911356990299,2.15450622212682e-08,8.88298690860883e-08,"ENSG00000262904.1"
107.879081723544,1.05702777194517,0.188821820451578,5.59801705871294,2.16817422598102e-08,8.93653620129923e-08,"ENSG00000261211.1"
84.498776987154,1.43782547939636,0.256901940777731,5.59678714393345,2.18360526563889e-08,8.99449628617029e-08,"ENSG00000213420.8"
8.64587346748227,-1.31773939132831,0.235471139202241,-5.5961821724425,2.19123456217959e-08,9.02309403608467e-08,"ENSG00000237916.1"
154.211316816045,1.15879132186562,0.207074200762844,5.59601977260677,2.19328698819279e-08,9.03013082670101e-08,"ENSG00000214050.8"
10034.540392269,-1.05935022382468,0.189347574047347,-5.59473882437906,2.20954128549185e-08,9.09420343687249e-08,"ENSG00000122378.14"
23.7951283669109,-1.85584431472795,0.331764119692287,-5.59386686073603,2.22067269340311e-08,9.13572719884289e-08,"ENSG00000256340.8"
2947.35274136983,1.46435025300753,0.261819080419366,5.5929852425653,2.23198268610428e-08,9.18081892356256e-08,"ENSG00000126803.9"
4.0468047735173,-1.56248917379672,0.279369549736741,-5.59291152263767,2.23293094422462e-08,9.18328226224378e-08,"ENSG00000270077.1"
6.1836838451741,3.69356624529076,0.660635025076426,5.5909331250844,2.2585256081744e-08,9.27983227845176e-08,"ENSG00000253477.5"
8.70934367887387,1.24213121733721,0.222181827889454,5.59060670774226,2.2627757692007e-08,9.29293723713612e-08,"ENSG00000128886.12"
159.110265915001,-1.34631802218096,0.240821374774036,-5.5905254400454,2.26383513265441e-08,9.29583543613319e-08,"ENSG00000260549.2"
429.755113355852,1.0880662701255,0.194638606791414,5.59018731207593,2.26824796387005e-08,9.31104630366396e-08,"ENSG00000185347.18"
10.8599673671326,-2.0541005424656,0.367445942764787,-5.59021152066575,2.267931745773e-08,9.31104630366396e-08,"ENSG00000267304.1"
38.7936995245718,-1.13524205129326,0.203093058207606,-5.58976294567778,2.27379808968693e-08,9.33237179720976e-08,"ENSG00000155754.15"
248.339712488464,-1.43452883731407,0.256645993655218,-5.58952359584165,2.27693426645586e-08,9.34086784134943e-08,"ENSG00000138135.7"
33.2098485591845,1.80023293752562,0.322118171603493,5.58873449630032,2.2873035260858e-08,9.37901495782201e-08,"ENSG00000231439.4"
39.6260475371147,-2.4939376644153,0.446293681992538,-5.58810882843061,2.29555775725564e-08,9.41139293272612e-08,"ENSG00000171234.14"
39.6310674471423,1.81452625054945,0.324740597423747,5.58761751670275,2.30205973116136e-08,9.43510649833856e-08,"ENSG00000133454.16"
418.281461554863,1.10016445322675,0.196904120918157,5.58731045392411,2.30613244494613e-08,9.45032509868477e-08,"ENSG00000203780.12"
125.002342594818,-1.82515754288839,0.326703550580815,-5.58658618690741,2.31576645100577e-08,9.48832508156441e-08,"ENSG00000102468.11"
3.96236651029426,1.88030758216673,0.336643977778502,5.58544844489658,2.33097932282294e-08,9.5491677869511e-08,"ENSG00000273272.2"
231.614650224576,2.45668023749355,0.439854025301366,5.58521713154804,2.33408408239711e-08,9.56039676199558e-08,"ENSG00000141744.4"
175.947005625205,1.16240396467093,0.208155417388231,5.58430801011979,2.34632552751587e-08,9.60754325677319e-08,"ENSG00000167371.21"
674.500576225314,1.02449979413891,0.183462184588777,5.58425594045597,2.34702853624996e-08,9.60892492940717e-08,"ENSG00000138028.16"
4.1280290223937,1.6173626605956,0.289658346963842,5.58369084664248,2.35467120490748e-08,9.6387132767152e-08,"ENSG00000267778.1"
3.43161968057979,-1.82671512179381,0.327223490590315,-5.58246939575882,2.37127346519552e-08,9.70516221725304e-08,"ENSG00000234880.1"
128.122083652361,1.39840230743817,0.250523998725323,5.58190957574243,2.37892059288216e-08,9.73494455290592e-08,"ENSG00000260228.6"
28.334275793721,-1.01154711953903,0.181242846794805,-5.58116989126894,2.38906137989153e-08,9.77492050265706e-08,"ENSG00000227544.10"
10.4703792704801,-1.13724494029113,0.203765843736358,-5.58113626620637,2.38952336203849e-08,9.7752890346801e-08,"ENSG00000259124.1"
3.3887218627414,-1.89427157966925,0.339486921295252,-5.57980723511232,2.40785281661663e-08,9.84874002987107e-08,"ENSG00000234197.1"
12.9159993448393,-1.38948934609264,0.249104611491446,-5.57793506018797,2.43390477558847e-08,9.94910623974607e-08,"ENSG00000236155.6"
3.70041348825283,-1.8946986377884,0.339779808894412,-5.57625435117361,2.45752529954319e-08,1.00378546966889e-07,"ENSG00000233392.5"
4318.157087342,1.19473505774096,0.214356304435485,5.57359421215688,2.49536603842404e-08,1.01876671254951e-07,"ENSG00000137809.17"
16.4624847541081,-1.90365300362601,0.341581185332781,-5.57306164791074,2.50300946418007e-08,1.0214112832869e-07,"ENSG00000238266.2"
70.7533735488166,1.05269169247879,0.188924065895864,5.57203597904268,2.51779405567653e-08,1.0272849885036e-07,"ENSG00000196358.11"
3689.43657882242,-1.00879607565231,0.181063935618234,-5.57149093334256,2.52568511291314e-08,1.03018478441665e-07,"ENSG00000196843.17"
242.618150332754,1.34293938817117,0.241049360940325,5.5712215246388,2.52959441420158e-08,1.03161923324863e-07,"ENSG00000157734.14"
10.0936254663345,-1.13010047580149,0.202855745453339,-5.57095621460442,2.53344997969444e-08,1.03303132588099e-07,"ENSG00000278601.1"
4851.50813089269,-1.35554353385931,0.243341252009142,-5.57054557197884,2.53942880958233e-08,1.03514805879439e-07,"ENSG00000174348.14"
7.11575331002881,3.94031984601404,0.707519374318703,5.5692041646327,2.55905486299161e-08,1.04266312228913e-07,"ENSG00000271830.1"
5.96665309406723,1.17502109808736,0.211160664762586,5.56458324948198,2.62779656772152e-08,1.07000782317571e-07,"ENSG00000236534.1"
5.79782558182593,-2.1072648402548,0.378745785705993,-5.5637974593613,2.6396630459299e-08,1.07450679106739e-07,"ENSG00000287570.1"
348.296418825938,-1.40095378192069,0.251864884199565,-5.56232277624953,2.66207324778193e-08,1.08329359412758e-07,"ENSG00000233117.4"
5.31077801427823,5.19756264793323,0.934515454177748,5.56177281466834,2.67047798140359e-08,1.08654556135003e-07,"ENSG00000046774.10"
10.085462373598,-1.5378857876826,0.276544245129366,-5.56108403905924,2.68104045161181e-08,1.09067431094513e-07,"ENSG00000259351.1"
29.2240897406931,-2.50880414650961,0.451295949255465,-5.5591107135984,2.7115266173581e-08,1.10290568880595e-07,"ENSG00000285294.1"
68.3824399083967,1.0214797990986,0.18387811623418,5.55520047746021,2.7729331999397e-08,1.12666217695494e-07,"ENSG00000179362.14"
9465.79162852966,1.77340151583688,0.319319838236169,5.55368412320588,2.79710741457899e-08,1.13630867519002e-07,"ENSG00000134824.14"
40.8964667714295,-1.03658198416834,0.186659454005183,-5.55333234897153,2.80274466815425e-08,1.13842282271312e-07,"ENSG00000228063.2"
20.748347731406,-1.6282033190753,0.293217072904512,-5.55289398037724,2.80978504386922e-08,1.14110615100523e-07,"ENSG00000253853.3"
8.54494878272994,2.14385532113307,0.386140540181256,5.55200787808173,2.82406864105709e-08,1.14655267472265e-07,"ENSG00000229051.2"
3.02374449640368,-1.72179365300307,0.310177436191538,-5.55099582401553,2.84046872178659e-08,1.15267685476978e-07,"ENSG00000249604.1"
8.76979913083157,-2.72181323780451,0.490395178081598,-5.5502446994934,2.85270020983675e-08,1.15728310411096e-07,"ENSG00000206145.8"
11.055094421199,1.43761838175321,0.259031026782488,5.54998526473972,2.85693676839385e-08,1.15882293241457e-07,"ENSG00000133055.9"
8.6784536741392,-1.46130936674131,0.263323000585045,-5.54949382885129,2.86497863630941e-08,1.16190554662485e-07,"ENSG00000275830.2"
83.3123609728122,1.12734293947138,0.203146930952198,5.54939685373168,2.8665681319723e-08,1.16237082352299e-07,"ENSG00000279369.1"
199.440800033803,2.65111365234671,0.477809441110123,5.54847481913966,2.88172378274133e-08,1.16815588996874e-07,"ENSG00000137648.19"
76.5264758527673,1.03319652196415,0.186248877290669,5.54739731585974,2.89953342684901e-08,1.17519408776098e-07,"ENSG00000285693.1"
823.161247451444,1.45677156502513,0.262671026718561,5.54599257947846,2.92291221386916e-08,1.18412183460754e-07,"ENSG00000139055.7"
3.42309273036921,-1.62683239557368,0.293453032463134,-5.54375731584255,2.96049084884857e-08,1.19879127208652e-07,"ENSG00000261970.1"
14.8644796116757,-1.33028958288884,0.239979045317877,-5.54335725907538,2.96726576551048e-08,1.20116453689631e-07,"ENSG00000184313.20"
33.8300402763703,-1.2586980780324,0.227133145682182,-5.54167501291796,2.99591939834614e-08,1.21220359399831e-07,"ENSG00000230373.8"
47.151238172099,-1.5134193376132,0.273208460944512,-5.53943070570049,3.0345648665145e-08,1.2270846607918e-07,"ENSG00000171094.18"
4.13346400505897,-1.73942459700842,0.314156435347273,-5.5368103317242,3.08029811113276e-08,1.24481173974498e-07,"ENSG00000256195.3"
7.08101236365884,2.19526787272084,0.396558313555619,5.53580090917181,3.09809331767553e-08,1.25161827177657e-07,"ENSG00000278716.1"
4.85388877110463,2.44359714533256,0.441491100953785,5.53487293413952,3.11454063832145e-08,1.25787624673695e-07,"ENSG00000265728.1"
48.6610208910973,1.97707980833885,0.357296586741095,5.53344163282334,3.14007506335015e-08,1.26779927749763e-07,"ENSG00000118160.14"
6.63522856720244,1.35811419288621,0.245525991382145,5.53144775117677,3.17598469231394e-08,1.28131360940567e-07,"ENSG00000176855.11"
15.8239305347341,1.68493209641404,0.30465793390994,5.53057021949121,3.1919149122061e-08,1.28734527470347e-07,"ENSG00000185467.7"
181.458658102443,1.41986839153352,0.256748218830513,5.53019763097488,3.19870209357628e-08,1.28968685116673e-07,"ENSG00000073150.14"
18.6051908953992,1.25223675335683,0.226495607044767,5.52874631740352,3.22527337237025e-08,1.29940351501195e-07,"ENSG00000274372.5"
11.8815054520289,2.68468890741113,0.485593386840199,5.52867683161965,3.22655090484621e-08,1.29971898824487e-07,"ENSG00000236081.1"
8.33697723631219,1.94444366347892,0.351761145959449,5.52773859709644,3.24384897377287e-08,1.30628660068402e-07,"ENSG00000230716.3"
528.11054863009,1.31469318428334,0.237844098669146,5.52754174536887,3.24748969580386e-08,1.3071519014473e-07,"ENSG00000103528.17"
44.1287077805562,4.91985277934864,0.890194342079873,5.52671764668125,3.26277426697496e-08,1.31310302914056e-07,"ENSG00000169906.5"
10.513649255751,-3.58493497574325,0.648700269880702,-5.52633495343317,3.26989578970701e-08,1.31576761997335e-07,"ENSG00000258548.6"
30.8941670946908,-1.86033950107291,0.336659724780433,-5.52587483485352,3.27847808127595e-08,1.31901910130502e-07,"ENSG00000288048.1"
635.366941851621,1.17569077055453,0.212803697767014,5.52476664123442,3.2992382792119e-08,1.32696524760223e-07,"ENSG00000141293.16"
257.918103684234,-1.86682758032851,0.337914971073414,-5.52454830396647,3.30334348159838e-08,1.3284130977713e-07,"ENSG00000100448.4"
33.2652798090572,1.03840526336806,0.188028631506314,5.52259118757238,3.34036335528785e-08,1.3428894223063e-07,"ENSG00000268403.2"
6.75972158406693,-1.63249740042671,0.295610633895074,-5.52245830576636,3.34289142082827e-08,1.34370023099939e-07,"ENSG00000204361.10"
197.89943655855,-2.28913265246764,0.414644974488963,-5.52070516539825,3.37641903530654e-08,1.35655453873429e-07,"ENSG00000077279.19"
4.53318351005455,-2.16095542843317,0.391534991428681,-5.5191885163265,3.40568686634156e-08,1.36810444131013e-07,"ENSG00000171772.17"
91026.5237249452,1.14905576380401,0.208305171521343,5.51621332976019,3.46381764411849e-08,1.39060612430136e-07,"ENSG00000100219.16"
16.1376079966914,2.51185045324617,0.455436461320059,5.51525990248057,3.48264899673035e-08,1.39795275244442e-07,"ENSG00000188817.8"
550.045552095497,-1.2266086020058,0.222425507924503,-5.51469394608347,3.49387425347031e-08,1.40224447821368e-07,"ENSG00000038295.8"
4.71761050857165,1.67888828589126,0.304457573835085,5.51435874871899,3.5005391427279e-08,1.40470489812916e-07,"ENSG00000233155.1"
1824.30487696887,-1.05429677880145,0.191221189322199,-5.51349347077334,3.51780093012527e-08,1.41098549744258e-07,"ENSG00000154358.22"
12.7640075797956,-1.39583652022863,0.253183170649423,-5.51314890578338,3.52469775896785e-08,1.41353609851558e-07,"ENSG00000286196.1"
29.6591759292463,-1.10802167082253,0.201020811946364,-5.51197490495747,3.54829522001893e-08,1.42256546008203e-07,"ENSG00000215302.8"
1345.28652424574,1.56857068195682,0.284607110913702,5.51135450172374,3.56082715676993e-08,1.42715433041386e-07,"ENSG00000103485.19"
650.071496039537,-1.10158838648353,0.199911703417369,-5.51037466867895,3.58070693893513e-08,1.43490320449719e-07,"ENSG00000235098.8"
3939.08560648868,-1.19487927843917,0.216894329942209,-5.50903879671519,3.60798387927427e-08,1.44517293939112e-07,"ENSG00000173599.15"
8291.06226331229,1.00871941211059,0.183108730506708,5.50885481713087,3.61175627959848e-08,1.4460822322633e-07,"ENSG00000104341.17"
14.7139967960078,2.16758099647335,0.393515724922898,5.50824492947021,3.62428907061881e-08,1.45081958471131e-07,"ENSG00000236449.2"
144.020394878472,2.31087217238515,0.419583367963853,5.50753997614183,3.63882795415834e-08,1.45641775463831e-07,"ENSG00000162631.19"
258.464571441477,-1.69206978851304,0.307432597520061,-5.50387240052715,3.71538501469545e-08,1.48615400587818e-07,"ENSG00000118432.12"
428.106043809347,-1.45550020293692,0.264478320729662,-5.50328737312525,3.72774046680072e-08,1.49064248333166e-07,"ENSG00000173376.14"
139.697620009301,1.59995794139224,0.290741707369293,5.50302175724657,3.73336326991447e-08,1.49243680891912e-07,"ENSG00000237330.3"
94.964988924169,-1.09292414933933,0.198657002462864,-5.50156367905345,3.76437602794019e-08,1.50346238441544e-07,"ENSG00000162881.6"
49.0010968430027,2.55168491484729,0.463868764901324,5.50087677360663,3.77907267459601e-08,1.50873561448918e-07,"ENSG00000081138.14"
7.26384259487797,-1.50774371713429,0.274093392738938,-5.50083933825558,3.7798752173989e-08,1.50873561448918e-07,"ENSG00000279029.1"
25.6960546480977,1.68354292154195,0.306141364071472,5.49923374989899,3.81445197832288e-08,1.52184359135153e-07,"ENSG00000176956.13"
8.80570726471366,-1.10229704373523,0.200499053713372,-5.49776681395735,3.84631082707525e-08,1.53408852471693e-07,"ENSG00000285805.1"
12.6288264187652,-1.27030840777298,0.231175672792875,-5.49499171961372,3.90728747600376e-08,1.55722735434849e-07,"ENSG00000186150.5"
10.5792097530553,2.61255110261265,0.475687385138779,5.49215973396153,3.97048026008841e-08,1.58193274452272e-07,"ENSG00000226080.1"
1622.58813786934,-1.56516679051199,0.285034696872606,-5.49114478933604,3.99336802343858e-08,1.59056955793392e-07,"ENSG00000173175.15"
5.42654593543495,-1.84329378398898,0.335701689944051,-5.49086834890879,3.99962409835841e-08,1.59281999698868e-07,"ENSG00000251632.1"
84.7953864939153,-1.1053418601704,0.201335871077661,-5.49003937675884,4.01844145551098e-08,1.599829070231e-07,"ENSG00000247809.9"
138.992795585631,-1.63911337440046,0.298584779192985,-5.48960793926154,4.02826886226994e-08,1.60349869416785e-07,"ENSG00000150625.16"
5.28515375638999,1.8034597491078,0.328587670086352,5.4885192394281,4.05317129395905e-08,1.61267869043929e-07,"ENSG00000225385.3"
4.1505157484674,-1.21987597090192,0.222305437191096,-5.48738702172771,4.07922746001475e-08,1.62280028089947e-07,"ENSG00000260461.1"
44.5516215586874,-1.38146825314659,0.251862708621505,-5.48500514708049,4.1345737913685e-08,1.64382298490893e-07,"ENSG00000260578.1"
729.15714684561,-1.24729940566708,0.227421827150723,-5.48451932382214,4.14595166887465e-08,1.64809730285392e-07,"ENSG00000213366.13"
8.53404909410439,1.7807458585168,0.324727712521691,5.48381240605652,4.16256177719942e-08,1.65444992820066e-07,"ENSG00000197870.12"
26.6877374147865,3.12648278748325,0.570556154136777,5.47971091857464,4.26021317777501e-08,1.69223882672871e-07,"ENSG00000165973.19"
667.220839226763,1.19736598735852,0.218512144690005,5.47963129947388,4.26213061671817e-08,1.69274465291358e-07,"ENSG00000184730.11"
3.9076031094649,2.61166834438475,0.476651764754436,5.47919579345362,4.27263357076181e-08,1.69665962794838e-07,"ENSG00000261787.2"
13.9105667406965,1.12701192173989,0.205690981434352,5.47915087905582,4.27371818273794e-08,1.6968339685058e-07,"ENSG00000229808.1"
63.0225818708636,1.37771388645402,0.251498072815695,5.47802959692516,4.30088206420077e-08,1.70684560132044e-07,"ENSG00000204323.5"
9.81574720734386,1.0706022921194,0.195492813408446,5.47642787196771,4.3399755689214e-08,1.7210609211456e-07,"ENSG00000230583.7"
134.991510400379,-1.1719501927109,0.214006605042158,-5.47623374745858,4.34473693368399e-08,1.72268917732614e-07,"ENSG00000270571.2"
2.63633362121682,2.68713656406666,0.491453311845285,5.46773518317971,4.55822196854441e-08,1.80488560140436e-07,"ENSG00000259390.4"
3.26861717054677,-2.00191137944969,0.366134352258429,-5.4676961260294,4.55922618022924e-08,1.80501131075682e-07,"ENSG00000227300.12"
9.73310528578553,-1.08988696459236,0.1993346672757,-5.467623768047,4.56108716770482e-08,1.80547613126436e-07,"ENSG00000277351.1"
4.66627354308698,1.80153570085599,0.329587498009123,5.46603166606192,4.60222157552568e-08,1.82093620188344e-07,"ENSG00000203756.8"
187.094081523422,1.05031551258359,0.192189729084909,5.46499293996904,4.6292522786778e-08,1.83108001343517e-07,"ENSG00000137101.13"
72.3922202831648,1.21053497524655,0.221517526263559,5.46473678929704,4.6359416910312e-08,1.8331742350995e-07,"ENSG00000089101.19"
10.6273345360336,2.16250904791706,0.395718752117487,5.46476262837053,4.6352664751091e-08,1.8331742350995e-07,"ENSG00000145087.13"
21.3525548510751,2.45935484875997,0.450150898184959,5.46340095882574,4.67097924234014e-08,1.84647343067632e-07,"ENSG00000230498.3"
3110.97541816871,1.15951949257217,0.212248437516672,5.46302958051737,4.68076565518127e-08,1.85006382677871e-07,"ENSG00000106003.13"
36.0054904228782,1.25209674529042,0.229270822799878,5.46121277011914,4.7289286953427e-08,1.86810408910488e-07,"ENSG00000116544.12"
7.3506095350768,-1.83976509875508,0.336910686047805,-5.46069084461758,4.74285336383176e-08,1.87319545927805e-07,"ENSG00000177535.8"
53.5101161595678,-1.18154094961958,0.216388391287595,-5.4602788189743,4.75387403388677e-08,1.87698400340514e-07,"ENSG00000286320.1"
55.4697270002612,1.55630995351941,0.285060156913039,5.4595842869552,4.77250726628946e-08,1.88377505612182e-07,"ENSG00000232445.2"
29.9143385757775,-1.5126939328187,0.277070772760131,-5.45959401545499,4.77224577728306e-08,1.88377505612182e-07,"ENSG00000254369.6"
44.6498086233774,1.14456480102412,0.20967298401264,5.45880913754307,4.79338694264173e-08,1.89144846720305e-07,"ENSG00000198019.13"
5606.33326647883,-1.82667104400249,0.334677175494171,-5.45800902408508,4.81503192300618e-08,1.89884919826398e-07,"ENSG00000147257.15"
222.138926813127,1.39666553875483,0.25591801785663,5.4574724767416,4.82959984825932e-08,1.90409439384356e-07,"ENSG00000204442.4"
5.14010432837545,1.22195323466836,0.223904881701474,5.45746580147172,4.82978135890846e-08,1.90409439384356e-07,"ENSG00000233626.2"
4.76784666832239,-2.18558410682255,0.400536601815267,-5.45664015951924,4.85228287124173e-08,1.91181836287989e-07,"ENSG00000287862.1"
4.83207065544299,2.44707611566546,0.448502040405855,5.45610921513549,4.86680653587949e-08,1.91725334216212e-07,"ENSG00000182747.5"
16.8325040118118,1.15576936708807,0.211865983195502,5.45519082231132,4.89202816114386e-08,1.92690046736858e-07,"ENSG00000285077.2"
7.97926664010022,2.11924369125794,0.388541725188868,5.45435291467804,4.91514993480797e-08,1.93571772380121e-07,"ENSG00000159625.15"
9.08411804482046,-1.060152750384,0.194401701291944,-5.45341292457063,4.94121471724581e-08,1.9451083964069e-07,"ENSG00000277423.1"
17.5779042442879,-1.40491519352451,0.257660149919066,-5.45259014234764,4.96413938700915e-08,1.95384006660899e-07,"ENSG00000272823.1"
16.2810153323634,1.13626015940513,0.20841781979739,5.45183785393074,4.98519012950585e-08,1.96153798449e-07,"ENSG00000242114.6"
10.4050627605267,5.19916818787541,0.953701168693266,5.451569483761,4.99272065638395e-08,1.96420700093393e-07,"ENSG00000127928.13"
32.4197416383181,1.64937878413052,0.302596057232937,5.45076098880175,5.01547390933653e-08,1.97286315823109e-07,"ENSG00000133665.13"
58.763436647475,-1.26474218383224,0.232062175072361,-5.45001434825765,5.03657565522281e-08,1.98006719566942e-07,"ENSG00000214787.10"
5.47655992699758,1.80392374411961,0.330994795487101,5.45000637084009,5.0368015790008e-08,1.98006719566942e-07,"ENSG00000234997.2"
6.20532161361472,-2.04874882047249,0.375915896732243,-5.45001910874699,5.03644084086742e-08,1.98006719566942e-07,"ENSG00000261292.2"
6.3972742699212,1.51401809412945,0.277823202963941,5.44957396638306,5.04906215962159e-08,1.98459024679967e-07,"ENSG00000261210.8"
213.032139472726,1.84345661220958,0.338301046479073,5.44916024173047,5.06082016199439e-08,1.98857320306849e-07,"ENSG00000134668.12"
5.54193960305108,-1.91628323590102,0.351775205798787,-5.44746532533369,5.10926714893245e-08,2.00675400093456e-07,"ENSG00000226416.1"
9.39103479137685,-1.18374470096474,0.217330981095086,-5.44673702295044,5.13022253005516e-08,2.01468353473734e-07,"ENSG00000213279.2"
1038.68111351398,-1.566942302447,0.287687729740091,-5.44667756203105,5.13193706732608e-08,2.01505577946816e-07,"ENSG00000109339.24"
54.7557765382678,-1.68056128307917,0.30866717629099,-5.44457400126942,5.19295123579641e-08,2.03840397672749e-07,"ENSG00000165376.11"
6.17014215223449,1.43039156389764,0.262726235108704,5.44441845827011,5.19749059909435e-08,2.03988118421078e-07,"ENSG00000173486.14"
3.10188704503932,-2.04219239874344,0.375107877745234,-5.44428021885069,5.20152820282603e-08,2.04116105230038e-07,"ENSG00000285774.3"
4.37362235525337,1.60717009047736,0.295240788126082,5.44359097764981,5.22170450112192e-08,2.04877266916687e-07,"ENSG00000262703.1"
2689.46518277627,-1.07615869635849,0.197720243929018,-5.44283516433874,5.24391677310738e-08,2.05677262857963e-07,"ENSG00000164949.8"
4.86960962249102,-1.34236993633904,0.246631450426058,-5.44281734555784,5.24444154494774e-08,2.05677262857963e-07,"ENSG00000223254.1"
77.2614427437156,-1.70795721275346,0.313841806437356,-5.44209591495062,5.26573082882977e-08,2.06481380135703e-07,"ENSG00000174171.6"
135.81374249512,-1.27044312196604,0.233468606532138,-5.44160151052753,5.28036895563774e-08,2.06993613169251e-07,"ENSG00000214575.9"
11.7001991964403,1.79641498612294,0.330133011369711,5.44148850389023,5.28372034384078e-08,2.07094103068164e-07,"ENSG00000223940.1"
10.6800433296481,1.60522857524696,0.295003414923245,5.44138980785906,5.28664901507052e-08,2.071779971852e-07,"ENSG00000101198.15"
9.59540058217373,2.12944700078547,0.39139177765982,5.44070448673628,5.30702842682157e-08,2.07945639789174e-07,"ENSG00000150676.13"
30.2008094753746,1.2206348126743,0.224387694082301,5.43984739299741,5.33262302011081e-08,2.08886234665563e-07,"ENSG00000271781.1"
492.299806604947,2.18584122843206,0.401880632627139,5.43903102307511,5.35711273050958e-08,2.09783002098799e-07,"ENSG00000125999.11"
12.0883808232577,1.46326083330201,0.269042388176932,5.43877432555244,5.36483571960477e-08,2.10054136830168e-07,"ENSG00000234323.8"
437.718483369554,-1.27306840408662,0.234077029564369,-5.43867292940224,5.36788929113948e-08,2.1014239220779e-07,"ENSG00000164850.15"
5.15347802521949,-2.19020181217813,0.402808797182302,-5.43732368185319,5.40868291692854e-08,2.11644814334598e-07,"ENSG00000227094.1"
26.996920501934,2.14720605075913,0.394907613542401,5.4372363994157,5.41133216610338e-08,2.1171696137818e-07,"ENSG00000169344.15"
8.77285957673087,2.22851013850476,0.409872979339414,5.43707502284347,5.41623367757747e-08,2.11877193007064e-07,"ENSG00000249421.2"
4.23129836394576,2.18585572638738,0.402102708896488,5.43606316999489,5.44706502645962e-08,2.13051573148013e-07,"ENSG00000284731.1"
8266.57829033069,-1.21970301903265,0.224399918369843,-5.43539867524553,5.46740475984125e-08,2.13719908845431e-07,"ENSG00000176485.12"
5.28283697761083,-1.78014979295793,0.327509661398456,-5.43541153979015,5.46701028707732e-08,2.13719908845431e-07,"ENSG00000254041.1"
4.80148311674232,2.64021296873966,0.485776690373479,5.43503428851185,5.47858961814673e-08,2.14093442645508e-07,"ENSG00000138675.16"
125.52610674062,-1.07454474789623,0.197723392541942,-5.43458583267173,5.49238542051224e-08,2.14536867874489e-07,"ENSG00000180113.16"
38.7120815794891,1.10922803801832,0.204120595771871,5.43417989656475,5.50490221778219e-08,2.14993833420783e-07,"ENSG00000274460.1"
43.3495945295395,-1.14678505608205,0.211042373076293,-5.43390902673121,5.5132696995938e-08,2.15288635840326e-07,"ENSG00000167311.14"
1391.95198670925,1.84143477750275,0.338899708773073,5.43356848599646,5.52380688601532e-08,2.15668063268013e-07,"ENSG00000155093.19"
8.14170481004291,-1.15675954344577,0.212894032112952,-5.43349915432126,5.52595457227867e-08,2.15719872237892e-07,"ENSG00000255328.1"
12.1002988804489,-1.4680994271321,0.270288492493913,-5.43160166970543,5.58504806439344e-08,2.17929636764426e-07,"ENSG00000236714.3"
5.26487420256273,-1.69777554914224,0.312662491717541,-5.43005827087185,5.63356544785538e-08,2.19692335654942e-07,"ENSG00000243806.1"
17.9160980372092,1.73968178128548,0.320407207667582,5.42959627515738,5.64816773066395e-08,2.20196441164004e-07,"ENSG00000164893.9"
1348.16503390679,1.83157035328046,0.337345228036533,5.42936493852554,5.65549335420424e-08,2.20449336084687e-07,"ENSG00000175352.11"
11.8718066355995,1.40170021997891,0.258172160627359,5.42932365973456,5.65680147707619e-08,2.2046763052116e-07,"ENSG00000266402.3"
5.07271553223916,-2.01489203034736,0.371130831553452,-5.42906128793873,5.66512288365854e-08,2.2075921404608e-07,"ENSG00000156687.11"
1916.77705839102,-1.14919823659462,0.211684942157008,-5.42881427882696,5.67296788598309e-08,2.20966638878452e-07,"ENSG00000100626.17"
4.70598582674541,-1.44844622623965,0.26680663373471,-5.42882388629011,5.67266255655568e-08,2.20966638878452e-07,"ENSG00000224621.1"
523.818846440741,1.07894133009036,0.19875725034387,5.42843759522575,5.6849516181769e-08,2.21367804936536e-07,"ENSG00000172243.18"
72.8804691706385,1.45840782142572,0.268739223654259,5.42685136019446,5.73568547069034e-08,2.23211070345906e-07,"ENSG00000187980.7"
2716.41279977499,1.13123545526601,0.20845508918574,5.42675863508443,5.73866470758242e-08,2.23293949924643e-07,"ENSG00000135919.14"
3.19624287275621,2.37341509829477,0.437474990769797,5.42525892535805,5.78705881161489e-08,2.25110335658555e-07,"ENSG00000236481.1"
7599.18327967022,1.39311794112696,0.256810290765344,5.42469671668997,5.80530243077723e-08,2.25786577523748e-07,"ENSG00000186340.16"
2189.8715958666,-1.12954348500275,0.20823033618655,-5.42449052183644,5.81200739250191e-08,2.26013910792307e-07,"ENSG00000135318.12"
6.79202855007241,-1.7819287073021,0.328514348129212,-5.42420359247513,5.82135013435259e-08,2.26343738064088e-07,"ENSG00000066813.14"
8.66545747527831,1.29401378639286,0.23862194935243,5.4228615175785,5.86524317072737e-08,2.27982921472047e-07,"ENSG00000260954.1"
12.139196352916,1.51403645121892,0.279219478541095,5.4223883631961,5.88079417904842e-08,2.28553591900205e-07,"ENSG00000226942.2"
302.74558710293,-1.0264228252777,0.189306903157961,-5.42200420668884,5.89344950374538e-08,2.29011571195215e-07,"ENSG00000189320.9"
16.1867190293136,-1.37841655544889,0.254269508754716,-5.42108474665199,5.92384667148144e-08,2.30158737491823e-07,"ENSG00000228484.3"
12.3074819681447,-2.06090350652313,0.380200342711626,-5.42057245878467,5.94084865067779e-08,2.30751094923031e-07,"ENSG00000284485.1"
8012.05243763353,1.58484769974991,0.292482578902811,5.41860546257196,6.00657036169749e-08,2.33200436317366e-07,"ENSG00000124664.11"
1302.36525022507,-1.06456503031727,0.196517582866615,-5.41714901429374,6.05568689954236e-08,2.34907341485577e-07,"ENSG00000175745.14"
12.9253641757236,-1.94710066641924,0.359433144434469,-5.41714278877313,6.05589767883986e-08,2.34907341485577e-07,"ENSG00000229771.2"
1737.91417473253,-1.11228018986793,0.205339450783428,-5.41678759548772,6.06793534309346e-08,2.35304828205767e-07,"ENSG00000131435.13"
816.359765422081,1.26759731112245,0.23403199167418,5.41634202253512,6.08306880283914e-08,2.35856882156401e-07,"ENSG00000134326.11"
2.84793066175372,4.03480950376656,0.745450469074892,5.41257893200306,6.2123455636379e-08,2.40585370258816e-07,"ENSG00000270460.1"
4.259368500159,2.80572377980947,0.518537655663363,5.41083901847035,6.27301447275062e-08,2.42863326560285e-07,"ENSG00000242540.3"
1161.87915597758,2.05511270849569,0.379838321860453,5.41049333418945,6.28513627770047e-08,2.43296792228393e-07,"ENSG00000140284.11"
5.15393477103758,-1.57267589846178,0.290743345415339,-5.40915526790528,6.33227135741823e-08,2.45049205474648e-07,"ENSG00000227158.1"
84.6428903450014,1.40447054708996,0.259710058290082,5.40784040609336,6.3789225538598e-08,2.46818195798102e-07,"ENSG00000163599.17"
3.86933255320487,-2.24010335264117,0.41423567746051,-5.40779916972439,6.38039098898625e-08,2.46838676412297e-07,"ENSG00000186369.10"
5587.56603359768,1.32561200905341,0.245133634662596,5.40771163809484,6.38350909283333e-08,2.46922962466565e-07,"ENSG00000144810.16"
144.097275489253,2.13207713963716,0.394467348558112,5.40495213971573,6.48257001316326e-08,2.50570397391152e-07,"ENSG00000233508.3"
4736.37715779058,1.34469976206128,0.248801088569998,5.40471816176546,6.49103754914084e-08,2.50860801266899e-07,"ENSG00000148848.14"
11.015272461122,1.99005501135817,0.368346284183313,5.40267432253448,6.56546000899275e-08,2.53662429628643e-07,"ENSG00000169668.11"
3.79230993929905,-2.13121250866526,0.39453082727485,-5.40189095839792,6.59420327776581e-08,2.54735506985298e-07,"ENSG00000207563.1"
14.7627817809092,1.05602997980122,0.195526426443668,5.40095780917607,6.62860159251848e-08,2.55989074724884e-07,"ENSG00000228519.3"
1146.13188536058,1.19623773511402,0.221527389222895,5.39995410639899,6.66579472881988e-08,2.57295067616722e-07,"ENSG00000179178.11"
964.379649314756,-1.25611489476105,0.232620380287617,-5.39984885764507,6.66970650974886e-08,2.57387411396622e-07,"ENSG00000164181.14"
21.7051687456236,2.37311734078069,0.439758368630229,5.39641200728604,6.79867300145196e-08,2.62287276046035e-07,"ENSG00000204099.12"
248.305802337755,-1.03695643147982,0.192158643164629,-5.39635591926731,6.80079758625489e-08,2.62330736362083e-07,"ENSG00000150672.17"
13.4512176660574,-1.74584369281496,0.323579154053222,-5.39541460241226,6.83655029662474e-08,2.63632464783575e-07,"ENSG00000205037.2"
67.2112186960497,-1.26134989384359,0.233806329324827,-5.39484922194383,6.85811179435736e-08,2.64386345560119e-07,"ENSG00000233429.9"
10.3805571456285,-2.03609715258281,0.377414225645023,-5.3948606444365,6.85767553192598e-08,2.64386345560119e-07,"ENSG00000235819.2"
37.6862235724758,-2.29080368339592,0.424731713807484,-5.39353104306749,6.90863834622279e-08,2.66256085472317e-07,"ENSG00000288605.1"
59.0235299227727,1.43463492577691,0.266013695250611,5.39308671467213,6.92575082465324e-08,2.66876461919346e-07,"ENSG00000270933.1"
15.2457741519452,-1.85287147245614,0.343613665837456,-5.3923101921465,6.9557557685457e-08,2.6799338114989e-07,"ENSG00000241186.10"
15.1647608056582,3.23288943643311,0.599573836706915,5.39197883314814,6.96859782432607e-08,2.68448813153432e-07,"ENSG00000164796.18"
4.85777225315659,-2.5033647727061,0.464313549348881,-5.39153935140731,6.98566568930609e-08,2.69027453447211e-07,"ENSG00000250048.2"
48.3941787901982,-1.61770142245303,0.300058262408873,-5.39129104283312,6.9953269823436e-08,2.69320601148263e-07,"ENSG00000163395.17"
90.4497096205555,-1.11098051159008,0.206083496068193,-5.39092422627793,7.00962291946399e-08,2.69831471609829e-07,"ENSG00000230084.6"
15.4271721641025,-1.7736788496181,0.329044694977486,-5.39038883377062,7.03053957320817e-08,2.70597015876708e-07,"ENSG00000169933.16"
4.21355313214575,-1.14846875681574,0.213083832250817,-5.38975080692139,7.05554489365086e-08,2.71479932637563e-07,"ENSG00000277051.1"
359.432087481316,1.77927558791535,0.330141244607305,5.38943745133013,7.0678573370411e-08,2.71913879166845e-07,"ENSG00000102313.9"
11.2658770752313,1.69217368392582,0.31399644728547,5.38914914023656,7.07920410768452e-08,2.72310552855817e-07,"ENSG00000124721.18"
16.4892002076409,1.02963945434533,0.191063541350755,5.38898968932597,7.08548703288056e-08,2.72512351729928e-07,"ENSG00000263280.2"
5.40800865707796,2.60172904347115,0.482963027071292,5.38701494242353,7.16374805735704e-08,2.75361149370536e-07,"ENSG00000160683.5"
19.7276948679408,-1.43128953904049,0.26571363341168,-5.38658675756748,7.18082753554093e-08,2.75977293382304e-07,"ENSG00000287255.1"
1068.39433094855,-1.07334770212602,0.199271446654953,-5.38635976274399,7.18989791676452e-08,2.76285492462337e-07,"ENSG00000140945.17"
10.5183151213223,-1.87906770273837,0.349149151308526,-5.38184811761989,7.37249598138637e-08,2.83012537424798e-07,"ENSG00000232316.2"
15.7485501444374,-1.22836536726241,0.22839574022114,-5.37823238766656,7.52206856921086e-08,2.8841728705053e-07,"ENSG00000177757.2"
9.15748544409515,1.42548679950688,0.265062372079125,5.37792968623004,7.53472294870885e-08,2.88860352951959e-07,"ENSG00000173728.11"
32.8668635516498,2.00603051868752,0.373074655610354,5.37702169933154,7.57280498214835e-08,2.90235646180792e-07,"ENSG00000160200.18"
4.51000949786464,-1.74528009821007,0.324687651525769,-5.3752586216589,7.64728362805136e-08,2.92961963095324e-07,"ENSG00000236719.5"
9115.53811084079,1.28879475238651,0.239815505013246,5.3741093692642,7.69621352209777e-08,2.94707570243033e-07,"ENSG00000130303.13"
47.2904052619566,1.68186485596813,0.312988306360152,5.37357090278264,7.71924313248201e-08,2.95546375082531e-07,"ENSG00000230978.2"
15.6731234823562,1.43502981388168,0.267078870110513,5.37305633084297,7.74131315360701e-08,2.96348201178862e-07,"ENSG00000268041.2"
1952.63666748575,1.08311853811541,0.201617642211726,5.3721416748738,7.78069374400671e-08,2.97682320767791e-07,"ENSG00000176788.9"
136.432993758712,-1.34958205747778,0.251380245383818,-5.36868780367839,7.93115741729001e-08,3.03174144206007e-07,"ENSG00000170370.12"
129.34085294385,1.63284368237626,0.304184854635195,5.36793222113081,7.96444710322598e-08,3.04313893968879e-07,"ENSG00000255346.10"
86.4574623006886,1.7659815675483,0.329002017179146,5.36769221869755,7.97504949088746e-08,3.04630432812798e-07,"ENSG00000174788.10"
63.3128348101271,2.18021815967118,0.406387942424918,5.36486921009964,8.10078963933495e-08,3.09343534621938e-07,"ENSG00000077522.14"
16.1079479074006,2.58245998768281,0.481506821970561,5.36328847245428,8.17203380835006e-08,3.1188287588017e-07,"ENSG00000149972.11"
540.492935853639,2.59894688195608,0.484583718279244,5.36325671688876,8.17347123670628e-08,3.11892447714268e-07,"ENSG00000120251.21"
798.984664386601,1.41496467419806,0.26386847568274,5.36238620599503,8.2129707459905e-08,3.13308741781733e-07,"ENSG00000007402.12"
5.736205253468,-1.17831977849655,0.219821555763207,-5.36034682497582,8.30623296476837e-08,3.16682662091633e-07,"ENSG00000255363.3"
33.9957668822359,-1.30776710889798,0.244010742795976,-5.35946530022834,8.34686235028104e-08,3.18185540268001e-07,"ENSG00000270953.1"
1228.16839974533,-1.74857994158229,0.326307377478942,-5.35868957389763,8.38277462353677e-08,3.19508190552553e-07,"ENSG00000157168.20"
181.074557569985,1.81536525177375,0.33893130233012,5.35614515181479,8.50162198688374e-08,3.2375634932375e-07,"ENSG00000116031.9"
139.049558902617,-1.56355341790597,0.291924796884237,-5.35601440711457,8.5077728068359e-08,3.23896727194199e-07,"ENSG00000006283.18"
6.60143389804452,2.24874085868213,0.419892407652782,5.35551683645029,8.53122019911935e-08,3.24742348607752e-07,"ENSG00000200033.1"
3.74394900079167,-1.34680760811684,0.251485086850325,-5.35541739267591,8.53591385844852e-08,3.24873964459109e-07,"ENSG00000259887.1"
19.9283721288215,5.52977418314852,1.03259472983758,5.35522216350875,8.54513577862729e-08,3.25130788658714e-07,"ENSG00000224223.1"
19.080791516143,-1.37664421584186,0.257118698341122,-5.35411941925534,8.59740684533875e-08,3.26977632068997e-07,"ENSG00000224713.4"
360.275413061808,1.06177714044927,0.198328078606291,5.35364002873765,8.6202268116918e-08,3.27703270926392e-07,"ENSG00000167208.15"
134.354197950197,-1.57742374377824,0.294802303565317,-5.35078499964551,8.75735160554621e-08,3.32771764638104e-07,"ENSG00000151364.17"
865.191849503863,-1.88101284266074,0.351577866083768,-5.35020268372799,8.78557794151608e-08,3.33796083571565e-07,"ENSG00000164120.14"
5.22020263208094,-1.33548292778987,0.249779652633728,-5.3466441870195,8.95999084861298e-08,3.40275103980557e-07,"ENSG00000231741.2"
52.0033617006998,-1.63838368335122,0.306473054590082,-5.34593060894899,8.99536679386866e-08,3.41569229716908e-07,"ENSG00000270765.6"
8.09406097094846,2.88010485680411,0.538757368214455,5.34582917417785,9.00040643139293e-08,3.4171122727536e-07,"ENSG00000241475.1"
3.53373105209972,-1.38936521390586,0.260019524443624,-5.34331111049739,9.12639257075673e-08,3.46194403708717e-07,"ENSG00000247925.2"
182.715856611278,1.75135055648989,0.327984552747204,5.33973488025748,9.30826024312194e-08,3.52838638924455e-07,"ENSG00000178776.5"
55.737175168309,1.06445289674634,0.199362185453915,5.33929187384634,9.3310319087491e-08,3.53650818586246e-07,"ENSG00000224897.8"
74.1119093604576,-1.8745031231449,0.351101733974899,-5.33891730446115,9.35032780465916e-08,3.54331049621772e-07,"ENSG00000261026.1"
4.47547751684,-1.44724602036974,0.271183601648981,-5.3367755703866,9.46140308438961e-08,3.58436896324728e-07,"ENSG00000234418.2"
23.5467203352017,3.24778392849831,0.608818066098716,5.33457219709329,9.57700777739323e-08,3.62711919914991e-07,"ENSG00000163207.7"
557.843290512369,1.01285906076432,0.189899519632436,5.33365783507394,9.62538214805741e-08,3.64386496297769e-07,"ENSG00000244486.9"
15.1670529587663,-1.19998522903489,0.225007181646283,-5.33309746051259,9.65514560381538e-08,3.65460609231975e-07,"ENSG00000255362.1"
39.7724561597874,-1.16841161055172,0.21910850801216,-5.33257070276281,9.68320477461974e-08,3.66469912593384e-07,"ENSG00000053328.8"
4.49986530660888,-1.35775221586883,0.254634929064082,-5.33215227329292,9.70554978703393e-08,3.67209832449114e-07,"ENSG00000214289.2"
7402.64484791459,1.07507728835552,0.201649742214614,5.33140918777535,9.74535520368885e-08,3.68662803934597e-07,"ENSG00000112655.16"
1348.84751695885,-1.21363061873536,0.227661993324128,-5.33084420906168,9.77572554736381e-08,3.69758483647878e-07,"ENSG00000272636.4"
441.464184861094,1.1561745131653,0.216892989028093,5.33062188107676,9.78770185663445e-08,3.70158209496086e-07,"ENSG00000013725.14"
3.67700243770639,1.71008281692175,0.320851461720362,5.32982710364639,9.8306309763948e-08,3.71728247135032e-07,"ENSG00000231203.1"
23.3402002749156,-1.823564275947,0.342156863110479,-5.32961478360932,9.8421300472913e-08,3.72056013466136e-07,"ENSG00000186732.14"
3.63027379825206,-2.14130353468985,0.40177735984253,-5.32957739462747,9.84415635026102e-08,3.72079099094422e-07,"ENSG00000205212.5"
1301.20306579018,1.18850651741605,0.223073224012336,5.32787618360833,9.93678221875093e-08,3.75526073095111e-07,"ENSG00000151117.9"
97.5719151450358,1.87094823391478,0.3514550311768,5.32343562603205,1.01825498283475e-07,3.84537557023401e-07,"ENSG00000160856.21"
19.1729248123838,-1.28456805249025,0.241312353779593,-5.32325855833941,1.01924708322877e-07,3.84856921930542e-07,"ENSG00000174460.4"
12.2729150774764,2.32857484158128,0.437507837430368,5.32236143530089,1.02428800937378e-07,3.86649232204229e-07,"ENSG00000187140.6"
2644.47314257602,1.09888425726072,0.206470746428823,5.32222736764086,1.02504340382814e-07,3.86878817148461e-07,"ENSG00000103067.14"
12.9277032215572,-1.18038841388039,0.221944752077855,-5.31838848555577,1.04690352550048e-07,3.94902587030061e-07,"ENSG00000182397.14"
11.5650263485637,1.70375806413853,0.320562085846578,5.31490821704335,1.06711100206845e-07,4.02005813076783e-07,"ENSG00000261226.1"
2054.61394699247,-1.99998088203295,0.376462519217831,-5.31256308380518,1.08093988645753e-07,4.06865587507515e-07,"ENSG00000172137.19"
13.0089042537649,1.42591406032192,0.268407333767968,5.31250037137433,1.08131206262539e-07,4.06947397681069e-07,"ENSG00000186326.4"
126.138209399244,-1.74585124997667,0.328668748353614,-5.31188699479974,1.08495878084131e-07,4.0826136858458e-07,"ENSG00000183960.9"
84.3389235489614,-1.84387728528104,0.347131266488843,-5.31175800996394,1.08572714978583e-07,4.08433553813807e-07,"ENSG00000173809.18"
5.43015348600298,-1.35938431901936,0.255949920296513,-5.31113398060268,1.08945196633099e-07,4.09717491530172e-07,"ENSG00000257551.1"
4.40625437060855,-1.27943848890055,0.240896241309795,-5.31116003281754,1.08929621420253e-07,4.09717491530172e-07,"ENSG00000287528.1"
4.84516707714173,-1.57221869439672,0.296032960528598,-5.31095825136957,1.0905031196847e-07,4.10054134446247e-07,"ENSG00000286622.1"
42.0043998528424,1.65026504370911,0.31081056296521,5.30955263542259,1.09894644059072e-07,4.12938866804096e-07,"ENSG00000189366.9"
117.995031563234,1.14565846639088,0.215773162579138,5.30955032913647,1.09896034594987e-07,4.12938866804096e-07,"ENSG00000227630.4"
2874.58770499335,1.04271874617975,0.196388237754884,5.30947656590916,1.09940517858576e-07,4.1304696560818e-07,"ENSG00000163814.8"
318.309633330786,1.22303466103357,0.230402712191817,5.308247673818,1.10684175459839e-07,4.1560326682663e-07,"ENSG00000110448.11"
10.9130252097584,1.70632326092666,0.321451205161652,5.30818747457667,1.10720729512194e-07,4.15681139051352e-07,"ENSG00000227742.2"
4376.51694307625,-1.22066806018129,0.229989601358701,-5.30749239517787,1.111436412278e-07,4.17149716697343e-07,"ENSG00000139211.7"
423.101484028045,1.00310229296794,0.18901348465696,5.30704089598935,1.11419186898295e-07,4.18064512267634e-07,"ENSG00000160284.15"
145.673053068234,3.36350511592637,0.63378593247315,5.30700500530416,1.11441118984845e-07,4.18087121238604e-07,"ENSG00000122584.13"
71.930688086421,1.21029525189709,0.228095567930699,5.3060884210815,1.12002643315865e-07,4.20073840883876e-07,"ENSG00000276107.1"
300.019691335783,-1.53161338713434,0.28865615158392,-5.30601332668657,1.12048769334893e-07,4.20186881609122e-07,"ENSG00000136546.16"
34.9592018946089,3.08279151840335,0.581115835678686,5.30495183426374,1.12702750739003e-07,4.22458514036504e-07,"ENSG00000157851.17"
121.783054729973,1.31217047724841,0.247389513015786,5.30406669730045,1.13250903061805e-07,4.24331680124945e-07,"ENSG00000215217.7"
27.012088997441,-1.40644191899178,0.265166395129617,-5.30399758349577,1.13293812646766e-07,4.24431951483411e-07,"ENSG00000228495.2"
10.1291864201725,1.35143428673412,0.254801629451122,5.30386830588681,1.13374117413671e-07,4.24672267650127e-07,"ENSG00000276058.1"
1692.10552290895,-2.3099602742786,0.435536872151903,-5.30370772712202,1.13473942562217e-07,4.24985623582972e-07,"ENSG00000188257.12"
10.1150883372533,1.21389126649049,0.22895398765594,5.30190052122904,1.14603288956418e-07,4.29092998138247e-07,"ENSG00000213013.4"
5.78124712200045,1.30008862491771,0.24526663164506,5.30071545484075,1.15349748689961e-07,4.31764852544421e-07,"ENSG00000267319.1"
12.4460921612339,-1.0469199138713,0.197566396812599,-5.29907884519628,1.16388369968826e-07,4.35528461882208e-07,"ENSG00000222005.9"
10.6301967016552,1.43563167935681,0.27101213755327,5.29729661674147,1.17529695911299e-07,4.39736729869408e-07,"ENSG00000286407.1"
254.16717940808,2.01295143265517,0.380063890602908,5.2963501201389,1.1814022057884e-07,4.41769463322554e-07,"ENSG00000287550.1"
481.868564570893,2.09148878043537,0.394941192935395,5.29569672104956,1.18563475969029e-07,4.4322605637462e-07,"ENSG00000108018.15"
7.87842216916272,1.30966081803433,0.247318945786026,5.29543264011572,1.18734956933226e-07,4.43803982939835e-07,"ENSG00000232600.3"
914.915467952018,-1.71359983235485,0.323625347642596,-5.29501117522879,1.19009132415779e-07,4.44765539089482e-07,"ENSG00000170549.4"
16.9839827856952,-1.07776400395291,0.203596752050388,-5.29362081221303,1.19917955652505e-07,4.48034619242422e-07,"ENSG00000089558.9"
19.1042603554923,1.63446355402401,0.308925650697402,5.29079909788715,1.21783083642664e-07,4.5493839830355e-07,"ENSG00000179902.13"
662.534783908251,1.32075162620717,0.249651825654876,5.29037439539097,1.22066227262956e-07,4.55801778289465e-07,"ENSG00000156127.8"
3588.14909690129,1.07631115611129,0.203463982375018,5.28993457980917,1.2236011788912e-07,4.56769399033892e-07,"ENSG00000203747.12"
145.563188509204,-1.47570631723437,0.279019562610132,-5.28889911312899,1.23054736285971e-07,4.59231959185074e-07,"ENSG00000197410.14"
68.6185799295178,-1.8685461378985,0.353349063563112,-5.2881027023431,1.23591583806807e-07,4.61104498052252e-07,"ENSG00000116748.21"
6.07203411879222,1.99251257956175,0.376883499599642,5.28681298512237,1.24465770633738e-07,4.64102470611031e-07,"ENSG00000142623.11"
2.55273267092201,-3.27522638551782,0.619601814895481,-5.28601806318193,1.25007555658513e-07,4.6605653800402e-07,"ENSG00000250821.3"
7.72137504137401,-4.45541942255542,0.842878546276843,-5.28595660933104,1.25049534875036e-07,4.66146925919083e-07,"ENSG00000196344.11"
6.31638020000459,2.39027914120815,0.452198925913986,5.28590185475764,1.25086949294721e-07,4.6622027442746e-07,"ENSG00000287519.1"
692.254642436466,-2.24164883061762,0.424133032120856,-5.28524934596197,1.2553365034909e-07,4.67690965273313e-07,"ENSG00000166743.9"
2498.54938216702,1.69070764671954,0.319889117095905,5.28529279791865,1.25503855666555e-07,4.67690965273313e-07,"ENSG00000188001.10"
9.9135123536399,-1.78114992985622,0.337004072230839,-5.28524749883787,1.25534917059931e-07,4.67690965273313e-07,"ENSG00000258604.1"
20181.6357268423,1.11426840314123,0.210833117002459,5.2850729476633,1.25654675643095e-07,4.6807079005146e-07,"ENSG00000109436.8"
4.63679044818053,2.5120526795047,0.475403489942884,5.28404341290491,1.2636328549977e-07,4.70577018429579e-07,"ENSG00000256463.8"
31.3382288652398,1.04842710445448,0.198420068709458,5.28387633001813,1.2647864960883e-07,4.70939910230696e-07,"ENSG00000261136.1"
179.790222835597,-1.08593846905682,0.205554589559955,-5.28296873050398,1.27107093361866e-07,4.73078850456428e-07,"ENSG00000115423.19"
95.3951599741857,-1.30376997979954,0.24678914433957,-5.28293083266912,1.27133400333687e-07,4.73092856483071e-07,"ENSG00000274286.2"
14.032958797806,1.45348574753072,0.275143402819555,5.28264800331755,1.27329894156617e-07,4.73706856052728e-07,"ENSG00000287071.1"
5.21944202656047,3.05429252799597,0.578275073980461,5.28172951839728,1.27970033953416e-07,4.76020998079759e-07,"ENSG00000236651.1"
11.7868648337052,2.30652138262446,0.436722660892134,5.28143279286838,1.28177501955013e-07,4.76725266928763e-07,"ENSG00000204538.4"
7.98900889779496,-1.69715312658854,0.321362262249491,-5.28112141951177,1.28395561479478e-07,4.77468723532343e-07,"ENSG00000237887.1"
6313.42579926277,-1.3218602436265,0.250392912762034,-5.27914400230153,1.29788777023066e-07,4.82376727272946e-07,"ENSG00000169692.13"
9.17495596436503,1.67274054760077,0.316880441790626,5.27877497944796,1.30050391322761e-07,4.83280713350409e-07,"ENSG00000189410.12"
48.4808467115001,1.89077621745328,0.35854982037826,5.27339886953106,1.33920064123036e-07,4.97168780425124e-07,"ENSG00000153086.14"
3.69710717915775,-2.57219980354456,0.487810146289584,-5.27295264993852,1.34246208227522e-07,4.98238821950322e-07,"ENSG00000181867.3"
7.79324543287505,1.96838845954137,0.373380691443924,5.27180034920739,1.35091988473898e-07,5.01236282474298e-07,"ENSG00000253490.5"
2427.53700878149,-1.15194924740141,0.218518551384068,-5.27163135626295,1.35216460647579e-07,5.01627304398159e-07,"ENSG00000104213.13"
64.6696008727015,-2.00175517501376,0.37981198850011,-5.27038438917832,1.36138353028409e-07,5.04904821645083e-07,"ENSG00000162747.12"
26.2425248219851,-1.04272907958085,0.197858412163888,-5.27007706256707,1.36366494156678e-07,5.05679589787546e-07,"ENSG00000120664.11"
13.2000721836853,-1.18919163047904,0.225675276175034,-5.26948122379476,1.36809863700316e-07,5.07180600493526e-07,"ENSG00000136267.14"
5.17264262784743,2.35640051915576,0.447223597316983,5.26895390424934,1.37203410250922e-07,5.08496113231139e-07,"ENSG00000134193.15"
130.538365926093,-1.27875743787381,0.242766998303326,-5.26742698476694,1.38349159535616e-07,5.12381190536018e-07,"ENSG00000246898.1"
8.45621005934183,-1.08746715592223,0.206490475163746,-5.26642768902475,1.39104002176561e-07,5.14886578398637e-07,"ENSG00000224321.1"
7184.97555087459,-1.7901874352854,0.3399294021248,-5.26635067192028,1.39162344001498e-07,5.15029998554684e-07,"ENSG00000137699.17"
96.3089285584975,1.21487701192381,0.230765506054089,5.26455202381529,1.40531602278153e-07,5.19658502290231e-07,"ENSG00000186940.6"
5.3702175049811,-1.26575762587344,0.240436477493475,-5.26441594498816,1.40635723700847e-07,5.19970370200176e-07,"ENSG00000233817.1"
247.855360273659,-1.48228368236802,0.281590521396646,-5.2639686698832,1.40978484544714e-07,5.21091054390839e-07,"ENSG00000154269.15"
32.4799858994975,1.61133333817665,0.306152201267826,5.26317737224771,1.41586860843187e-07,5.23266176940708e-07,"ENSG00000231881.2"
8.01108210702592,2.42015305603111,0.459899422218879,5.26235289523649,1.42223447652764e-07,5.25528802827061e-07,"ENSG00000235902.1"
10.0130473429914,-1.18300584142222,0.224838306730791,-5.26158490794315,1.42818907934015e-07,5.27596932696789e-07,"ENSG00000242600.8"
13.6101631286249,-1.16918532851479,0.222236083842114,-5.26100581103395,1.43269505661745e-07,5.29038449959722e-07,"ENSG00000252498.1"
1482.25464727306,1.29097241471456,0.245386409738832,5.26097763966863,1.43291460955571e-07,5.29045197324939e-07,"ENSG00000196074.13"
25.6922227758909,1.37301656183055,0.260993239690247,5.26073611508131,1.43479826226228e-07,5.29666257377833e-07,"ENSG00000255521.2"
8.4960764687213,-1.16450628883636,0.221449712212702,-5.25855860096064,1.45188919913101e-07,5.35599378385397e-07,"ENSG00000226862.1"
11.8784049157019,2.00734055546121,0.381754915671332,5.2581917692696,1.45478771115572e-07,5.36593323042617e-07,"ENSG00000231868.1"
36.3083791351863,-1.03714469190983,0.197261640798204,-5.25771096556383,1.45859524645084e-07,5.37922231762507e-07,"ENSG00000253771.6"
169.500178497049,1.42751169675361,0.271522608023718,5.25743217901366,1.46080739917022e-07,5.38662481478536e-07,"ENSG00000053108.17"
34.9843589244102,1.30515940299015,0.248310542900634,5.25615782456904,1.47096070132001e-07,5.42254292755894e-07,"ENSG00000230479.1"
42.4070458103161,1.34062844107922,0.255061373727183,5.25610139037819,1.47141191015097e-07,5.42344561021007e-07,"ENSG00000227953.7"
2329.52006124388,1.79054423437291,0.340692531631317,5.25560165877239,1.47541326428794e-07,5.43743160944255e-07,"ENSG00000100985.7"
4150.90620049806,1.49614976155579,0.284723587562959,5.25474469594112,1.48229948088206e-07,5.46127832289094e-07,"ENSG00000185745.10"
27.1485788608246,1.04642105716234,0.199153941067132,5.25433266123317,1.48562148560726e-07,5.47198362215544e-07,"ENSG00000267666.2"
140.480257597336,-1.45434605896363,0.276793482305534,-5.25426410640071,1.48617490297433e-07,5.47248825298083e-07,"ENSG00000070526.15"
21.9437362753857,1.18628269422462,0.225774667330633,5.25427723247349,1.48606892569712e-07,5.47248825298083e-07,"ENSG00000175294.6"
20.6478952160917,2.84724490622261,0.541968022710821,5.25352933551546,1.4921189663555e-07,5.4936062350032e-07,"ENSG00000139915.21"
4.39843962019507,-2.10594865341334,0.400943901765564,-5.25247707756559,1.50067145632476e-07,5.52354692032488e-07,"ENSG00000136110.13"
13.4465742068777,1.76450103211053,0.335967858431115,5.25199356971319,1.5046171662207e-07,5.53729453891695e-07,"ENSG00000260088.1"
37.4799006084594,-1.35724632011141,0.25842972323911,-5.25189712351947,1.50540542356962e-07,5.5394198730371e-07,"ENSG00000276649.1"
1674.76294242629,1.11692021003143,0.212677083291837,5.25171867482681,1.50686494278001e-07,5.54401429955623e-07,"ENSG00000102890.16"
247.635978525175,-1.85802902171599,0.353971937641498,-5.24908565943382,1.52855990853725e-07,5.61911449454448e-07,"ENSG00000279806.1"
5.88860459530073,2.41763967923685,0.46062622354244,5.24859323171837,1.5326507030314e-07,5.63336471521149e-07,"ENSG00000251350.2"
4.00921939058647,3.27185059427376,0.623503148329603,5.24752858592489,1.5415313646076e-07,5.66521398033362e-07,"ENSG00000251026.2"
316.275521390787,1.95309800649626,0.372208674799327,5.24731995445634,1.54327746982732e-07,5.67083811225238e-07,"ENSG00000129951.19"
8.32967692304655,1.32090151804485,0.251943275050966,5.24285285160973,1.5811263244719e-07,5.80504599977923e-07,"ENSG00000218582.2"
26.9856670385262,-1.09859123040441,0.209545800870678,-5.2427260572137,1.58221362196248e-07,5.80822665358405e-07,"ENSG00000225792.2"
326.503909215533,1.01053641369317,0.19278592565181,5.24175408695702,1.59057258832749e-07,5.83646655194748e-07,"ENSG00000287151.1"
1150.79068951292,-1.41218827929231,0.269435490733302,-5.24128530895785,1.59461933876019e-07,5.85049898101238e-07,"ENSG00000136999.5"
491.908621551856,2.27938258386899,0.434980718226719,5.24019223923609,1.60409402999611e-07,5.8836181250932e-07,"ENSG00000231475.3"
51.2026584857553,1.52597085455845,0.29128929716535,5.23867807505552,1.61730873246261e-07,5.92960562477991e-07,"ENSG00000228613.1"
205.609863647473,-1.29169690348196,0.246589486852121,-5.23824806958045,1.6210807102817e-07,5.9426060514706e-07,"ENSG00000167244.21"
8.92300265227327,1.43556841688875,0.274093524451005,5.2375130706357,1.62754777444791e-07,5.96548120256435e-07,"ENSG00000226284.1"
137.155584698662,-1.30133814356119,0.248484238531733,-5.23710538443265,1.63114564802632e-07,5.97783494321302e-07,"ENSG00000183454.18"
4.63340395321821,1.9040265114127,0.363642369984702,5.2359864211995,1.64106018193815e-07,6.0133313567632e-07,"ENSG00000263718.2"
5126.6084956561,-2.70169565265658,0.516112831947562,-5.23469963430609,1.65253375208357e-07,6.05284241078102e-07,"ENSG00000134240.12"
44.647421286706,-1.10881657961437,0.211836804151038,-5.23429620295724,1.65614687077324e-07,6.06438622895011e-07,"ENSG00000188107.15"
197.696398160669,1.18611676380797,0.226645452763054,5.23335786951789,1.66458012418249e-07,6.09356880000175e-07,"ENSG00000183876.9"
1057.27029669376,4.0240424444999,0.769351037684134,5.23043740424773,1.6910943171132e-07,6.18201989304635e-07,"ENSG00000161634.12"
74.9769620892569,1.52523724936402,0.291607673383118,5.23044277837004,1.69104515379433e-07,6.18201989304635e-07,"ENSG00000175426.11"
312.301455796864,1.28503142337354,0.245737766354624,5.22927933478125,1.70172081682211e-07,6.21827192400282e-07,"ENSG00000172818.10"
54.745590024008,-1.29304531012487,0.247385670991203,-5.22683995780357,1.72431629180647e-07,6.29646143565454e-07,"ENSG00000272279.1"
1407.85758975404,1.02307735425194,0.19575827219233,5.22622795345669,1.73003052560967e-07,6.31557254654507e-07,"ENSG00000130005.13"
7.48598839158718,1.92007880553194,0.367493573408258,5.22479560043591,1.74347594446693e-07,6.36200495965136e-07,"ENSG00000174343.6"
3.5898785343081,-1.78607499913562,0.341865773331267,-5.22449200378102,1.74633873745684e-07,6.36979841455947e-07,"ENSG00000287974.1"
196.525542401298,-1.1467900025882,0.219556466341631,-5.22321214991585,1.75845728017601e-07,6.41044260085246e-07,"ENSG00000101187.16"
5.65050744508795,-1.89104294433415,0.362150932604293,-5.22169839722715,1.7728955030572e-07,6.46128472023785e-07,"ENSG00000227188.1"
12.588576897087,-2.43510419957808,0.466385281630777,-5.22122866112632,1.77739911449636e-07,6.47590217984783e-07,"ENSG00000163221.9"
114.427071375699,-1.4288953199486,0.273750347136194,-5.21970231233245,1.79210952398809e-07,6.52859414116467e-07,"ENSG00000197181.12"
9.44110962627392,1.55247118090624,0.297447144260041,5.219317821216,1.79583363138053e-07,6.5412543191804e-07,"ENSG00000261143.1"
13.9438012377585,-1.77820360506982,0.340767739279088,-5.21822754944969,1.80643452624998e-07,6.57713327163798e-07,"ENSG00000249790.3"
75.5491246640119,1.06723147464536,0.204574535312837,5.21683440714328,1.82006834681432e-07,6.62313204537817e-07,"ENSG00000188603.22"
5.48079336971128,-1.18283933254103,0.226735108198901,-5.21683360789191,1.82007619706919e-07,6.62313204537817e-07,"ENSG00000260473.2"
7.58334315030233,1.14010463136289,0.218566535423359,5.21628175674071,1.82550430530346e-07,6.64104569696832e-07,"ENSG00000235489.4"
8.12345244608711,-1.38618372238024,0.265830886763903,-5.21453221352483,1.84281678071955e-07,6.70124464090105e-07,"ENSG00000255652.4"
199.670992494344,-1.90898152111878,0.36623439288277,-5.2124583551328,1.86354411404737e-07,6.77006129835813e-07,"ENSG00000112175.8"
265.302576340712,1.55505845356873,0.298342687205992,5.21232301060234,1.86490463044089e-07,6.77406762113162e-07,"ENSG00000168907.13"
7.15186495003043,2.89965234764868,0.556439241500293,5.2110852926737,1.87739109459686e-07,6.81848107370234e-07,"ENSG00000101435.5"
26.1731549289089,-1.00388917935323,0.192646043376746,-5.2110552688071,1.87769498593058e-07,6.81864258223256e-07,"ENSG00000272343.1"
279.644668781754,-1.0239526087198,0.196523489372526,-5.21033191497438,1.88503091622321e-07,6.84244615412385e-07,"ENSG00000117600.12"
6.30281613634193,-1.62203331255916,0.311333322009302,-5.20995729622125,1.88884101310498e-07,6.85532963110345e-07,"ENSG00000180532.10"
36.3134000046238,1.53780213610569,0.295248273780288,5.208505087654,1.90368132621894e-07,6.90632987968786e-07,"ENSG00000254815.6"
865.758818651411,-1.25455576449087,0.240878174781242,-5.20825834731694,1.90621397459645e-07,6.91456363625352e-07,"ENSG00000157368.11"
183.637377198266,-2.34636942452295,0.450544714318747,-5.20785029754663,1.91040952040557e-07,6.92882625008142e-07,"ENSG00000139304.16"
412.100769976642,-1.76771547866093,0.339505680385129,-5.20673314406894,1.92194175400171e-07,6.96872907465593e-07,"ENSG00000163661.4"
140.346514803595,-2.31166178949853,0.443995329110217,-5.20650024434083,1.92435441041742e-07,6.97651466529814e-07,"ENSG00000256916.1"
40.1471076013362,-1.56609761847025,0.300803279459665,-5.20638478836881,1.92555152776723e-07,6.97989192605625e-07,"ENSG00000236975.2"
47.7090257300579,1.22214399159234,0.23475900709737,5.20595144230372,1.93005114636151e-07,6.99427331186624e-07,"ENSG00000105880.7"
219.186312888296,1.5746438955199,0.302586464084544,5.20394691244333,1.95099761868671e-07,7.06531019696357e-07,"ENSG00000237289.10"
652.633454944912,-1.33457914541338,0.256458485777189,-5.203879845773,1.9517022215141e-07,7.06688816507463e-07,"ENSG00000164687.11"
7285.65910439664,1.1816730365581,0.227083269750573,5.20369923269136,1.95360096689678e-07,7.07181487590068e-07,"ENSG00000134215.16"
22.7553910131765,1.02934799914332,0.197852678520056,5.20259825059166,1.96521402078664e-07,7.11091482961951e-07,"ENSG00000236137.1"
16.9740126625617,1.96667709788952,0.378102429650186,5.20143998997588,1.97750325610513e-07,7.14947669648794e-07,"ENSG00000235621.9"
118.283700135144,1.51437990351205,0.291198434531396,5.20050839541439,1.98744141105752e-07,7.18244329000906e-07,"ENSG00000171951.5"
13.3755514232688,1.11517098328012,0.214468811509822,5.1996883622822,1.99622937383295e-07,7.21221895007906e-07,"ENSG00000225506.2"
781.358183203241,-1.34856151600644,0.259390330052924,-5.19896603597863,2.00400135341406e-07,7.23758367798056e-07,"ENSG00000149527.18"
1272.85088536119,-1.3321038426036,0.256244094982443,-5.19857381570049,2.00823375012639e-07,7.25160267733508e-07,"ENSG00000140285.12"
10.1242572555831,2.63484925729288,0.506863615655807,5.1983397030457,2.01076414449992e-07,7.25974241401593e-07,"ENSG00000204949.9"
19.3408371080647,1.2360367167436,0.237883145998597,5.19598272317658,2.03641172050755e-07,7.35032211780011e-07,"ENSG00000233818.1"
25.4071425853823,-2.70913766592295,0.521398819499385,-5.19590295299114,2.0372852510858e-07,7.35246540430305e-07,"ENSG00000171401.15"
8.29818453588002,1.63082438795638,0.31420880828441,5.19025674951868,2.10004305833778e-07,7.57375572795694e-07,"ENSG00000211807.3"
5.10617776028189,1.28371890622984,0.24737453089214,5.18937378718895,2.11002463579788e-07,7.60766632747756e-07,"ENSG00000270361.1"
18.5742272147685,1.22120338267975,0.235357932342245,5.1887071343911,2.11759127052708e-07,7.63285366902548e-07,"ENSG00000267174.5"
10.7291662931269,-1.52339954612242,0.293622185455757,-5.1882985059791,2.12224223521148e-07,7.64752055254984e-07,"ENSG00000243243.5"
752.42788881118,1.4290269600708,0.275450709764703,5.18795889577307,2.12611515210552e-07,7.65937646079242e-07,"ENSG00000064270.13"
13.1444044350346,-1.38472975087587,0.267153118352956,-5.18328125613117,2.18015889373178e-07,7.8476165931041e-07,"ENSG00000251468.2"
22.7111151475793,-1.76751113736024,0.341100542924387,-5.18178928185421,2.19767412832676e-07,7.90633271132503e-07,"ENSG00000244953.1"
7.202638081332,1.72099639995647,0.332164219726749,5.18116129838495,2.20508701698878e-07,7.93083020724318e-07,"ENSG00000188676.13"
18.5960066467568,2.11193002317626,0.407638738118195,5.18088647051965,2.20833875560568e-07,7.94035237378108e-07,"ENSG00000225768.1"
155.608581567505,2.04870807913959,0.395605488326423,5.17866445131104,2.23480020768163e-07,8.03434936406144e-07,"ENSG00000176406.23"
546.37330267241,1.11806168104009,0.216022013464862,5.17568401065735,2.27077500071449e-07,8.15592376588955e-07,"ENSG00000216775.3"
9.75570092529702,-1.55510274460709,0.300472897160535,-5.17551752355302,2.27280096393879e-07,8.16208505754436e-07,"ENSG00000260895.1"
13.9853425652261,1.84347931743989,0.356374140206472,5.172876226013,2.30517722365056e-07,8.27496287167867e-07,"ENSG00000090932.11"
15.1381080309539,-1.30686279447509,0.252658711570393,-5.1724430412564,2.31052943442595e-07,8.29304324108313e-07,"ENSG00000254528.7"
84.680903099229,-1.1945775562255,0.230983012390091,-5.1717117370002,2.31959231420436e-07,8.32443533404526e-07,"ENSG00000162687.19"
20.875320808489,1.13820964592694,0.220157521761143,5.16997846279277,2.34120975043045e-07,8.39972114118401e-07,"ENSG00000246225.7"
17521.3617797918,-1.87074430184864,0.361921441040577,-5.16892366605851,2.35446033164165e-07,8.44380343251046e-07,"ENSG00000109846.9"
210.299704909082,1.26616029325133,0.244979856308284,5.16842614054761,2.36073547286198e-07,8.46399824972095e-07,"ENSG00000203995.10"
51.0773047453644,1.75655616502003,0.339900139898574,5.16785949409784,2.36790209789452e-07,8.48737743639161e-07,"ENSG00000147724.12"
160.832580551083,1.3181608574842,0.255101087393317,5.16720987336228,2.37614399728866e-07,8.51343631743937e-07,"ENSG00000254285.3"
17.3302868424795,-1.5718453581951,0.304208528413197,-5.16699964459942,2.37881715264568e-07,8.52185226116111e-07,"ENSG00000217643.1"
4.5085348459186,-1.58133710770774,0.306097432629765,-5.16612339450891,2.38999040137869e-07,8.56071241616755e-07,"ENSG00000128313.2"
3.61401848508922,2.34370121347615,0.453719382002386,5.16553029569239,2.39758188408613e-07,8.58673419284913e-07,"ENSG00000182393.3"
49492.0156514698,1.51172313578397,0.292663631727511,5.1653945755429,2.39932233285573e-07,8.59094583226232e-07,"ENSG00000272398.6"
3.5321993902998,2.3780540369443,0.460564236676947,5.16334931713845,2.42569858626183e-07,8.68388199963308e-07,"ENSG00000205634.7"
7.09471029034755,2.19435165087556,0.425015100493162,5.16299691076709,2.43027152397304e-07,8.69906805612247e-07,"ENSG00000231402.1"
140.518386458948,1.0945323049707,0.212015208858996,5.16251787247317,2.43650103511923e-07,8.71899158707609e-07,"ENSG00000179772.8"
50.92872794318,-1.3059565835387,0.253055417490158,-5.1607533104463,2.45958109766855e-07,8.79798987086556e-07,"ENSG00000278266.1"
47.0869844241017,-2.39390731859527,0.463979096707485,-5.15951545141375,2.47589790694742e-07,8.85515044036006e-07,"ENSG00000178403.4"
124.445484336639,-1.47948278637195,0.286783394545237,-5.15888581595884,2.48423750368241e-07,8.88135181539559e-07,"ENSG00000165495.16"
13.367673033898,1.06543277616319,0.206569709456398,5.15773962681629,2.49948862889572e-07,8.93026018499748e-07,"ENSG00000260430.2"
56.226876834495,-1.51721987010319,0.294189242109808,-5.15729215392886,2.50546719108406e-07,8.94918918709755e-07,"ENSG00000233760.2"
4.6674428457891,-1.69048224636598,0.327794075064851,-5.1571470473697,2.50740888433164e-07,8.95444770594738e-07,"ENSG00000196337.12"
119.802863345646,1.07540662782411,0.208555524902806,5.15645235639426,2.51672480706775e-07,8.98527503789306e-07,"ENSG00000217801.10"
9.22180413199434,-1.54252655654304,0.299240977406399,-5.1547972136454,2.53905547582998e-07,9.0588481236209e-07,"ENSG00000254040.2"
19.72013177958,1.23147970394942,0.238906746717912,5.15464598998323,2.54110525403574e-07,9.06493084922306e-07,"ENSG00000267500.1"
6.3515551080726,-1.01365409752651,0.196712678382969,-5.15296779983385,2.56396003809795e-07,9.14025846214111e-07,"ENSG00000273489.1"
25.5497607438541,-1.53192748229305,0.297348821236786,-5.15195411208016,2.57786121302017e-07,9.18607702318629e-07,"ENSG00000255191.1"
5.94427866238584,1.58986300579992,0.308624747602792,5.1514436808746,2.58488852596745e-07,9.20862157990356e-07,"ENSG00000262188.2"
34.7556900133831,1.19735775732149,0.232444474036135,5.15115604398214,2.58885668737396e-07,9.22150822210829e-07,"ENSG00000268658.5"
6.82674220411143,-1.17378981791431,0.227895780904664,-5.15055528125527,2.59716363671154e-07,9.24733798798782e-07,"ENSG00000224745.1"
5.16423146797573,1.79163969592166,0.347856851470782,5.1505085737032,2.5978105553915e-07,9.24838854637821e-07,"ENSG00000218358.2"
4625.10246903928,1.10969048905189,0.215470759406278,5.1500746185218,2.6038284575337e-07,9.26855731010508e-07,"ENSG00000133321.11"
9416.91597905436,-2.01990005636976,0.392234658453391,-5.14972354644633,2.60870682396484e-07,9.28466488301854e-07,"ENSG00000197766.8"
670.162393085983,-1.13445283127804,0.22035229229152,-5.14835956313625,2.6277441414847e-07,9.34988859006144e-07,"ENSG00000204186.10"
99.7561648756736,-1.00918085511192,0.196072194282877,-5.14698608236083,2.64704957889213e-07,9.41603073915291e-07,"ENSG00000128710.6"
11.5663579037627,-1.10283367549027,0.214364090167948,-5.14467546605514,2.67983674219106e-07,9.52879179271509e-07,"ENSG00000272555.1"
46.4311955759167,1.01277735950867,0.196891219689177,5.14384217390442,2.69175694474663e-07,9.56988225831468e-07,"ENSG00000246889.2"
11.216830135577,-1.21138454877996,0.235585204963094,-5.14202302716645,2.71795794287514e-07,9.65911392246218e-07,"ENSG00000252061.1"
14.6427841558785,-1.19361403769163,0.232178553264832,-5.14093149822563,2.73379718834767e-07,9.71277714227226e-07,"ENSG00000269951.1"
105.32290000644,2.4261077196902,0.472224352763201,5.13761669743192,2.78244682479733e-07,9.88161496324457e-07,"ENSG00000152977.10"
199.649505515564,2.50972683197299,0.488672544439609,5.13580486673554,2.80939044951662e-07,9.97460739904023e-07,"ENSG00000115844.11"
4.70640921197951,-2.73982918180553,0.533500173145832,-5.13557318201021,2.81285393588789e-07,9.98555549039403e-07,"ENSG00000164122.9"
27.2109633064646,1.44291856676612,0.281004126129253,5.13486611973244,2.8234494198164e-07,1.00191095653374e-06,"ENSG00000153060.8"
473.072342973683,1.83545509007542,0.357477267230786,5.1344666034119,2.8294532911443e-07,1.00390591663657e-06,"ENSG00000105523.3"
13.0471671090561,-2.845299123959,0.55417599149778,-5.13428796557745,2.83214182090888e-07,1.00458860486868e-06,"ENSG00000285576.1"
19.4522162048642,-1.52751381345222,0.297532099856954,-5.1339462672653,2.83729131296374e-07,1.00627938024476e-06,"ENSG00000279400.1"
22.5680608869952,-1.73370555836069,0.337699153791763,-5.13387593333962,2.83835238706524e-07,1.00651988858099e-06,"ENSG00000164588.8"
15.0711248268443,1.55145163762073,0.302235644838041,5.13325169985197,2.84778652851862e-07,1.00972913956001e-06,"ENSG00000145063.15"
21.5055519696509,1.13496665978042,0.221174069081611,5.13155391359024,2.87359888369686e-07,1.0183318465564e-06,"ENSG00000261159.1"
37.0312213525702,1.84343627872249,0.359257340662625,5.13124178707776,2.87836883343284e-07,1.01988469153341e-06,"ENSG00000144191.12"
97.9905446575697,1.07443317708647,0.209445962178454,5.12988250482968,2.89923082843551e-07,1.02699977216441e-06,"ENSG00000142606.16"
122.357127635659,-1.84904611311074,0.360485085377444,-5.12932764243132,2.90778864762788e-07,1.02961493754885e-06,"ENSG00000165621.8"
5.10802000662497,2.18795738325423,0.426601498205739,5.12880848392855,2.91581788010961e-07,1.03231892727372e-06,"ENSG00000286413.1"
13.8883563555782,-3.80390827788339,0.741830880062681,-5.12772975635899,2.93256984588076e-07,1.03797018353259e-06,"ENSG00000135222.6"
801.886884654175,1.39193652147137,0.2715219787314,5.12642301729957,2.95298718967156e-07,1.04491539167107e-06,"ENSG00000142273.13"
7.25510387398459,-1.11452947546304,0.217424482607798,-5.12605324890428,2.95878956466676e-07,1.04654588773652e-06,"ENSG00000235760.4"
5.05682785780284,-2.08376356179902,0.406572667548727,-5.12519342326247,2.97232447275979e-07,1.05119182510789e-06,"ENSG00000215478.8"
263.381508843528,1.00287272326331,0.195685786443555,5.12491347220349,2.97674419777017e-07,1.05261327181745e-06,"ENSG00000160469.17"
58.4088425224801,1.51743743241943,0.296094246370638,5.12484606175011,2.97780938737039e-07,1.05284829079423e-06,"ENSG00000174473.16"
71.9626186068177,1.39803165212679,0.272812235112982,5.12451962261814,2.98297284026086e-07,1.05439023848059e-06,"ENSG00000113088.6"
5.38633513274014,-2.07040498219462,0.404077861554265,-5.1237773191308,2.99474643153295e-07,1.05826721170223e-06,"ENSG00000261701.7"
17.8164506856835,4.0004652070316,0.780841037755571,5.12327735556833,3.00270157196337e-07,1.06079311985867e-06,"ENSG00000287158.1"
822.376138375111,1.53720550576661,0.300062034218116,5.12295902336385,3.00777732370302e-07,1.06244347770743e-06,"ENSG00000188064.10"
54.3981819676207,2.10739527189038,0.411434644040632,5.12206568507212,3.02206573463464e-07,1.06706039453435e-06,"ENSG00000197444.10"
1918.95002074308,-1.37059269921483,0.267637478675332,-5.12107910296632,3.03792168267144e-07,1.07237085021939e-06,"ENSG00000159713.11"
13.0606856327219,-1.64358928572715,0.321020258629053,-5.11989272186824,3.05709511076903e-07,1.07884919295721e-06,"ENSG00000235641.5"
13.194696932182,-2.28213168564163,0.445842524306508,-5.11869451930678,3.07657815942358e-07,1.08543329318509e-06,"ENSG00000155897.10"
6.85037536925631,1.43789890242038,0.28094575159337,5.11806601190943,3.08684571479992e-07,1.08861737243796e-06,"ENSG00000279459.1"
1874.04423938127,-1.06608802455752,0.208327415102779,-5.11736788953847,3.09828931387555e-07,1.09231729112061e-06,"ENSG00000165633.13"
11.3830529237159,1.75835970303238,0.343836408532637,5.11394273380295,3.15503041915132e-07,1.11132162338479e-06,"ENSG00000153789.13"
603.76509222203,-1.21644651944596,0.237891162015493,-5.1134582266101,3.16313731664567e-07,1.11402788732031e-06,"ENSG00000108947.5"
16.9603442822385,-1.84413199962211,0.360764828461572,-5.11172889964396,3.19223717352125e-07,1.123523860054e-06,"ENSG00000280623.1"
6696.64199525187,-2.57836146323934,0.504469882839408,-5.11103150246956,3.20404545176112e-07,1.1275288613481e-06,"ENSG00000179593.16"
17792.6208940615,-1.09115263240916,0.213514177634134,-5.11044580036692,3.21399508708735e-07,1.13087880681397e-06,"ENSG00000132386.11"
68.3298117031749,1.06489950424013,0.208384970136492,5.11025101063011,3.21731068956601e-07,1.13189391198706e-06,"ENSG00000212123.4"
27.4283688769464,-1.33839350388789,0.262025620765298,-5.10787265756244,3.25806094313366e-07,1.14561704119499e-06,"ENSG00000163554.15"
5.2172038761819,-3.61930433240831,0.708725981777635,-5.10677529181353,3.27703056783145e-07,1.15167096463273e-06,"ENSG00000188984.12"
10.0886006741513,-1.34368099760149,0.263119802710378,-5.10672698808803,3.27786801601243e-07,1.15181126915602e-06,"ENSG00000261707.1"
8.92683728385929,2.65416144635234,0.519784657120494,5.10627124135575,3.28577953562024e-07,1.15443696449997e-06,"ENSG00000282390.1"
17.1974226433161,2.31401142493056,0.453180449751595,5.10615898412863,3.28773108878906e-07,1.15496824295284e-06,"ENSG00000204603.7"
9.12839968846349,-3.51712690977732,0.688964889227209,-5.10494361145511,3.30893169064794e-07,1.16163964948565e-06,"ENSG00000254399.2"
4.38095972455289,-3.22465215254548,0.631767696379556,-5.10417384590073,3.32242745283844e-07,1.16606600574717e-06,"ENSG00000132972.19"
145.783020930621,-1.45370882702174,0.284880123537397,-5.10287909514652,3.34524735458683e-07,1.17376160015966e-06,"ENSG00000198515.16"
4543.16309187046,1.06131561755929,0.20807205326997,5.1007119931779,3.38378135908881e-07,1.1864902513646e-06,"ENSG00000151552.12"
20.8059780001042,-1.01380971835341,0.198855022310556,-5.09823542082897,3.42834285345272e-07,1.20131400560127e-06,"ENSG00000286974.1"
5.37000542606298,1.53217030454939,0.300607754145269,5.09690879034667,3.45244564583542e-07,1.20959852512847e-06,"ENSG00000227617.9"
50.3850914148785,-1.36036486145902,0.266959099274109,-5.09578008450735,3.4730811689337e-07,1.21601792252902e-06,"ENSG00000227082.3"
370.179636233805,-1.1235976741986,0.220524917867906,-5.09510528361987,3.48547500286739e-07,1.22003229425178e-06,"ENSG00000163132.8"
25.1839146356126,1.20481254597437,0.236578241539669,5.09265999330016,3.53074543932857e-07,1.2355493692892e-06,"ENSG00000151023.17"
405.840321196986,1.92547266862338,0.378128657212864,5.09210987290883,3.54100791729604e-07,1.23897566690907e-06,"ENSG00000124302.13"
144.524895078665,1.94451347064742,0.382274962429726,5.08668801714914,3.64370483835174e-07,1.27389116748121e-06,"ENSG00000104237.11"
1855.38972968805,1.44968863355526,0.285038208692805,5.08594493420228,3.65800183688465e-07,1.2785494718175e-06,"ENSG00000164403.15"
251.910369338426,1.21493664855745,0.238922702560189,5.08506155145047,3.67506866640477e-07,1.28434390144639e-06,"ENSG00000273472.1"
2040.43459959005,-1.01960822443892,0.200564639408037,-5.08368886683253,3.70174132487035e-07,1.29349333930992e-06,"ENSG00000158856.18"
18.1256828986349,1.78239791327602,0.350837008840326,5.08041588647574,3.76609462355324e-07,1.31510603275506e-06,"ENSG00000259727.1"
5.71572963393335,1.35249072257322,0.266308895159238,5.07865395094858,3.80118345710214e-07,1.32683009278184e-06,"ENSG00000276509.1"
6.54055731087536,1.15607319017402,0.227778901691342,5.0754182305286,3.86644604673564e-07,1.34835701064614e-06,"ENSG00000258427.3"
13.7591519121303,-2.04667020169065,0.40338183757701,-5.07377876501424,3.89992451173808e-07,1.35967125436429e-06,"ENSG00000148965.10"
7.32236405862295,-2.55910191249573,0.504706564922684,-5.07047478743963,3.96824485653157e-07,1.38220710057084e-06,"ENSG00000109193.12"
3.70253231369305,-1.5723420631522,0.310171483183463,-5.0692669971281,3.99350689640895e-07,1.39063772211464e-06,"ENSG00000287087.1"
4.16032006382113,-1.59802501204643,0.315392163158418,-5.06678731660101,4.04585892689913e-07,1.40830825102128e-06,"ENSG00000234506.5"
539.766138455342,-1.13459224967774,0.223932987039721,-5.06665973904276,4.04857023133863e-07,1.40906541261261e-06,"ENSG00000121552.4"
11.8100046867038,-1.26888048695438,0.250497000714416,-5.06545181513369,4.07432831065813e-07,1.41765482284006e-06,"ENSG00000244124.1"
165.60550360603,-1.23284347656714,0.243414538604448,-5.06478981754879,4.08851191870929e-07,1.42240168459768e-06,"ENSG00000255310.2"
406.438731296785,-1.17608181305601,0.232212875687296,-5.06467098163735,4.09106307236181e-07,1.42310087075116e-06,"ENSG00000066382.16"
9.27090962867095,-1.8972182714333,0.374602237583176,-5.06462076594522,4.09214155779313e-07,1.42328766316044e-06,"ENSG00000176204.13"
5.8975141170159,1.90911462288759,0.377211143199897,5.06112997270572,4.1677896561204e-07,1.44864035072029e-06,"ENSG00000264491.1"
28.2891375934003,3.67793353625958,0.727028902446423,5.05885463959339,4.2178222665374e-07,1.46544931201149e-06,"ENSG00000180269.8"
17.618957915001,1.56944555653993,0.310276840717801,5.05821044493408,4.23209248371257e-07,1.47021304311262e-06,"ENSG00000283766.1"
5.99929729985171,1.76617877450369,0.349290975323923,5.05646838675343,4.27091629297103e-07,1.48311221884596e-06,"ENSG00000237637.1"
9.79277625159275,-2.02966248204637,0.401561728132683,-5.05442212205975,4.31695862584184e-07,1.49830899936124e-06,"ENSG00000272727.2"
2670.12677268995,1.39990001038526,0.277063074158437,5.05264014209535,4.35744413773973e-07,1.51216083596978e-06,"ENSG00000166923.12"
7.26130231646372,-1.36560401874583,0.270337606924556,-5.05147631615653,4.3840830312025e-07,1.5204016148849e-06,"ENSG00000227508.6"
7.58329715870358,-1.2375461537627,0.245077546586448,-5.04961050491898,4.42711784540886e-07,1.53512355473254e-06,"ENSG00000248884.1"
5734.32172581892,1.0709589411505,0.21209438105139,5.04944513778047,4.43095162640662e-07,1.53625026445682e-06,"ENSG00000246705.4"
12.2271650898591,1.16046687333803,0.229910999203988,5.04746131048915,4.47719398773768e-07,1.55146429497294e-06,"ENSG00000221716.1"
3550.0962225299,-1.0021674357057,0.198574486877861,-5.04680863822205,4.4925090812204e-07,1.55628158889805e-06,"ENSG00000176720.6"
32.8478805366329,-2.27126459377433,0.450041145765103,-5.04679319912631,4.49287197403683e-07,1.55628158889805e-06,"ENSG00000253831.3"
578.537777239967,-1.62416637481228,0.321901590886278,-5.04553696159292,4.52249452911168e-07,1.56571715230731e-06,"ENSG00000122420.10"
12.2798900756843,3.30681424187769,0.655423571985813,5.04530868772182,4.5278975025015e-07,1.56738124530159e-06,"ENSG00000152192.8"
7.53740856790115,1.11175446310499,0.220378657009382,5.04474652033868,4.5412299032472e-07,1.57178939658875e-06,"ENSG00000178342.4"
1687.88073638918,1.04223439302486,0.206608469493782,5.04449016818367,4.547322132532e-07,1.57369078250785e-06,"ENSG00000129521.15"
30.6778742083075,-1.00674996431074,0.199579137855348,-5.04436473235206,4.55030599684785e-07,1.57451609822471e-06,"ENSG00000225422.4"
180.534946242842,1.41340780541685,0.280199503151389,5.04429090530259,4.55206307561989e-07,1.57468488046639e-06,"ENSG00000174939.11"
5.65360127613739,-1.4235997873004,0.282339386725847,-5.04215796389303,4.60311047249946e-07,1.59069360582666e-06,"ENSG00000267299.1"
38.802811318181,-2.56216641007789,0.508163210989646,-5.0420147595653,4.60655747177123e-07,1.59167551712942e-06,"ENSG00000140465.14"
29.8093438283308,-1.80033492058697,0.357078324118081,-5.04184880175373,4.61055527339446e-07,1.59284746064537e-06,"ENSG00000286403.1"
5.18269472500406,1.02150498078965,0.202673765566618,5.04014408541636,4.65181485668299e-07,1.60689054662973e-06,"ENSG00000227973.1"
64.0784457044366,2.31417460963931,0.459209488284028,5.03947472489496,4.66811270127777e-07,1.61209662646676e-06,"ENSG00000100078.4"
781.2019215867,-1.64418234837483,0.326263187325279,-5.03943568336324,4.66906499728488e-07,1.61221366774351e-06,"ENSG00000048540.15"
64.8288541379492,1.59755621041105,0.317064654713171,5.03858183705861,4.68993882942862e-07,1.61899595735096e-06,"ENSG00000203635.2"
132.072900825438,1.53921226157577,0.30549499139949,5.03842061214997,4.69389035643787e-07,1.62014726367187e-06,"ENSG00000127252.7"
3.93407688298384,-1.20829384445427,0.239820226640692,-5.03833167610414,4.69607150034622e-07,1.62068728092306e-06,"ENSG00000273870.1"
127.885619815915,-1.26216050721199,0.250553672746933,-5.03748555498849,4.71687145172972e-07,1.62765195270138e-06,"ENSG00000270069.1"
109.992376987189,1.33012753128236,0.264061217701842,5.03719381005142,4.72406391338045e-07,1.62970594434036e-06,"ENSG00000243069.8"
19.2051891041477,1.32757596700742,0.263569497479826,5.03691049116574,4.73105876912091e-07,1.63169070578105e-06,"ENSG00000261693.1"
47.8874122802048,-1.36163536049539,0.27034483660615,-5.03666124194958,4.73722073839413e-07,1.63360154668002e-06,"ENSG00000228793.2"
651.287953102066,-1.07843999556331,0.214147366109652,-5.03597132738538,4.75431728367725e-07,1.63906709711664e-06,"ENSG00000169946.14"
18.4677724571846,-1.92364674187639,0.382061340870463,-5.03491595745771,4.78058525662376e-07,1.64786962689658e-06,"ENSG00000108231.14"
47.9732770568591,-1.04686376536148,0.20793744247889,-5.03451303854408,4.79065071380246e-07,1.65072710227561e-06,"ENSG00000237773.7"
2271.68862241396,1.67726958370204,0.333172018208359,5.03424505071462,4.79735672606532e-07,1.65282113236205e-06,"ENSG00000203697.12"
4.93789197357621,-1.67055161904675,0.331900074160853,-5.03329691404989,4.82115524698295e-07,1.66058504143231e-06,"ENSG00000288002.1"
5818.24867434312,1.33533104565658,0.265403783513574,5.03131880027732,4.87117364159387e-07,1.67671461492474e-06,"ENSG00000142875.19"
8.65878897026948,1.02093798031487,0.202919608284399,5.03124359911041,4.87308501208255e-07,1.67715289325098e-06,"ENSG00000236603.2"
7.73887038158284,-1.79789039076805,0.357572097220859,-5.02805002051813,4.95492641074043e-07,1.70331265733588e-06,"ENSG00000184995.7"
38.027471437839,1.62537228616672,0.323371025110937,5.02633866348759,4.99932698597561e-07,1.71745275780137e-06,"ENSG00000286733.1"
2097.18049356322,1.07878191641034,0.214632048198942,5.02619215286257,5.00314593406683e-07,1.71854009057779e-06,"ENSG00000102879.16"
6.55825652404422,-1.37711643069538,0.27402215577651,-5.02556600502969,5.01949884067125e-07,1.72370665701859e-06,"ENSG00000286150.1"
5.30975392798877,-2.0489080203665,0.407704729716762,-5.02547032454076,5.02200223368337e-07,1.72434104128196e-06,"ENSG00000286746.1"
214.476550758514,-1.64126841174913,0.326624950161185,-5.02493275831866,5.03608956635742e-07,1.72850062891275e-06,"ENSG00000073737.17"
18568.2056913599,-1.74128055111835,0.346621212185625,-5.02358335238251,5.07161987449448e-07,1.74001379429856e-06,"ENSG00000132465.12"
3445.77743337189,1.99581196218714,0.397323697805252,5.02313849692747,5.08338595829575e-07,1.74382297739292e-06,"ENSG00000173467.9"
45.7211970723918,-1.25195697369377,0.249251881034249,-5.02285867813269,5.0908004314772e-07,1.74568295552442e-06,"ENSG00000165409.18"
7.88528030817802,-1.01080416104309,0.201318749464554,-5.02091416587634,5.14261377297215e-07,1.76231738304779e-06,"ENSG00000255670.1"
55.6385370115518,1.05162649184893,0.209472637353046,5.02035256316801,5.15767259984103e-07,1.76723069501006e-06,"ENSG00000165685.8"
2293.12146586208,1.12502612564447,0.22411117132388,5.01994665860995,5.16858299676588e-07,1.77073821020587e-06,"ENSG00000006327.14"
4.14514157645652,-2.01192699251594,0.400804615254357,-5.01972012283127,5.17468177420632e-07,1.77236559490799e-06,"ENSG00000249721.1"
7.04784620609713,1.57960232616107,0.314684106497534,5.01964444198407,5.17672079366767e-07,1.77283295557995e-06,"ENSG00000260792.1"
92.0920692776761,1.69621549541083,0.337964701520304,5.01891318170375,5.19646261152629e-07,1.77913017169932e-06,"ENSG00000105877.18"
37.8568247340502,2.28248536836701,0.454878206132888,5.01779451640777,5.22680373967565e-07,1.7888191340317e-06,"ENSG00000100721.11"
13.6797264635255,-1.19023159779073,0.237335956021653,-5.01496535856601,5.30430216389445e-07,1.81274578176832e-06,"ENSG00000259498.1"
47.8975152601598,1.15258653620927,0.229836045064793,5.01482061216439,5.30829681590798e-07,1.81387511062566e-06,"ENSG00000176049.16"
7.69381556046956,1.82757063310517,0.364482325184662,5.01415434117209,5.3267217271763e-07,1.8194613889162e-06,"ENSG00000164690.8"
3.93784364760583,-1.30159044324676,0.259612628379338,-5.01358678648296,5.34246538239946e-07,1.82460187254402e-06,"ENSG00000266877.1"
7.71424193831136,1.43428837600155,0.286126731151465,5.01277308215672,5.36511539079497e-07,1.83209942746076e-06,"ENSG00000288534.1"
55.8697985401761,1.40254303135592,0.279796952267426,5.01271732944179,5.36667068990481e-07,1.83239247094645e-06,"ENSG00000105613.10"
17.7771987355487,1.41429735732308,0.282218276045097,5.01135992020972,5.40467191765053e-07,1.84512789561666e-06,"ENSG00000253395.1"
11.8054770133192,-1.09287766484542,0.218099411790457,-5.01091523298295,5.41717744189304e-07,1.84915703743788e-06,"ENSG00000147117.8"
546.720227731716,-1.96951692268143,0.393129692057004,-5.00984016845985,5.44752584160684e-07,1.85830978871894e-06,"ENSG00000154080.14"
473.768839885311,-1.18904512051304,0.237482311256987,-5.00687867748744,5.5319770449953e-07,1.88638407694157e-06,"ENSG00000237438.7"
790.436869923495,1.3167012507737,0.263024696470346,5.0059985561932,5.55731733745532e-07,1.89453344873769e-06,"ENSG00000188404.10"
4.12182034716778,-1.2447094066681,0.248747447933675,-5.00390824914105,5.61795040209345e-07,1.91421063480197e-06,"ENSG00000270030.1"
14.5237137552744,-1.06554416194679,0.2129500920152,-5.00372717317604,5.62323274561645e-07,1.91576214498746e-06,"ENSG00000278740.1"
22.0602644245532,1.2283436132777,0.245517262457103,5.00308451220335,5.64201911823246e-07,1.92166425429081e-06,"ENSG00000265531.3"
17289.3843725146,1.07645912058036,0.215163072352255,5.00299195773721,5.64472966542898e-07,1.92233835872163e-06,"ENSG00000065361.16"
6.03723965976018,-1.3316020942436,0.266175204710025,-5.0027277923737,5.65247291087859e-07,1.9244766578955e-06,"ENSG00000271817.2"
9.72288358761832,1.55455504449646,0.310782949323552,5.00206027351273,5.67208495906858e-07,1.93065373043458e-06,"ENSG00000180066.10"
7.11403780798278,1.42576134131959,0.285085399273729,5.00117278875661,5.69826133155059e-07,1.93906137802273e-06,"ENSG00000263786.1"
2.98757347424139,1.50334938950483,0.300676245122713,4.9998941183108,5.73618059857248e-07,1.95120707716939e-06,"ENSG00000261587.2"
14.5310598240362,-1.2726886414676,0.254681784070136,-4.99717184766194,5.81772209448377e-07,1.97792015950603e-06,"ENSG00000235370.6"
1577.46914886926,1.29975042800137,0.260176610781712,4.99564670358423,5.86389266895283e-07,1.99284399936328e-06,"ENSG00000148219.17"
488.903056908261,1.3426536871759,0.268816155405783,4.99469120503244,5.89299815666154e-07,2.001441575781e-06,"ENSG00000012124.17"
30.6243199389731,-1.98436246584674,0.397438258788626,-4.99288234578872,5.94847972020606e-07,2.01845908812156e-06,"ENSG00000185640.6"
17.3587700864158,3.0961338231355,0.620108748419636,4.99288847484588,5.94829088157104e-07,2.01845908812156e-06,"ENSG00000249395.4"
594.559276523405,1.08651891882791,0.217635237406161,4.99238511087337,5.96381898817392e-07,2.02314169185807e-06,"ENSG00000132000.13"
8.14348907294645,2.00596456986506,0.401887534789948,4.9913580198836,5.99562467203853e-07,2.03366884604285e-06,"ENSG00000224090.1"
29.3422609750098,-1.0213437193609,0.20463044491534,-4.99116209117101,6.0017104919987e-07,2.03547043318315e-06,"ENSG00000237928.6"
27.1919080628955,2.19583553776302,0.43997317965454,4.99083953137134,6.0117426237642e-07,2.03834678951262e-06,"ENSG00000248663.6"
8.38857210359901,-1.74952822232865,0.350595288049562,-4.99016467694605,6.03278400110131e-07,2.04468980896127e-06,"ENSG00000207864.3"
3214.70347586086,2.44483719014221,0.490051419212973,4.98894012809643,6.07114578268413e-07,2.05689605248865e-06,"ENSG00000205426.10"
29.6603539596681,-1.87149346981861,0.375134958541597,-4.98885381702192,6.07385852606606e-07,2.0572847615866e-06,"ENSG00000237949.2"
4.43539262394721,1.9322069513161,0.387304089540404,4.98886276571199,6.07357721587792e-07,2.0572847615866e-06,"ENSG00000280924.1"
83.6129299608932,-1.62658680456131,0.326170540280669,-4.98692126873762,6.13490506035816e-07,2.0768913524788e-06,"ENSG00000283000.2"
7.05153999717728,-2.07564640077122,0.416243690626758,-4.98661348510969,6.14468195299379e-07,2.07960072247504e-06,"ENSG00000146352.13"
3.91039291095149,3.75645670350545,0.753330881338071,4.98646318180028,6.14946186473215e-07,2.08074736936946e-06,"ENSG00000198681.7"
238.4703971309,-2.13955414365724,0.429082563531424,-4.98634604503232,6.15318950634236e-07,2.08174067427858e-06,"ENSG00000124102.5"
26.3627704961657,1.40056862506173,0.28106380539091,4.98309849293398,6.25740785873623e-07,2.1145501177555e-06,"ENSG00000237080.3"
342.215558010701,1.1940217646567,0.239633107837103,4.98270783796857,6.27005855079294e-07,2.11828044921647e-06,"ENSG00000034053.14"
2544.66544441399,-1.15313461224786,0.231468838203564,-4.98181362639294,6.29910892080475e-07,2.12727455832497e-06,"ENSG00000059804.16"
25.2363002295587,1.0150550784896,0.203767954019105,4.98142646313477,6.31172694763993e-07,2.13098819642605e-06,"ENSG00000286529.1"
5.9199383965079,1.8284699732435,0.367066465738203,4.98130486958619,6.31569482386936e-07,2.13205397830185e-06,"ENSG00000135248.15"
1313.11741234123,-1.178626943368,0.236648948870123,-4.98048670402019,6.34245602135783e-07,2.14026337226049e-06,"ENSG00000078401.7"
1257.87628044538,1.50635111744764,0.302493012684599,4.97978814148106,6.36539161099365e-07,2.14745158648899e-06,"ENSG00000165548.11"
39.4588928393113,-1.49386187410375,0.299988352715644,-4.97973291489677,6.36720824619589e-07,2.14778877750273e-06,"ENSG00000183166.11"
664.70115711319,1.12406240255282,0.22574399105286,4.97936798809237,6.37922479298975e-07,2.15156607800516e-06,"ENSG00000125850.11"
43.9173996150768,1.29627673154335,0.260361929507222,4.97874913585394,6.39965273870165e-07,2.1579021498914e-06,"ENSG00000234753.5"
45.987109488709,1.70269893237685,0.342198072929156,4.97577007901315,6.49887508393801e-07,2.19023506483173e-06,"ENSG00000180438.15"
406.768805971679,-1.07968809912373,0.217001721802032,-4.97548171580278,6.50855780921798e-07,2.19321709560879e-06,"ENSG00000171033.13"
13.3263298521512,1.6666409912849,0.335297327493288,4.97063607319764,6.67336067399304e-07,2.24615971257822e-06,"ENSG00000200385.1"
14.0335074046595,1.56877237418682,0.315647207397597,4.97001822737735,6.69466078641028e-07,2.25217540138241e-06,"ENSG00000138315.13"
22.9366669967316,1.19058218190447,0.239681842596408,4.96734407999879,6.78760930212389e-07,2.28227610204713e-06,"ENSG00000272989.1"
5.36930675625274,-1.25889525264188,0.253455940206255,-4.96691950331655,6.80248074383412e-07,2.28698393285925e-06,"ENSG00000243491.1"
8.49342922602239,-1.46985525790167,0.295948197372698,-4.96659642109807,6.81381821907823e-07,2.29050259713841e-06,"ENSG00000253829.1"
22.8511225518623,1.03816394983317,0.209047286096659,4.96616803412194,6.82887908805749e-07,2.29527184079927e-06,"ENSG00000134183.12"
12799.4583472372,-1.04137518639282,0.209696113201642,-4.96611582586388,6.83071677350405e-07,2.29559595543767e-06,"ENSG00000122176.12"
4.25552638183859,-1.73342213905955,0.349059112827904,-4.96598448616976,6.83534192447198e-07,2.29685664974203e-06,"ENSG00000224057.1"
10.5491328553278,2.23010525216134,0.449105885598851,4.96565581452503,6.84692938419622e-07,2.30016221797308e-06,"ENSG00000242136.1"
4.61729548000747,-1.56142314337277,0.314537079354502,-4.96419419477394,6.89868906544711e-07,2.31695813181973e-06,"ENSG00000225873.4"
166.887696513175,2.42995189472159,0.489549582669451,4.96364817935575,6.91812142609627e-07,2.32318772918761e-06,"ENSG00000167080.9"
11.2494585859965,1.75014544444215,0.352721660201341,4.96183150034827,6.98315634253536e-07,2.34323096268607e-06,"ENSG00000255303.2"
6.5375413846157,-1.55616331768749,0.313644790448433,-4.96154683603249,6.99340021834363e-07,2.3463687942168e-06,"ENSG00000279588.2"
5.18082324575774,1.13526399518702,0.228837037932279,4.96101507625255,7.01257482398142e-07,2.35190145047247e-06,"ENSG00000265282.1"
7.18546485122093,1.048612871467,0.211378036308981,4.96084120080572,7.01885554176896e-07,2.35340731036938e-06,"ENSG00000282787.1"
7.05787184119526,-1.37896821899516,0.278074019036216,-4.95899697416738,7.08580707607796e-07,2.37464430941774e-06,"ENSG00000281852.1"
66.0788685997185,-1.15738060121426,0.2334898144611,-4.95687832844236,7.16348048001636e-07,2.39945101232e-06,"ENSG00000258818.4"
68.2403965988001,1.04600608977532,0.211036919116465,4.95650758243898,7.17715677208959e-07,2.40372564471971e-06,"ENSG00000167136.7"
32.5017881636627,-1.25837175401768,0.253954699178077,-4.95510324514724,7.22918924994014e-07,2.42053516236212e-06,"ENSG00000188580.15"
187.377003040086,1.55196246596044,0.313270749415753,4.95406120378246,7.2680328952771e-07,2.43261144300857e-06,"ENSG00000058335.16"
49.3412539307539,-1.23692214578936,0.249682500835325,-4.95398012135885,7.27106378094356e-07,2.43331602264223e-06,"ENSG00000101470.10"
75.1453571961121,-1.25942462776997,0.25425158753122,-4.95345826548802,7.29060007175202e-07,2.43954337728746e-06,"ENSG00000152672.8"
5.79710385385524,-1.50459681921829,0.303748403169068,-4.9534312066188,7.29161443033775e-07,2.43957222106667e-06,"ENSG00000266588.1"
81.8255490895693,1.08988420712423,0.220131080404446,4.95106917715476,7.38068598016393e-07,2.46811641606398e-06,"ENSG00000141933.9"
71.6432545529232,1.02004224472598,0.206035842741224,4.9507999732218,7.39090388659791e-07,2.4709045758756e-06,"ENSG00000234380.2"
4.89674969067494,5.67961589729564,1.14728555529162,4.95048148309683,7.40301009943891e-07,2.47463712900486e-06,"ENSG00000229637.4"
6.77946025222813,-1.94139551860678,0.39224682136404,-4.94942320209396,7.44337405486878e-07,2.48718082453815e-06,"ENSG00000183747.12"
46.7668440758801,-1.13940351942199,0.230227552090324,-4.94903198629752,7.4583490466684e-07,2.49186788283504e-06,"ENSG00000233321.2"
17.2651956502806,1.24479352156191,0.251525942864274,4.94896672441307,7.46084996971059e-07,2.4923866370599e-06,"ENSG00000279692.1"
149.888069214739,-2.14098137990496,0.432671025584283,-4.94828923895182,7.48685989250396e-07,2.50043996714834e-06,"ENSG00000257017.9"
110.663624152388,-2.14864173754823,0.434243649138527,-4.94800958358471,7.49762183223665e-07,2.50371607468566e-06,"ENSG00000079689.14"
4.16441079613775,1.29536445056702,0.261839873435218,4.94716268218603,7.53030400406821e-07,2.51431034607379e-06,"ENSG00000286874.1"
141.012449163244,1.18176590357696,0.238924299519841,4.94619386120171,7.56785939097502e-07,2.52652884837276e-06,"ENSG00000161682.15"
5.58098614594251,-1.12162513264983,0.226767426264653,-4.94614747420035,7.56966205603961e-07,2.52680972162744e-06,"ENSG00000135973.3"
7.57247574260692,-1.92843431274197,0.389903817706673,-4.94592313582509,7.57838600471528e-07,2.529400606323e-06,"ENSG00000254254.6"
7.65274032228006,-1.09051825941345,0.22051350710611,-4.94535810402169,7.60040159340964e-07,2.53610455098615e-06,"ENSG00000243659.1"
4015.65311364751,-1.04837802845222,0.21200112765062,-4.94515307569475,7.60840542828047e-07,2.53845301189291e-06,"ENSG00000185950.9"
141.954587450834,-1.75156787638191,0.354355565888877,-4.94296702236982,7.69425030130914e-07,2.56546587491576e-06,"ENSG00000127743.6"
6.3886322885055,-1.73945138702165,0.351990055437276,-4.94176287128549,7.7419342532597e-07,2.58071020815064e-06,"ENSG00000279127.1"
49.1102371680179,1.29355364257461,0.261853479553348,4.93999027540543,7.81264671205983e-07,2.60395138447604e-06,"ENSG00000035720.8"
6.23736141787391,-1.6862838164736,0.341490271034894,-4.93801422618361,7.89220866469492e-07,2.62800550710895e-06,"ENSG00000244753.2"
2078.29621720048,-1.03629587692976,0.209933698974973,-4.93630075585578,7.96182963767122e-07,2.65031319904446e-06,"ENSG00000185022.12"
62.8253308850159,1.04272395667334,0.211336428721495,4.93395276423199,8.0581935645462e-07,2.68069307240264e-06,"ENSG00000230454.1"
5.10696718979786,-1.11179400255173,0.225351850923838,-4.93359161681564,8.07311473981017e-07,2.68531698077918e-06,"ENSG00000203356.2"
8.81826083322597,-1.49023216254422,0.302106460115905,-4.9328046873691,8.10571975815046e-07,2.6958210568547e-06,"ENSG00000188730.5"
47.7024183721888,-1.52478781117764,0.30916810351457,-4.93190530926092,8.14313920073096e-07,2.70792346599206e-06,"ENSG00000225194.3"
2160.53995130488,1.72201578540919,0.349226206627042,4.93094662637453,8.18320925277054e-07,2.72055997975994e-06,"ENSG00000136883.14"
56.9309188457083,2.13889468268775,0.433853066945078,4.9299978394725,8.22305261797718e-07,2.73276918714012e-06,"ENSG00000007306.15"
13.8819614102465,-1.29543717875967,0.262820272811526,-4.92898498621014,8.2657925585673e-07,2.74627849335587e-06,"ENSG00000243422.2"
63.6440460790955,1.90366402740052,0.386517878246942,4.92516422793849,8.42895320356998e-07,2.79794866979909e-06,"ENSG00000145808.10"
11.9346319833181,2.15610491211475,0.437846852246734,4.92433576044017,8.46473882004526e-07,2.80847254665576e-06,"ENSG00000215910.7"
865.305189041699,1.50744510982024,0.306246432171293,4.92232709172291,8.5521116367457e-07,2.83638741022365e-06,"ENSG00000175264.8"
5.28657779923062,1.78068830270791,0.361811149173843,4.92159599496567,8.58412785623214e-07,2.84628758134484e-06,"ENSG00000233996.1"
10.7369163308357,2.12524974497679,0.431825126509137,4.92155183779428,8.58606528062872e-07,2.84657088592388e-06,"ENSG00000249993.1"
148.06114661367,1.05641208005621,0.214658910604884,4.92135209798353,8.59483425537685e-07,2.84875943970145e-06,"ENSG00000159915.12"
22.2256797917058,1.34190059883648,0.272787174430166,4.91922173995028,8.68889935211145e-07,2.87775996183086e-06,"ENSG00000187952.9"
1593.36205890351,-1.2157797793106,0.247182298703134,-4.91855519464505,8.71853345088824e-07,2.88721095153265e-06,"ENSG00000182175.14"
4.20316936145744,-1.5876052632714,0.322856287028188,-4.9173744698761,8.77126664151092e-07,2.90430804239699e-06,"ENSG00000225216.6"
23.7614331973376,1.246205643674,0.253480305498832,4.91638054965079,8.81589478578227e-07,2.91871745244365e-06,"ENSG00000205869.2"
17.6418079090985,-1.95090635755901,0.396848654049023,-4.91599590336021,8.83322445487697e-07,2.92408654372779e-06,"ENSG00000259129.6"
24.5696629691509,1.58482735266451,0.322390632371178,4.9158604299639,8.83933581558986e-07,2.92543964762311e-06,"ENSG00000140297.13"
5.72680711756141,2.00275157624664,0.407408525486322,4.9158312871729,8.84065101242974e-07,2.92543964762311e-06,"ENSG00000227925.2"
62.7375972938295,2.09765676073251,0.426717726218998,4.91579475574906,8.84229992002834e-07,2.9256169574273e-06,"ENSG00000105695.15"
3711.00220942823,1.07085485104212,0.217863615944305,4.91525327164253,8.86677547474726e-07,2.93260760762875e-06,"ENSG00000143217.9"
16.3833956632188,-1.50141620812124,0.305463308894969,-4.9152096647964,8.86874937811525e-07,2.93289140229468e-06,"ENSG00000281560.1"
20.5399585711027,-1.01628608813547,0.20679699899286,-4.91441410216285,8.90483560567421e-07,2.94391701787314e-06,"ENSG00000260455.2"
38.1453448824694,1.09422685110284,0.222676530605952,4.91397476027316,8.92482443639484e-07,2.94995077321683e-06,"ENSG00000260018.1"
319.511651775864,-1.10243760743298,0.224370746822611,-4.913464090328,8.94811279155637e-07,2.95690465945773e-06,"ENSG00000113231.14"
122.68005093758,-2.71797076846561,0.55319991763286,-4.91317999484852,8.96109386914622e-07,2.9604498649653e-06,"ENSG00000133636.11"
49.3788288316902,1.7388241101012,0.353928260066558,4.91292814474383,8.97261673068594e-07,2.96351166309813e-06,"ENSG00000255836.1"
765.54236314602,-1.04661935345624,0.213059683069531,-4.9123294392336,9.00006651697497e-07,2.97220440171089e-06,"ENSG00000172572.7"
15.3067466375362,1.48474286162865,0.302264426234371,4.91206616711621,9.01216274440694e-07,2.97582519565317e-06,"ENSG00000224116.7"
3.35470145442958,-1.50421122932585,0.306251793564091,-4.9116813711364,9.02987063738901e-07,2.98129782481011e-06,"ENSG00000234650.6"
11.5140375270613,1.70688205540318,0.347653742173598,4.90971863191067,9.12071627878084e-07,3.01015704007378e-06,"ENSG00000243478.9"
82.1483884469087,-1.53990629803321,0.313728516069671,-4.9084039835615,9.18205637424236e-07,3.02888014232663e-06,"ENSG00000112761.21"
32.5150672831868,-1.22139053604642,0.248918565238108,-4.90678762702201,9.25801836426042e-07,3.05355445709902e-06,"ENSG00000143631.11"
11.0413836886542,-1.21366810693844,0.247438604059056,-4.904926260612,9.34624441672615e-07,3.08188041963656e-06,"ENSG00000233395.2"
8.76605706941056,-1.02874428666665,0.209749325527041,-4.90463692353576,9.36003105978296e-07,3.08603934239006e-06,"ENSG00000124701.5"
5.98212962281849,-1.63697109802734,0.333828821683314,-4.90362422804896,9.4084394188021e-07,3.10122174170798e-06,"ENSG00000229491.5"
6.21760457981715,4.01444931144477,0.818707662085468,4.90339775399059,9.41929814978056e-07,3.10441169365307e-06,"ENSG00000234979.1"
19.4685770331901,1.07402482774607,0.219068331819212,4.90269323195659,9.45315500680314e-07,3.11439867383823e-06,"ENSG00000261008.7"
362.117919907472,1.06631556091232,0.217521322902612,4.90211969421375,9.48080370142803e-07,3.12311623622427e-06,"ENSG00000116985.12"
13.5273144551369,-1.28210341130512,0.261593422417335,-4.90113015632216,9.52868976734972e-07,3.13692487280837e-06,"ENSG00000109047.8"
32.3759499072449,1.14189854325182,0.233083169593989,4.89910337688006,9.62749831594602e-07,3.16826299907757e-06,"ENSG00000011590.14"
4.32962505249318,-1.94100945765456,0.39628143814189,-4.8980579730297,9.6788481806394e-07,3.18356708271713e-06,"ENSG00000284471.1"
83.3109532429561,1.12263115757886,0.229404984919807,4.89366505253275,9.89752327883291e-07,3.25183127326055e-06,"ENSG00000236060.2"
826.288913684385,-1.08467472979877,0.221650088595998,-4.89363544435935,9.89901315513043e-07,3.25191428283275e-06,"ENSG00000172159.16"
47.6917996179667,1.43848022950461,0.293991890013315,4.89292486755149,9.93483404378985e-07,3.2632739066105e-06,"ENSG00000197520.10"
119.817012370477,-1.45874535625017,0.298161517755091,-4.89246689926087,9.95798677293676e-07,3.27006152348663e-06,"ENSG00000054803.4"
65.7133352859771,-1.21431450231901,0.248221611821773,-4.8920579211729,9.97870668169691e-07,3.27645629508709e-06,"ENSG00000151967.18"
37519.2645850806,-1.8702550158288,0.382408449235042,-4.89072618445016,1.00464639531876e-06,3.29686383884967e-06,"ENSG00000104332.12"
479.845644366741,1.02436643462551,0.209474543867175,4.89017145336308,1.0074818515817e-06,3.30553651066949e-06,"ENSG00000136378.15"
5.25490071571454,1.2961255625491,0.26508787172707,4.88941856941522,1.01134247213997e-06,3.31737495790927e-06,"ENSG00000229780.1"
7.33414366164536,-1.66668397189012,0.340948245212306,-4.88837820781945,1.01670065474831e-06,3.33328676679614e-06,"ENSG00000230749.5"
290.281855932502,-2.04761444348373,0.418930508858019,-4.88771860771233,1.02011194119106e-06,3.34363664574956e-06,"ENSG00000181374.8"
135.854534329885,-1.12978364137852,0.231207897519256,-4.88644053036478,1.02675321831024e-06,3.36498523566913e-06,"ENSG00000236120.7"
10.5308481023596,-1.16380181326688,0.238179556434789,-4.88623721820357,1.02781351917916e-06,3.36762036126964e-06,"ENSG00000274624.1"
12.4827472638557,-1.80946247579804,0.370389988475641,-4.88528991629869,1.03276773952122e-06,3.38258782125556e-06,"ENSG00000261409.1"
153.08936276503,-1.11040487112603,0.227308851122678,-4.88500498613119,1.03426236448875e-06,3.38698285499323e-06,"ENSG00000105737.9"
278.812967793005,-1.81888652394162,0.372342295557398,-4.88498498731856,1.03436734808365e-06,3.38698285499323e-06,"ENSG00000109956.13"
7.04019042322307,1.61741755666132,0.331186721565361,4.88370291241314,1.04111903674604e-06,3.40739294755734e-06,"ENSG00000284194.3"
11.4482874300583,-1.11546503412213,0.228694254640325,-4.8775385104294,1.0741788089818e-06,3.51209302342053e-06,"ENSG00000226386.1"
6.15509032205483,1.35628738085596,0.278088563747174,4.87717784068617,1.07614405092573e-06,3.51764335711128e-06,"ENSG00000267573.1"
626.5682818989,1.03370214494283,0.212010069033792,4.87572193931065,1.08411229907677e-06,3.54148740603205e-06,"ENSG00000145103.15"
19.7373342741318,1.18614810116382,0.243291796201554,4.87541347337977,1.08580782876006e-06,3.5465854319783e-06,"ENSG00000175874.10"
3124.82572914483,-2.07350108531416,0.42530187561592,-4.87536313427097,1.08608476739222e-06,3.54704920801902e-06,"ENSG00000157765.13"
10.6705858958504,-1.10530251463556,0.226715691738487,-4.87528016327387,1.08654137743864e-06,3.54809958561279e-06,"ENSG00000180929.6"
8.39546592839249,-2.10560238014658,0.431900205564799,-4.87520578369041,1.08695086383136e-06,3.5489958391234e-06,"ENSG00000231291.3"
1285.73209750614,-1.07322139575859,0.220149449347703,-4.87496743207178,1.0882640760823e-06,3.55284225260802e-06,"ENSG00000125968.9"
7.43958029539049,-1.02048076830825,0.209375769571493,-4.87392008347842,1.09405262182606e-06,3.57085298796425e-06,"ENSG00000286694.1"
104.995171055312,1.40486329477488,0.288244440822521,4.87386084798732,1.09438089166397e-06,3.57148092332949e-06,"ENSG00000106236.4"
3.3331138516578,-3.01023527056699,0.618071050683635,-4.8703709180966,1.11388949963744e-06,3.63379317468914e-06,"ENSG00000287037.1"
3.89771391515023,-2.26180254907228,0.464429647130589,-4.8700649561166,1.11561568414066e-06,3.63897277760648e-06,"ENSG00000101448.14"
12.9824952388043,1.07898474762746,0.22158772709422,4.86933442468442,1.11974763290995e-06,3.65199736734149e-06,"ENSG00000154025.16"
4.81074619186407,-1.08920934971206,0.223704382812386,-4.86896741145008,1.12182904516186e-06,3.65833183908613e-06,"ENSG00000214700.5"
802.438856137572,-1.10654123013927,0.227281586054337,-4.86859164153636,1.1239639755597e-06,3.66483924247752e-06,"ENSG00000117016.10"
124.706028697566,2.13145642107771,0.437895861199212,4.86749615591376,1.13021029497203e-06,3.68292181912285e-06,"ENSG00000196092.14"
18.4960119775057,2.11966031022037,0.435579354138632,4.86630114600368,1.13706217995335e-06,3.70433097891593e-06,"ENSG00000173702.7"
22.6177135192337,1.17112462339193,0.240669186034327,4.86611785534061,1.13811665148278e-06,3.70730673783285e-06,"ENSG00000244558.6"
10.218044143987,1.00978665366024,0.207535027124924,4.86562036129165,1.14098348083912e-06,3.71618461095111e-06,"ENSG00000215414.4"
53.9083841872053,-2.54047746073008,0.522206477187275,-4.86489075052013,1.14520046331554e-06,3.72945718966494e-06,"ENSG00000131686.15"
1436.72282260859,1.31847216926083,0.271109804135196,4.86324046253726,1.15479414258371e-06,3.75976826999509e-06,"ENSG00000120093.11"
5.27934618930297,1.71130162446343,0.351915663704032,4.86281743316396,1.15726577897644e-06,3.76734874097308e-06,"ENSG00000259278.2"
5.04386996305175,-1.06421017451347,0.218851376475404,-4.86270724750539,1.15791039651391e-06,3.76898041634325e-06,"ENSG00000234219.1"
821.06393914996,-1.07955247328888,0.222054505103101,-4.86165535253444,1.16408169966863e-06,3.78812967612854e-06,"ENSG00000135547.9"
31.7380776527872,1.51802534354747,0.31232520380851,4.86039975332311,1.17148954171087e-06,3.81082068246639e-06,"ENSG00000115009.13"
6.06814184091753,1.20638905165514,0.24822644883213,4.86003428454554,1.17365425986111e-06,3.81550136873092e-06,"ENSG00000232874.1"
67.4862839827201,-2.34578645895099,0.482712242455837,-4.85959595102998,1.17625564146379e-06,3.82348544153282e-06,"ENSG00000167751.13"
21.8600035972299,2.82402509619789,0.58125585765719,4.858488837567,1.18285076164866e-06,3.84254720296296e-06,"ENSG00000253203.6"
2407.37473880498,1.14464014938931,0.235617211871869,4.85804980160692,1.18547595628481e-06,3.85059936171403e-06,"ENSG00000151388.11"
4.04501588684162,2.10493850946943,0.43332999202998,4.85758786187086,1.1882441545628e-06,3.85863718291679e-06,"ENSG00000218690.2"
41.634787527162,2.23331973508177,0.459762218571252,4.85755385038377,1.18844821581779e-06,3.85882308888881e-06,"ENSG00000279685.2"
796.201647578909,1.30427196936597,0.268724984157877,4.85355678205085,1.21266598664475e-06,3.93356939318409e-06,"ENSG00000186493.13"
14.7047996072055,-2.11653471107311,0.436117418932746,-4.85313041669521,1.21527713125045e-06,3.94106651669176e-06,"ENSG00000177938.5"
11.503341659588,1.14064731357727,0.235104042531332,4.85167035537151,1.22425987065616e-06,3.96921752070143e-06,"ENSG00000284430.1"
26.7798354040627,-1.20357948918192,0.24834848173691,-4.84633318780237,1.25764237462395e-06,4.07142162515284e-06,"ENSG00000106113.19"
4.36219935293555,-1.5344689717107,0.316808037766304,-4.84352916841905,1.27552986110787e-06,4.12729617990389e-06,"ENSG00000127362.2"
5.67490329197206,-1.27159677481456,0.262571393186591,-4.8428610572627,1.27982785963227e-06,4.14018405693225e-06,"ENSG00000179564.4"
47.0130060887736,-4.1902359330321,0.865503230667412,-4.84138681932002,1.28936105853888e-06,4.17051022183559e-06,"ENSG00000249956.4"
1699.55866909772,1.15538024079758,0.238686499011608,4.84057642800062,1.29463053092637e-06,4.18652422180964e-06,"ENSG00000137331.12"
494.608652423268,-1.24446177412225,0.257133312085377,-4.83975321606342,1.30000457382491e-06,4.20338543712804e-06,"ENSG00000214652.6"
1817.74632604759,1.10440099759525,0.228223268002865,4.83912533222241,1.30411790511629e-06,4.21616666889011e-06,"ENSG00000076826.10"
45.4855658627834,1.16421201991832,0.240595195243414,4.83888308218487,1.30570825417868e-06,4.22027001387511e-06,"ENSG00000225969.2"
28.2486303664663,1.09365426650891,0.22604270456524,4.83826394049035,1.30978134296525e-06,4.23239400276598e-06,"ENSG00000275763.3"
3.82755047661411,2.27243231478093,0.469732195014391,4.83771889365879,1.31337710323389e-06,4.24349155272275e-06,"ENSG00000204539.4"
14.472358153868,1.09985249165403,0.2273533262357,4.83763536634515,1.31392898448182e-06,4.24475287956247e-06,"ENSG00000275793.1"
119.309915703937,1.17619865910557,0.243146264035646,4.83741201523517,1.31540580467892e-06,4.24847949989933e-06,"ENSG00000139193.4"
4.3226013844643,-4.09392319740265,0.84631081749838,-4.83737548044573,1.31564752830019e-06,4.24873812923481e-06,"ENSG00000235832.2"
7.76151226670305,1.30954128345492,0.270743524831366,4.83683325121283,1.31924008358823e-06,4.25981650577803e-06,"ENSG00000205794.4"
27.4743520386438,2.13604403954696,0.441679890625238,4.83618132698591,1.32357191877506e-06,4.2727541529211e-06,"ENSG00000155918.8"
4.54891797581999,-2.15274122000157,0.445210249192038,-4.83533616736888,1.32920811138006e-06,4.29042195744979e-06,"ENSG00000258231.5"
7.63501395849484,-1.02673231195226,0.212353558090909,-4.83501346143076,1.33136625362713e-06,4.29686034016889e-06,"ENSG00000259921.1"
333.58848573538,1.17968463387028,0.243996574580212,4.83484096405816,1.33252123634717e-06,4.29953206188915e-06,"ENSG00000162722.9"
11.9624992732913,1.48429943178317,0.307058322181263,4.83393324512128,1.33861490402052e-06,4.31813379200727e-06,"ENSG00000271727.2"
11.5038928779921,-1.47811727123563,0.305862460009099,-4.83262075114303,1.34747330850308e-06,4.34404371896171e-06,"ENSG00000242908.6"
30366.0297303299,-1.94666664255952,0.402915134098734,-4.83145575286952,1.3553834307768e-06,4.36847309559013e-06,"ENSG00000186081.12"
15.1541695407599,-1.34017789807648,0.277395135121579,-4.83129560829931,1.35647426793646e-06,4.37145287621896e-06,"ENSG00000226440.7"
5.04918128930929,-1.52577925291774,0.315879155387016,-4.83026254470115,1.36353137857887e-06,4.39365682905076e-06,"ENSG00000199719.1"
5.46766884533208,1.38616375688453,0.286980392989486,4.83016885733832,1.36417312334631e-06,4.39518587570905e-06,"ENSG00000248988.1"
16.8274233352763,1.40420152198413,0.29105300473054,4.8245560058181,1.40315486376215e-06,4.51690415665943e-06,"ENSG00000230417.12"
60.3711852099178,-1.11850125455566,0.231846055790609,-4.82432729226944,1.40476580028922e-06,4.52153616149912e-06,"ENSG00000171101.13"
8.20702615545529,-1.30938493419938,0.271520239469511,-4.82242110848761,1.41826130251001e-06,4.5627392992868e-06,"ENSG00000233926.1"
6449.43376306871,2.55853466902953,0.530617559318394,4.82180550586397,1.4226462496367e-06,4.57348752757472e-06,"ENSG00000160182.3"
6.84202750186234,-1.3794167798421,0.286102776655907,-4.82140297960518,1.42552049648383e-06,4.58216714315531e-06,"ENSG00000238207.2"
5.05690252614793,-1.63110130133893,0.338346768911759,-4.82079762896842,1.42985353074169e-06,4.59553316238868e-06,"ENSG00000253647.1"
426.081106495087,-1.75912743500237,0.36494837973296,-4.82020891910674,1.43407959788609e-06,4.60742551654297e-06,"ENSG00000078725.13"
60.7259133589374,1.63844256679188,0.340032044266795,4.81849459313407,1.44645444850177e-06,4.64377778483211e-06,"ENSG00000130540.14"
9.32183288640361,-1.29223777865006,0.268225197543417,-4.8177344652375,1.45197422492838e-06,4.66092947337782e-06,"ENSG00000179399.15"
94.3218889326134,2.41145803835198,0.500729257685175,4.81589202416477,1.46543754277639e-06,4.70185063163266e-06,"ENSG00000233041.8"
694.273874936611,-1.64935446818886,0.342514816075414,-4.81542517514252,1.46886797465783e-06,4.71170683987141e-06,"ENSG00000146038.12"
5.35796457738213,2.03144343270356,0.421896600426328,4.81502678772662,1.47180145158936e-06,4.72054049464e-06,"ENSG00000236289.4"
972.672885279049,-1.5380535218493,0.319527973067881,-4.81351759935758,1.48296534687064e-06,4.75460614505343e-06,"ENSG00000153446.16"
88.8158606135965,-1.12702947562781,0.234166812725414,-4.8129342604555,1.48730225047861e-06,4.76792930254664e-06,"ENSG00000162267.12"
35.1238430293193,1.00629941578853,0.209091138202712,4.81273106281975,1.48881580962901e-06,4.77219935857181e-06,"ENSG00000164082.15"
5.37168385217619,-1.86928828226664,0.388489086869056,-4.81168801247872,1.49660852470832e-06,4.79600810332036e-06,"ENSG00000265374.1"
6.21935501633719,1.68827912088376,0.350927042212224,4.81091200678337,1.50243155299301e-06,4.81349475120285e-06,"ENSG00000260788.6"
4.88033315116709,-1.21383175022602,0.252335807530017,-4.81038249033136,1.50641746021434e-06,4.82508853573892e-06,"ENSG00000286913.1"
37.5359593079672,-1.60339783789118,0.333359015531433,-4.80982293319737,1.51064054479781e-06,4.83802559759541e-06,"ENSG00000228307.2"
32.3319567780319,1.37539564759575,0.286133735887497,4.80682797968477,1.53343823752493e-06,4.90745046086756e-06,"ENSG00000174885.13"
42.6243667079632,2.14978606409722,0.447293916988164,4.80620456136028,1.53822513606931e-06,4.92217062045847e-06,"ENSG00000163534.15"
4.27890011554615,2.54810093104079,0.530208801162482,4.80584427390509,1.5409981391952e-06,4.92984360888592e-06,"ENSG00000279712.1"
6.28360976344119,1.42993393726472,0.297552735558985,4.80564876870796,1.54250488331512e-06,4.93406332640313e-06,"ENSG00000128253.15"
420.404937938723,-2.31248765273318,0.481283158758424,-4.80483808886801,1.54876785968471e-06,4.95349408906702e-06,"ENSG00000124205.18"
222551.889787838,1.32486187975701,0.275784084037819,4.80398237766081,1.55540524892704e-06,4.97351235557156e-06,"ENSG00000168542.16"
71.7872640385207,1.08165198962142,0.225221758804663,4.80260875042516,1.56611711023685e-06,5.00532856583967e-06,"ENSG00000105479.16"
1994.02908621254,2.02230157694762,0.421244246740446,4.80078147677037,1.58047657574031e-06,5.04999347395554e-06,"ENSG00000211945.2"
92.6929063037213,-1.4254853947019,0.296952730043362,-4.80037814265506,1.58366314894774e-06,5.05927712219651e-06,"ENSG00000185652.12"
4.66648399491442,1.36120001123232,0.283561772605731,4.80036500944348,1.58376701268577e-06,5.05927712219651e-06,"ENSG00000283390.1"
17.6280252912368,-1.02516905352875,0.213579517290524,-4.79994086761722,1.5871248525514e-06,5.0681557070175e-06,"ENSG00000286923.1"
180.923931229387,-1.24813009992013,0.260038200051887,-4.79979518267345,1.58827978723005e-06,5.07122763940168e-06,"ENSG00000155966.14"
72.3784881940278,-1.28445700900048,0.267669475663244,-4.79866822997949,1.59724117540042e-06,5.09798264167876e-06,"ENSG00000230943.3"
38.1794423540471,1.03539743588344,0.215785212425494,4.79827799247802,1.60035560960009e-06,5.10730291922398e-06,"ENSG00000236438.7"
152.43282363162,1.19692721101308,0.249467775690958,4.79792312934175,1.60319279280041e-06,5.11511524228769e-06,"ENSG00000172771.12"
7.31194852812915,-1.25701990523847,0.262042573352289,-4.79700641448266,1.6105444595231e-06,5.13794763613364e-06,"ENSG00000262898.3"
3.01295893304971,-1.64291742070042,0.342514901840979,-4.79663048781214,1.61356859279414e-06,5.14697049672344e-06,"ENSG00000256779.2"
3472.51386755637,1.93547204482715,0.403575367229004,4.79581312932038,1.62016266113956e-06,5.16612342416502e-06,"ENSG00000159212.13"
83.5684370697288,-1.02268789427049,0.2132824249653,-4.79499374801685,1.62679904369683e-06,5.18539729135672e-06,"ENSG00000250451.5"
24.0308268872586,1.22019532025401,0.25458806052954,4.79282224671504,1.64451322200081e-06,5.23931945782659e-06,"ENSG00000286830.1"
5456.25838531574,-1.44715120202144,0.302070879167596,-4.79076700809192,1.66144965591652e-06,5.29071271578746e-06,"ENSG00000172201.12"
13.9292158008997,-1.42553737579584,0.297645540464779,-4.7893792514742,1.67298031126462e-06,5.32420565459248e-06,"ENSG00000285420.1"
64.9635035685749,1.17372707335245,0.245163839189296,4.78752118270667,1.68853920267938e-06,5.37111998102684e-06,"ENSG00000232022.7"
210.998826944899,1.31781195693075,0.275344199174426,4.78605309602306,1.70093076262901e-06,5.40922736417919e-06,"ENSG00000238113.7"
3.98571603821354,-1.34500958020741,0.281073355280995,-4.78526176507472,1.7076462892344e-06,5.42861333650665e-06,"ENSG00000205108.6"
4.08513027280955,-1.73261286898076,0.362077926383486,-4.78519330434329,1.70822846840121e-06,5.42980736043748e-06,"ENSG00000238840.1"
13.5553212221787,-1.22794707691256,0.256652897333648,-4.78446606163277,1.71442461222842e-06,5.44884359223843e-06,"ENSG00000258794.3"
7.37215714003041,-1.07050063130747,0.223931837411363,-4.78047536108481,1.74881191730562e-06,5.55276303871235e-06,"ENSG00000235781.1"
13.3101657039295,1.17997808002255,0.246869801617605,4.77975869179131,1.75505715683677e-06,5.5705738812097e-06,"ENSG00000245748.1"
3.02765864627357,-2.1569424224074,0.451386361177542,-4.7784838176779,1.76621974829784e-06,5.603297509265e-06,"ENSG00000204174.8"
5.23895751910266,1.16100361326195,0.243128086796985,4.77527556999782,1.79461334501212e-06,5.69131481181207e-06,"ENSG00000241360.2"
5.03396868644338,-2.18757038783032,0.458367575261359,-4.77252429250253,1.81931156432906e-06,5.76685783367401e-06,"ENSG00000185860.13"
20.665638986877,-1.04474106220048,0.219112822580129,-4.76805076899786,1.86016913519168e-06,5.88997537036237e-06,"ENSG00000186399.10"
36.6710675610919,-1.31490052295633,0.275921806820517,-4.76548243180956,1.8840231358387e-06,5.96191477274071e-06,"ENSG00000171889.5"
30.3893944900435,1.82019428789886,0.382019813838989,4.76465937619148,1.89172943414993e-06,5.9826996086147e-06,"ENSG00000188822.8"
88.8965077395351,1.05729204948818,0.221939249264858,4.76388044471765,1.89905048341702e-06,6.00440790402176e-06,"ENSG00000144893.12"
9.75799680314427,-1.74085969471884,0.365500335345626,-4.76294965112041,1.90783456175155e-06,6.02928022376791e-06,"ENSG00000188508.11"
397.814965669697,1.94223771052589,0.407818982201249,4.76249952869394,1.91209644420999e-06,6.04129618218722e-06,"ENSG00000156738.18"
1279.00161300139,1.36483832072011,0.286605818995637,4.76207470421557,1.91612718787474e-06,6.05257625358726e-06,"ENSG00000237541.4"
38.041558550713,1.09267003572861,0.229455897375211,4.76200458662372,1.91679324945812e-06,6.05395262782471e-06,"ENSG00000123999.5"
10.7989484428753,-1.66859908787228,0.350445358154278,-4.76136735455832,1.92285665462431e-06,6.07237346030824e-06,"ENSG00000179636.15"
13.9546855401017,1.44413979989653,0.30340438246695,4.7597855645801,1.93798748567228e-06,6.1194213206884e-06,"ENSG00000287886.1"
331.104059685591,-1.79766000850864,0.377696681179872,-4.75953350422089,1.94040914534784e-06,6.12633200916789e-06,"ENSG00000129988.6"
246.419365489663,-1.5345384464612,0.322653720945814,-4.75599178575382,1.97474499104975e-06,6.23174418834814e-06,"ENSG00000198576.4"
53.26361215001,-1.0693501883659,0.224858675766742,-4.75565456711661,1.97804448293048e-06,6.24065792694092e-06,"ENSG00000245904.4"
563.493227048754,-1.42699662980411,0.300098217086865,-4.75509865955336,1.98349528553436e-06,6.25635306432078e-06,"ENSG00000186417.14"
896.70286602051,-1.01035959908373,0.212517982071291,-4.75423109722919,1.99203077671614e-06,6.28101450758242e-06,"ENSG00000115425.14"
2989.1285105619,-1.75686158154758,0.369573418768376,-4.75375525491639,1.99672731214816e-06,6.29431286549561e-06,"ENSG00000112936.19"
12.6261952344695,1.25342799318916,0.263670134588194,4.7537731004188,1.99655098628328e-06,6.29431286549561e-06,"ENSG00000287188.1"
22.5253546648353,1.06643415603334,0.224354082934281,4.75335301272732,2.00070571318059e-06,6.30609772937265e-06,"ENSG00000229422.2"
937.542510476928,-2.06901116965257,0.435290973755646,-4.75316809765513,2.00253718085767e-06,6.31111358053514e-06,"ENSG00000169035.12"
56.8475975198308,-1.61006473368493,0.338837861407505,-4.75172617073209,2.01687390767566e-06,6.35329162438553e-06,"ENSG00000134873.10"
27.9597880010045,-1.06248330993224,0.223614616387571,-4.75140367430515,2.02009387583243e-06,6.36186765305291e-06,"ENSG00000165091.18"
12.4278941594586,3.48429923141396,0.73343758574339,4.75064177121817,2.02772072919709e-06,6.38512179779756e-06,"ENSG00000287407.1"
669.546624810029,-1.61196397098722,0.339367176081563,-4.7499112601267,2.03505930897117e-06,6.40669527811693e-06,"ENSG00000148357.16"
700.523188358038,-1.18453822513708,0.249580704778511,-4.74611299053865,2.07362905455013e-06,6.52499294502521e-06,"ENSG00000166816.15"
6.12326742634714,1.85875121593714,0.391740863373779,4.74484892877671,2.08662004436009e-06,6.56429937115028e-06,"ENSG00000267943.1"
2088.99533410153,-1.61063954274614,0.339558586650215,-4.74333327463541,2.10229976495263e-06,6.60888016050891e-06,"ENSG00000086570.12"
5.9061471564958,1.24040033302345,0.261575166593436,4.74204164400437,2.11575117593324e-06,6.64878095507284e-06,"ENSG00000213943.3"
5.50044173456501,-1.95241192242069,0.412169515341202,-4.7369149094019,2.16996221003506e-06,6.81018348997749e-06,"ENSG00000188778.6"
9.46236728082286,1.64665623774112,0.34767556485698,4.73618627302292,2.17777438541045e-06,6.83225375341707e-06,"ENSG00000274373.1"
264.185972911258,1.03698515585841,0.218983390737434,4.73545117904297,2.1856831632438e-06,6.85542914829356e-06,"ENSG00000154102.11"
203.893353078296,1.30735347384336,0.276143259503598,4.73433056520552,2.19779279495227e-06,6.89176638302619e-06,"ENSG00000140323.6"
219.100149777286,1.32708155818415,0.280357508484177,4.73353314259123,2.20644915130458e-06,6.91726019714808e-06,"ENSG00000102886.15"
11138.7201211855,-1.09441247488152,0.231249999831302,-4.73259448942657,2.2166805798511e-06,6.94767855483022e-06,"ENSG00000074527.13"
12.1126641089648,-1.36919547261584,0.289330228947198,-4.73229319175536,2.21997440771218e-06,6.95551404604921e-06,"ENSG00000224566.2"
10025.5924629602,1.75284967438897,0.370646119028805,4.72917315034061,2.25436063054316e-06,7.05988500097657e-06,"ENSG00000211893.4"
9.9473381113664,-1.40949675867246,0.298061797764162,-4.72887424435286,2.25768161261026e-06,7.06944287656042e-06,"ENSG00000225028.1"
55.0160757341331,1.37652636775054,0.291470070843619,4.72270227871555,2.32731422913141e-06,7.27967716273831e-06,"ENSG00000104059.4"
1110.19207165975,-1.04816944934485,0.22197625775228,-4.72198900890824,2.33549306599883e-06,7.30439073616293e-06,"ENSG00000090376.11"
3.93145611561848,-1.66971824199938,0.353610226026604,-4.72191729510038,2.33631691044435e-06,7.30609799811057e-06,"ENSG00000279377.1"
4.52174369439459,-1.47780829419675,0.313147706562923,-4.71920522879449,2.36767860510979e-06,7.39889007926592e-06,"ENSG00000271584.2"
5.01578289498172,1.14056760581754,0.241704713442797,4.71884718163544,2.37184905778077e-06,7.41016054138949e-06,"ENSG00000228328.2"
30.8766216353819,-1.00496414873628,0.212999177826285,-4.71815975532027,2.37987582211726e-06,7.43435418451748e-06,"ENSG00000214491.8"
283.951512561423,1.06013467603967,0.224724902447392,4.71747752249152,2.38786772567973e-06,7.45666096017179e-06,"ENSG00000137819.14"
45.0722497850818,-1.05879577075019,0.224445296357788,-4.71738899380793,2.38890666703648e-06,7.45901910624695e-06,"ENSG00000166682.13"
4229.5426231718,-1.03166038662416,0.218704295688921,-4.7171473398564,2.39174484206372e-06,7.4661070580526e-06,"ENSG00000166833.22"
12.1924902997235,1.36443190821005,0.289267881357158,4.71684551291539,2.39529428323253e-06,7.47541141539821e-06,"ENSG00000204572.10"
6.9674464080117,1.63481075875464,0.346593143504611,4.71680063322686,2.39582249357321e-06,7.47617219768233e-06,"ENSG00000259500.1"
10.414605418163,2.34679890963632,0.497672532659689,4.71554838900679,2.41060592271945e-06,7.52141097729797e-06,"ENSG00000162897.16"
9.63162508540255,2.02069918608364,0.428607385711252,4.71456921520472,2.42222657841301e-06,7.55587507560024e-06,"ENSG00000256166.1"
71.5373438374419,-1.31906223573377,0.279805435103783,-4.71421234274636,2.42647523267682e-06,7.56823009560667e-06,"ENSG00000118004.18"
5.14567712377405,1.41608328436004,0.300435228527384,4.7134395367052,2.43570021302339e-06,7.59429945422382e-06,"ENSG00000249064.1"
5.92280424224728,-1.4199813894798,0.301276312681572,-4.71321949223609,2.43833303448804e-06,7.60160662774091e-06,"ENSG00000277561.5"
3.5417285137842,-2.47010901349051,0.524114171667553,-4.71292162475108,2.44190135723465e-06,7.61182818709149e-06,"ENSG00000284196.3"
9.94814741640704,-1.04140228111936,0.220987800997245,-4.71248764148907,2.44710926179853e-06,7.62625324129863e-06,"ENSG00000285791.1"
2541.29299659104,-1.3562340789039,0.288115648275039,-4.70725587806053,2.51073676160542e-06,7.81712923975799e-06,"ENSG00000108691.9"
4.78822243265726,1.42332939520665,0.302407207251873,4.70666492422968,2.51802282951547e-06,7.83610135578789e-06,"ENSG00000255120.5"
47.7683273549205,1.47142723378822,0.312632798887732,4.70656706213546,2.51923136123399e-06,7.83840272388509e-06,"ENSG00000266066.1"
8.47072298117649,1.32434095561339,0.281382128563404,4.70655674677994,2.51935878144047e-06,7.83840272388509e-06,"ENSG00000286682.1"
33.722419804594,1.38496750700262,0.294282743172594,4.7062477808641,2.52317814515588e-06,7.84935665371964e-06,"ENSG00000233968.7"
20.1190976863083,-1.04563074769461,0.222196085624192,-4.70589184664179,2.52758500964771e-06,7.86213543119293e-06,"ENSG00000228363.2"
10.6133713656648,1.46514551443636,0.311359827706284,4.70563439487279,2.53077715465875e-06,7.87113320708208e-06,"ENSG00000181418.8"
30.8360116549638,-1.63924264283261,0.348399285365034,-4.70506890137589,2.53780230023451e-06,7.89111506676491e-06,"ENSG00000278965.1"
6026.19335851557,1.00578271348876,0.213793806192163,4.7044520671695,2.54548659751767e-06,7.91313657352508e-06,"ENSG00000137501.17"
144.540999352359,1.08514722505163,0.230708305168132,4.70354642959564,2.55680918226319e-06,7.9455157893835e-06,"ENSG00000143847.15"
4520.89069016733,1.02933287933833,0.218856172038986,4.70323897995882,2.56066400041159e-06,7.95561378094777e-06,"ENSG00000185885.16"
7.67348587301662,1.32953624601703,0.282732890283569,4.70244634320244,2.57062786476322e-06,7.98373895751347e-06,"ENSG00000253746.1"
5.58468050489086,1.31926230282664,0.280567841801331,4.70211516172549,2.57480200488889e-06,7.99575802179815e-06,"ENSG00000261546.1"
1776.02281848738,-1.69952575206551,0.361860216097841,-4.69663609443593,2.64481037549377e-06,8.20637420723388e-06,"ENSG00000168004.10"
13.783706752409,-2.13411592372375,0.454519999938302,-4.69531797063593,2.66192323067719e-06,8.25362630590057e-06,"ENSG00000106536.21"
1295.38838655409,1.0848123303076,0.231047979409358,4.69518207032486,2.66369361946252e-06,8.25814143594631e-06,"ENSG00000141574.8"
42.6554352430372,-1.19964933565831,0.255665643422275,-4.69225868442905,2.70205164211766e-06,8.37113688842768e-06,"ENSG00000182132.14"
22.2183990339984,-1.25773706987098,0.268086024843047,-4.69154283818908,2.71152481023068e-06,8.39652663903195e-06,"ENSG00000232527.8"
8.48166930359936,1.02143980069819,0.217726830911575,4.69138229965339,2.71365367197086e-06,8.4011393538377e-06,"ENSG00000223343.1"
7.62917278334315,-2.69018033926342,0.573587538413876,-4.69009551131898,2.73077550381813e-06,8.45116017218366e-06,"ENSG00000283247.2"
12.5190764186156,-1.88918371734918,0.40282716086822,-4.68981215982903,2.73455964381524e-06,8.46087883202353e-06,"ENSG00000172482.5"
9.93373611056658,-2.07725563439631,0.442952812440871,-4.68956416135996,2.73787577577506e-06,8.47014205396324e-06,"ENSG00000249509.1"
91.0936890750314,-1.36034273827683,0.290082387012458,-4.68950477237493,2.73867047302331e-06,8.47060657954163e-06,"ENSG00000154874.15"
78.6378934188668,1.86391760689686,0.397465552027925,4.68950729789509,2.73863667396903e-06,8.47060657954163e-06,"ENSG00000188869.13"
17.4630860564269,1.55926181374157,0.332513225520183,4.6893226917584,2.74110831428064e-06,8.47615187441792e-06,"ENSG00000227482.1"
37.701715868113,-1.15606194126244,0.246575536745474,-4.68846973435072,2.75255614583263e-06,8.50854824615604e-06,"ENSG00000130037.5"
11.2109313342069,-1.08246940007183,0.230920326430103,-4.68763151692272,2.76385083617018e-06,8.53944461947773e-06,"ENSG00000205929.11"
33.4516607131802,1.07524007893821,0.22938554985685,4.687479571443,2.76590300505616e-06,8.54377654070937e-06,"ENSG00000176933.5"
14.9683749287653,1.50863814462554,0.321882021587563,4.68692888526282,2.7733528077881e-06,8.5647756080252e-06,"ENSG00000285417.1"
6.51971114609995,1.14433490927241,0.244208818974696,4.68588691463672,2.78750153123527e-06,8.60442633552412e-06,"ENSG00000140675.13"
11.7210198730844,1.34866325556808,0.287861625763034,4.68510956260038,2.79810213438963e-06,8.63410618693321e-06,"ENSG00000183625.15"
451.164906156168,-1.20032778081127,0.256248837340466,-4.68422722721059,2.81018124862505e-06,8.66832577618365e-06,"ENSG00000170011.14"
5.05197850528654,2.49707171777898,0.53309510062805,4.68410179504019,2.8119024637235e-06,8.67159971330615e-06,"ENSG00000241280.1"
5.85887472579895,4.19784150675976,0.896368107004122,4.68316696450742,2.82476237026585e-06,8.7087517657768e-06,"ENSG00000184478.7"
7.39824577743332,1.40345870226865,0.299682384209057,4.6831538195772,2.82494359895803e-06,8.7087517657768e-06,"ENSG00000241749.4"
19.1690168161493,-1.15529078699317,0.24670547409263,-4.68287455413087,2.82879645925712e-06,8.7196066770393e-06,"ENSG00000251323.3"
18.722600743674,1.38218863671109,0.295171735068129,4.68265918615841,2.83177120702561e-06,8.72775262728202e-06,"ENSG00000173077.16"
3.44440004301188,-1.43696619422233,0.307284015161845,-4.6763454111516,2.92032558377411e-06,8.99194604390478e-06,"ENSG00000258847.1"
12.1605567741752,1.33507155890492,0.285591988859517,4.6747514320566,2.94309864603871e-06,9.05812702722267e-06,"ENSG00000279199.1"
16.5433689720695,2.30040307627896,0.492150555308396,4.67418567644907,2.95122244801446e-06,9.08100337433999e-06,"ENSG00000274276.4"
59.2136531735605,1.30017093879773,0.278227136608387,4.67305581564377,2.96751078483182e-06,9.12631972252644e-06,"ENSG00000287338.1"
732.566737804473,-1.31297935998586,0.281011850060132,-4.67232737589145,2.97805783202237e-06,9.15286155950373e-06,"ENSG00000187479.8"
266.868942173929,-1.37515235194085,0.294362654516398,-4.67162641334399,2.98824098574535e-06,9.18093817292003e-06,"ENSG00000272808.4"
93.6061336298969,1.00924914554332,0.216059657571271,4.67115960882427,2.99504095687204e-06,9.20075461786171e-06,"ENSG00000178199.14"
68.7133506663651,1.37046838804563,0.29341882984239,4.67068997849176,3.00189707055232e-06,9.22073888072891e-06,"ENSG00000186603.6"
47.7177049653265,-1.07302749933699,0.229820411629168,-4.66898258396821,3.02695035223084e-06,9.29226384700251e-06,"ENSG00000142233.14"
4.5085517786905,1.23729126431512,0.265062320389734,4.66792587681219,3.04255619434529e-06,9.33472009013326e-06,"ENSG00000176510.5"
46.1794928943617,-1.9192146564738,0.411221212573519,-4.66711005607639,3.05465730409849e-06,9.37075310234883e-06,"ENSG00000196468.8"
512.447559993881,1.16031353118023,0.248714718503888,4.66523870464904,3.08258981905047e-06,9.4520287918715e-06,"ENSG00000130222.11"
11.7982528797321,1.11688191053455,0.239440716948921,4.6645446303638,3.093011998788e-06,9.48177366178491e-06,"ENSG00000252690.3"
13.9227679958766,2.41209888680186,0.517153973083101,4.66417935923748,3.09851045586885e-06,9.49752172851975e-06,"ENSG00000130433.7"
12.6769033016636,1.35041751530201,0.289631019611728,4.66254449234182,3.12323535213586e-06,9.56661438008846e-06,"ENSG00000267260.2"
433.114666724646,1.0588812095902,0.22713814001927,4.6618379876685,3.13397863377358e-06,9.59728468019396e-06,"ENSG00000269858.6"
5.00367218917999,2.44041238307376,0.523563070455892,4.66116218042036,3.14428828742017e-06,9.6232502732361e-06,"ENSG00000258408.1"
32.5025467160288,-1.06064812322902,0.227549818907277,-4.66116883029124,3.14418668323678e-06,9.6232502732361e-06,"ENSG00000267632.1"
18.8496401586255,-1.13897648276443,0.244563354024621,-4.65718376862697,3.20564282627741e-06,9.79847843305913e-06,"ENSG00000257252.6"
54.0674881541824,-1.53874738005905,0.330445294014232,-4.65658736236316,3.2149389241954e-06,9.82575054459907e-06,"ENSG00000099957.16"
6.03571849790142,1.19858094869677,0.257409356920338,4.65632237707543,3.21907750246799e-06,9.83725532785357e-06,"ENSG00000248180.1"
4719.63917290834,1.01790997247332,0.218616866088905,4.65613651263011,3.22198340857318e-06,9.84499092198763e-06,"ENSG00000179344.16"
11.271450679934,1.24233606372236,0.26684131514087,4.65571106583143,3.22864454979461e-06,9.86190509550279e-06,"ENSG00000277999.1"
5.19138846835395,1.30206275258908,0.279804322562745,4.65347618887159,3.26385309318544e-06,9.96713311273221e-06,"ENSG00000279791.1"
288.704407204485,1.23797015865125,0.266039920158479,4.6533248014576,3.26625134022082e-06,9.97215829066427e-06,"ENSG00000177614.11"
64.2860745798374,1.29824957782432,0.278993996920092,4.65332441613847,3.26625744651989e-06,9.97215829066427e-06,"ENSG00000178462.12"
15.8014673473098,1.60639493960403,0.345223913018474,4.65319718312233,3.26827435540331e-06,9.9771571611406e-06,"ENSG00000272689.1"
1816.5502989324,1.92238731252388,0.413562451382116,4.6483603772521,3.34583981673936e-06,1.01997278755715e-05,"ENSG00000244437.1"
49.956051499625,-1.28404707860314,0.27642050069882,-4.64526717575916,3.3963661633123e-06,1.03489552789822e-05,"ENSG00000230953.2"
4.50668218498811,-2.05679653830322,0.443004610730921,-4.64283325383381,3.43663697780909e-06,1.04643844213084e-05,"ENSG00000287348.1"
57.0339232929919,-1.02420378942785,0.220656709623248,-4.64161634231105,3.45694286890411e-06,1.05225577725855e-05,"ENSG00000236548.2"
13.7838049467211,-1.46608648215708,0.315863142056395,-4.64152440393101,3.45848165635957e-06,1.05260226789897e-05,"ENSG00000281162.2"
8.41598668039851,2.35733111406404,0.507899802522175,4.64133103095885,3.46172031470291e-06,1.0534659806837e-05,"ENSG00000169836.5"
31.8721270300692,1.39085631234108,0.299674161062141,4.64122868455339,3.46343561431745e-06,1.05386596071683e-05,"ENSG00000255833.2"
360.695453934691,1.42550311207238,0.30717360636036,4.64070832439965,3.47216933088986e-06,1.05615667970269e-05,"ENSG00000131203.13"
672.125002209743,-1.10351016413203,0.237798420519729,-4.64052772814982,3.47520538899193e-06,1.0569578621183e-05,"ENSG00000156463.18"
12.2907306385803,-1.05094685902403,0.226560097211339,-4.63871119389435,3.50588560712404e-06,1.06554922869621e-05,"ENSG00000226849.1"
9.46470973203079,-1.3916281820183,0.300056547545668,-4.63788640308373,3.51990142341565e-06,1.06931448235156e-05,"ENSG00000189398.5"
45.9993794602028,-1.02719805959947,0.22150306538776,-4.63739884502852,3.52821183341884e-06,1.07146758901884e-05,"ENSG00000166035.11"
334.348820687217,1.08115033053694,0.233140253188987,4.63733875102445,3.52923743496591e-06,1.07165523036788e-05,"ENSG00000176920.13"
768.890558173285,1.46605032481991,0.316168297174132,4.63693019800929,3.53621763578862e-06,1.07352673064297e-05,"ENSG00000117154.12"
122.249506436291,-1.3548705704344,0.292231260969453,-4.63629580880473,3.5470825297258e-06,1.07657641121608e-05,"ENSG00000171724.3"
63.552582776225,-1.77672400342659,0.383326953366228,-4.63500932513119,3.56921389663724e-06,1.08291836614583e-05,"ENSG00000266968.2"
14.864743589184,-1.08734642312616,0.234617721868337,-4.6345451420603,3.57723168911157e-06,1.08522573541792e-05,"ENSG00000235897.1"
4.87291712801346,1.59478123796474,0.3441134290979,4.63446382242473,3.578638092337e-06,1.08552710466227e-05,"ENSG00000163352.5"
192.441780861321,1.7762085583751,0.383563355137521,4.63080879490761,3.64240119101369e-06,1.10410417373548e-05,"ENSG00000171798.18"
3.99569956781867,1.51649901093016,0.327617150306745,4.62887553203571,3.67656655360214e-06,1.11433204906456e-05,"ENSG00000254244.1"
4.9462215553425,-1.63360623672542,0.353044591307501,-4.62719519558522,3.70651148230242e-06,1.1230195711912e-05,"ENSG00000237531.6"
6496.05330584931,-2.10338009748312,0.454624546805105,-4.62663116689303,3.71661523113353e-06,1.12595106886945e-05,"ENSG00000141750.7"
31.1000482814188,1.51436052433138,0.327327181086506,4.62644293487856,3.71999300453785e-06,1.12671463622117e-05,"ENSG00000277586.4"
8.63823020461777,-1.16801640762236,0.252500598750838,-4.62579658583277,3.73161398284227e-06,1.13010418164565e-05,"ENSG00000253187.2"
13.2643147299853,1.77052689481338,0.382786431166231,4.62536482659308,3.73939614153985e-06,1.13220007123872e-05,"ENSG00000066032.18"
11.3535734298196,1.01249716279266,0.218923262149105,4.62489528455441,3.74787696822957e-06,1.13463716002011e-05,"ENSG00000215199.3"
34.1968648821154,1.97650386500798,0.427645364756401,4.62182927233142,3.80370999513204e-06,1.15048001739989e-05,"ENSG00000122136.14"
7.80243716289205,-1.6339478222217,0.353555288594071,-4.62147753105085,3.81016605920557e-06,1.15216756442889e-05,"ENSG00000183090.5"
5.18658035720721,-1.03471758632829,0.223940764293428,-4.62049680679177,3.8282223631526e-06,1.15722825293965e-05,"ENSG00000206127.11"
49.9903239400234,1.18245055110193,0.256031565970942,4.61837799811033,3.86751259915868e-06,1.16840983742852e-05,"ENSG00000153233.13"
40.5361737469709,1.63702573672126,0.354602327795759,4.61651153532229,3.90244340576153e-06,1.1783092760142e-05,"ENSG00000128218.8"
7.54204277003905,3.40124724465589,0.737013502233154,4.6149049296249,3.93275298582964e-06,1.18664308896276e-05,"ENSG00000183206.17"
6.62811001216922,-2.00422973320908,0.434309264880885,-4.61475242476987,3.93564177810759e-06,1.1873784262601e-05,"ENSG00000104938.18"
25.1101495020773,-1.18597860910649,0.257020645652416,-4.61433207474842,3.94361470558092e-06,1.18964729624112e-05,"ENSG00000126759.14"
6.02211571484485,-1.15210321664231,0.249761600332546,-4.61281163761099,3.97258283983677e-06,1.19811092785163e-05,"ENSG00000258230.2"
20.7030007195333,-1.36094802594817,0.295053730495798,-4.61254302279549,3.97772177736634e-06,1.19952316654769e-05,"ENSG00000268756.1"
56.1370339209403,1.76949467969639,0.383809116637565,4.61035083063789,4.0198999947756e-06,1.21140852399314e-05,"ENSG00000171759.10"
126.436579093511,1.03889181050684,0.225337963989507,4.61037187038406,4.01949315613835e-06,1.21140852399314e-05,"ENSG00000198088.10"
10458.4425490239,1.09461076457281,0.23748772408955,4.60912566647051,4.04365877036915e-06,1.21814930797e-05,"ENSG00000113494.17"
306.763593733629,1.4083921008231,0.305611246521842,4.60844329798723,4.05694976788078e-06,1.22159316873615e-05,"ENSG00000122025.15"
29.9466047005825,-1.72464907951423,0.37424982898909,-4.60828287930761,4.06008043436058e-06,1.22239580912639e-05,"ENSG00000249574.1"
6.48944002215117,2.54876493180085,0.553089744062532,4.60823032638386,4.06110653948622e-06,1.22256470374362e-05,"ENSG00000259925.1"
4.36369557478258,-1.5957458196036,0.346305280044099,-4.60791651631877,4.0672389113096e-06,1.22427058571761e-05,"ENSG00000184617.10"
51.082233522355,1.01124648238162,0.219468151837456,4.60771403010027,4.07120053907364e-06,1.22518244754994e-05,"ENSG00000171657.6"
1957.73054935184,-1.24807171198226,0.270961326692122,-4.60608798760562,4.10314830089581e-06,1.23451407899205e-05,"ENSG00000155659.15"
5.74815698675805,-1.86635713439347,0.405421853822551,-4.60349415502983,4.15460861984631e-06,1.24913901811989e-05,"ENSG00000259441.2"
134.403932159691,-1.06356249150125,0.231204062260838,-4.60010296143227,4.22282166614226e-06,1.26805260679633e-05,"ENSG00000050767.17"
44.3627457771382,1.00571482602092,0.218685894800945,4.59890120913538,4.24725116669378e-06,1.27509708355659e-05,"ENSG00000205940.8"
6.99923531653894,-1.34275863394925,0.292417991287721,-4.59191525130224,4.39196725673655e-06,1.31613803871923e-05,"ENSG00000287470.1"
4.41054340580591,2.644565731248,0.576027972550592,4.59103699346081,4.41049146256718e-06,1.32123726466966e-05,"ENSG00000155495.9"
170.899765157316,-2.17928668466297,0.47485273445564,-4.58939483029671,4.44532897594537e-06,1.33113195442887e-05,"ENSG00000137440.5"
3.51238834710515,-1.62390993906022,0.353897490902754,-4.58864496303097,4.46132449785109e-06,1.33570398794302e-05,"ENSG00000233295.3"
334.857065846099,1.24825279623417,0.272099046359171,4.587494197192,4.4859789313759e-06,1.34293246278228e-05,"ENSG00000103089.9"
15.0231249876053,-1.007149165091,0.219565624489869,-4.58700749459747,4.49644545785328e-06,1.34575919396738e-05,"ENSG00000254102.2"
17.0559357138425,1.48476339892843,0.323781013048996,4.58570249362878,4.52462505875831e-06,1.35388484795541e-05,"ENSG00000120498.14"
4.20280649460809,1.98953860310948,0.433862949232424,4.58563840638918,4.52601327891748e-06,1.35414607880554e-05,"ENSG00000255178.1"
5.66876125443609,2.28583594670105,0.49849788179672,4.58544766220929,4.53014748228924e-06,1.35507450124605e-05,"ENSG00000228933.8"
14.3376820182124,1.63273026289025,0.356099311951009,4.58504189167003,4.53895421982048e-06,1.35755430944198e-05,"ENSG00000248568.1"
5.04329423107148,1.1605725409358,0.253298888498189,4.58183037366189,4.60923709251953e-06,1.37700827165019e-05,"ENSG00000286168.2"
3731.59845797861,1.17075690605063,0.255526214115202,4.58174872626887,4.61103743350254e-06,1.37738956588454e-05,"ENSG00000179456.10"
86.7836930840754,1.65145006371582,0.360485097365825,4.58118817056092,4.62341599721132e-06,1.38075231989218e-05,"ENSG00000132185.18"
16.1030781670276,1.04090218812232,0.227364036056943,4.57813032427711,4.69150382214654e-06,1.39999416963328e-05,"ENSG00000213996.13"
10.8166860695177,1.51691739654245,0.331350537072781,4.57798381720823,4.69479003026251e-06,1.40081576972891e-05,"ENSG00000158428.4"
50.2337846448725,1.93914573672266,0.423735997230069,4.5763063544252,4.73257363909155e-06,1.41144860467358e-05,"ENSG00000075891.22"
13.5277923666686,-1.07055327469856,0.233953394685229,-4.57592537239703,4.741195475075e-06,1.41369917035588e-05,"ENSG00000283399.1"
8.5163796726553,1.06994354184771,0.233824403719231,4.57584206280052,4.74308282139775e-06,1.41410150723251e-05,"ENSG00000213830.3"
5.88690687433207,-1.76738211973078,0.38628775447263,-4.57529937013833,4.75539493520754e-06,1.41728994757903e-05,"ENSG00000223812.8"
515.360311960755,-1.01129937465406,0.221090647580555,-4.57413909507679,4.78182096215127e-06,1.42484278618279e-05,"ENSG00000140563.15"
6.14727893299522,-1.61837731793626,0.353930698514858,-4.57258249913668,4.81749446061158e-06,1.43482180626306e-05,"ENSG00000283304.1"
5.07575374734846,-1.83227683608047,0.40073078401502,-4.57233861028205,4.82310686277608e-06,1.43633062294592e-05,"ENSG00000239622.1"
5.41479165025635,-1.45913095182071,0.319126054349393,-4.57227146431356,4.82465313363837e-06,1.43662833312055e-05,"ENSG00000235840.1"
72.649750916467,1.257610583536,0.275067034680527,4.57201490900803,4.83056559121564e-06,1.43806304224161e-05,"ENSG00000131044.17"
21.6040221574456,1.78061759666327,0.38967159654386,4.56953396772108,4.88809940627796e-06,1.45387354073339e-05,"ENSG00000254872.3"
4.96829899791367,1.4161318725321,0.309922901613325,4.56930373702726,4.8934716812789e-06,1.4551420937972e-05,"ENSG00000232237.3"
15576.6835372918,1.11505338979744,0.244163917251301,4.56682298658319,4.95171817947176e-06,1.4714636588947e-05,"ENSG00000152661.9"
7.97120336525684,1.08898386204227,0.238575527279581,4.56452459503995,5.0062750983989e-06,1.48633157897116e-05,"ENSG00000140839.11"
422.028595985315,-1.96705441682363,0.430990896162885,-4.56402776563572,5.01814377037e-06,1.48918246427013e-05,"ENSG00000257743.8"
27.8321638080384,-1.05919664489218,0.232118625415425,-4.5631695560687,5.0387088913892e-06,1.49511655567028e-05,"ENSG00000188037.12"
3933.60870861354,1.54886581209399,0.339508667926947,4.56208031904289,5.06492632250783e-06,1.50272630613834e-05,"ENSG00000196090.12"
12.9404339055472,-1.43341148687573,0.314384459723348,-4.55942220597387,5.1294553714634e-06,1.52067003139571e-05,"ENSG00000224183.1"
317.369964504114,1.51392657663138,0.332049955994346,4.55933376680573,5.1316158183051e-06,1.52113894404343e-05,"ENSG00000092758.18"
70.7586339288512,-1.21397874652308,0.266344928462615,-4.55791951260477,5.16628269813544e-06,1.53089711880262e-05,"ENSG00000158806.14"
54.7661049797443,-1.0218314772807,0.224221884138028,-4.55723347972439,5.18317973227838e-06,1.53538483132204e-05,"ENSG00000147036.12"
1422.51110637897,1.16695780142061,0.256190807022314,4.55503386317437,5.23771399741432e-06,1.55043556542019e-05,"ENSG00000163536.13"
7.83335996041589,1.15529734430182,0.253703542086287,4.55372965943415,5.27030762135065e-06,1.55943673893482e-05,"ENSG00000128271.22"
7.75991003182425,-1.0381760601646,0.228033136127546,-4.55274210491898,5.29511690513533e-06,1.56624862406681e-05,"ENSG00000162592.10"
215.029542772717,-1.12986982826591,0.248283970672446,-4.55071596126726,5.34636806709975e-06,1.58087454466925e-05,"ENSG00000198829.6"
3.66587738432216,-1.46496752783466,0.321986117430694,-4.54978475321993,5.37008189183719e-06,1.58770790151911e-05,"ENSG00000256249.1"
12.5683473795188,-1.20714430299888,0.265322174501279,-4.54973017339365,5.37147492259341e-06,1.58794114121522e-05,"ENSG00000279659.1"
205.229868872079,1.5121019618416,0.332396003529744,4.54909790064997,5.38763754102821e-06,1.59218197805695e-05,"ENSG00000228221.6"
12.2840072039455,-1.20765428894513,0.265871494913624,-4.54224808619467,5.56574867967408e-06,1.64241762991527e-05,"ENSG00000093100.13"
241.780849595219,2.13776316553286,0.470779825742262,4.54089799230952,5.60151304425966e-06,1.65247462003412e-05,"ENSG00000114248.10"
5361.19497670381,1.03348852813209,0.227679671317342,4.53922180294968,5.64622194229917e-06,1.66504316763594e-05,"ENSG00000095321.17"
4.08173778398701,2.04299766091484,0.450254627586176,4.53742734831486,5.6944638457138e-06,1.67889273943625e-05,"ENSG00000288611.1"
6.74889997106013,1.75969343267585,0.387865645826123,4.5368633484614,5.70970766642094e-06,1.68319825374841e-05,"ENSG00000205358.4"
4.64710084450731,-1.00498054330408,0.221622896684226,-4.53464221585374,5.77012124120274e-06,1.6998640069914e-05,"ENSG00000285856.1"
10.8340604204063,-1.64105652646052,0.362039336010007,-4.53281277262967,5.82034012401792e-06,1.7138899822954e-05,"ENSG00000260838.3"
4.44551984681805,-1.21413662344319,0.267857087830399,-4.53277765870416,5.82130809369629e-06,1.71398299467585e-05,"ENSG00000141371.13"
150.032211669223,2.2248828159882,0.491036059639041,4.53099680219759,5.87060273031425e-06,1.72733596959118e-05,"ENSG00000089199.10"
5.41339780924687,1.2543928917978,0.276942486964744,4.52943463296584,5.9141727527503e-06,1.739571582736e-05,"ENSG00000219797.2"
5.31248076940677,-1.61824250599241,0.357327908482885,-4.52873248233819,5.9338568948373e-06,1.7451661029865e-05,"ENSG00000236384.7"
38.3379692278689,-1.79066969619299,0.395445533117954,-4.52823346384562,5.94788451513254e-06,1.74890028633789e-05,"ENSG00000124875.10"
7.80033482395995,-1.0406536210531,0.229835937514885,-4.52781071709338,5.95979293082201e-06,1.75215622557311e-05,"ENSG00000215866.8"
17.3733432481581,1.15046240987453,0.25410222903464,4.52755733094216,5.96694153617644e-06,1.75391513461039e-05,"ENSG00000214145.7"
13.7071625685878,1.16928894249013,0.258273792725177,4.52732323381467,5.97355324617805e-06,1.75546593831109e-05,"ENSG00000183171.5"
262.471989580855,1.30795763622745,0.288985595717504,4.52603055519085,6.01018938771528e-06,1.76544275666862e-05,"ENSG00000117009.12"
69.5154922474275,1.05868319550294,0.233929738068689,4.52564605185883,6.02112812453851e-06,1.76826068855162e-05,"ENSG00000130751.10"
149.329172906008,-2.34817307212449,0.518897974402383,-4.5253078407733,6.03076564090732e-06,1.77089313043915e-05,"ENSG00000182601.7"
149.083076076455,-1.37794517495446,0.304539309500414,-4.52468739492098,6.04848399141207e-06,1.77589760087438e-05,"ENSG00000186204.15"
1752.76431808185,-1.00657844606411,0.222473841059825,-4.52448000748742,6.05441754820832e-06,1.77744120224626e-05,"ENSG00000122971.9"
768.360451356502,1.52825963433095,0.337791627075917,4.52426736435205,6.06050725952593e-06,1.77903029717868e-05,"ENSG00000170786.12"
9397.3543571593,-1.17236938614601,0.259188910879327,-4.52322355215204,6.0904852419095e-06,1.78763053152819e-05,"ENSG00000159200.18"
9.28511844397672,1.82262664529982,0.402993877617386,4.52271547169824,6.10512846061595e-06,1.79152837399609e-05,"ENSG00000161270.20"
28.1558039436706,-1.21086401963979,0.267740797897422,-4.52252338511256,6.11067329607498e-06,1.79295531272644e-05,"ENSG00000255176.1"
30.2407325272975,-2.74946591177118,0.607991595379337,-4.52221039347713,6.11971854221569e-06,1.79540888674626e-05,"ENSG00000203837.5"
623.534975661136,1.49358891355144,0.330345762069966,4.52128976679622,6.14639835843028e-06,1.80303498273417e-05,"ENSG00000135744.8"
518.539324203125,1.04731559414255,0.231643934667889,4.52123037732068,6.14812328527525e-06,1.80333972135001e-05,"ENSG00000130768.15"
5.73874320230223,-2.17929225309704,0.482371903976496,-4.51786730348877,6.24656088936713e-06,1.83180415503878e-05,"ENSG00000258077.2"
10.7108609619784,1.10041120898429,0.243581659490352,4.51762752288777,6.25363659709605e-06,1.83339104031565e-05,"ENSG00000285976.2"
490.246108299393,1.19611833240991,0.264939390752079,4.51468665725588,6.34104511478438e-06,1.85764634191922e-05,"ENSG00000142235.12"
6.08523273087268,1.05773972340591,0.234332735799999,4.51383678765513,6.36652190848743e-06,1.86448648292684e-05,"ENSG00000258645.2"
11.0753853387,1.1899908478725,0.263656070751809,4.51342100517265,6.37902159298085e-06,1.86793898785549e-05,"ENSG00000117601.14"
58.9935080652419,1.38653883200783,0.307220132119949,4.51317699279707,6.38636827650992e-06,1.86988196256864e-05,"ENSG00000267690.1"
426.96289762896,1.14580345073305,0.25393004407878,4.51227996627912,6.41344544374024e-06,1.87739169220702e-05,"ENSG00000211751.9"
7.45115375923993,1.49149736510372,0.330621313930793,4.51119544402975,6.44632894862345e-06,1.88583976451908e-05,"ENSG00000237166.2"
4.18323899260524,1.56689426316607,0.347415303571545,4.51014750086677,6.47825654975766e-06,1.89425403441796e-05,"ENSG00000283453.2"
4.04200229394226,-1.15438001782513,0.256032921221612,-4.50871713027071,6.52207980061486e-06,1.90621978738309e-05,"ENSG00000208028.1"
537.235608303141,-1.58130376203009,0.350734579975843,-4.50854820798966,6.52727387487519e-06,1.90752575636224e-05,"ENSG00000113396.13"
6.59504695010307,1.31154060374695,0.290938427419199,4.50796622289161,6.54519925300639e-06,1.91212645510748e-05,"ENSG00000211714.3"
99.223893748871,1.50631718045505,0.334333412282133,4.50543417175402,6.62373710740073e-06,1.93335153948829e-05,"ENSG00000259725.1"
8.67849881937535,1.02211745186975,0.226892035693203,4.50486262660989,6.6415893049406e-06,1.93834702743792e-05,"ENSG00000228022.6"
9.25031966311395,-1.19321603006927,0.264880547738358,-4.50473256816086,6.64565810121697e-06,1.93931916878413e-05,"ENSG00000285816.1"
4.44034458353863,1.42987433222806,0.31758249482085,4.50237136979058,6.71994263641878e-06,1.95947384352819e-05,"ENSG00000224875.2"
7.21716125322453,1.22438993444058,0.271957225504729,4.50214158556816,6.72721403011652e-06,1.96115897923228e-05,"ENSG00000277493.1"
8.13573012592848,1.85842854045806,0.412889293153271,4.50103350044532,6.76238455597403e-06,1.97053786772973e-05,"ENSG00000184999.12"
3.76873645658811,-1.39504935013213,0.310002230403691,-4.50012681623442,6.79129341028575e-06,1.97852312121426e-05,"ENSG00000258987.2"
95.5293456250329,1.55568942933584,0.345762187537773,4.49930468225617,6.81760861580501e-06,1.98574938893859e-05,"ENSG00000269404.7"
175.412180495506,-1.27888014403193,0.284263824421706,-4.49891978563796,6.82996204104992e-06,1.98890673927494e-05,"ENSG00000234899.11"
168.817098038659,-1.85453678350328,0.412232691771011,-4.4987620354318,6.835031286527e-06,1.99016242755152e-05,"ENSG00000134343.14"
686.566364155886,1.98559518745902,0.441643133153919,4.49592677526588,6.92675729797153e-06,2.0155307076263e-05,"ENSG00000186910.4"
12.8324697186561,-1.14018194549735,0.253693874248561,-4.4943219416494,6.97919730814174e-06,2.03011533916774e-05,"ENSG00000246379.8"
2717.95663212389,1.00581539350625,0.223941639403371,4.4914174790627,7.07507134455299e-06,2.05663763791452e-05,"ENSG00000119411.11"
850.661695674701,1.24514107502313,0.277366148282336,4.48916020478345,7.15045076850883e-06,2.07669958606613e-05,"ENSG00000100167.20"
5.02097335816145,2.14873219712459,0.478978152168863,4.4860755911202,7.25470120135539e-06,2.10536122751932e-05,"ENSG00000236616.3"
13.7831439446622,-1.00311034648761,0.2236100516165,-4.48598056856578,7.2579356363063e-06,2.1060673467065e-05,"ENSG00000213411.2"
287.636459088028,1.53110933089441,0.341333338089714,4.48567180534819,7.26845502829128e-06,2.10888698491674e-05,"ENSG00000214313.8"
18.7744722810042,-1.76369963564904,0.393285632580494,-4.48452597690067,7.30762036663938e-06,2.11978251535978e-05,"ENSG00000232721.2"
14.4822281452148,1.06452776687787,0.237454666781477,4.48307789148455,7.35740584106345e-06,2.13375322880406e-05,"ENSG00000273113.1"
31.9843481071089,1.91879996371098,0.428022916993721,4.48293744920935,7.36225149209186e-06,2.13492297239786e-05,"ENSG00000056291.17"
16.240483589932,1.87163840785259,0.417536522207433,4.48257411820553,7.37480159164684e-06,2.13809050336251e-05,"ENSG00000250535.1"
14748.6084508117,-1.05798218739886,0.236122353354073,-4.48065239216206,7.44152242315878e-06,2.15648263914339e-05,"ENSG00000008394.13"
27.4504862589756,1.06595447853894,0.238168282471666,4.47563574577044,7.61842756994072e-06,2.20580249227056e-05,"ENSG00000175262.14"
178.614171051644,1.46594821635692,0.327566046108637,4.47527524226591,7.63129391211529e-06,2.20904107033082e-05,"ENSG00000230061.2"
3.80096919483653,-1.72248106927911,0.384935962015294,-4.47472109454578,7.65111192290734e-06,2.21429008788479e-05,"ENSG00000277863.1"
5.32447988258413,1.29594679645453,0.289637382718241,4.47437683731325,7.66344838090363e-06,2.21742560320966e-05,"ENSG00000185105.5"
22.9607953582357,1.52794427294613,0.341630621253359,4.47250386203811,7.73090036013234e-06,2.23418345316898e-05,"ENSG00000159261.12"
9.8521247941324,-1.19558329648517,0.267328884689578,-4.47233114324131,7.73714903619277e-06,2.2357434616017e-05,"ENSG00000224965.1"
147.507410358959,1.12692706372864,0.252010209295115,4.47175162816105,7.75815021982991e-06,2.24107286930442e-05,"ENSG00000257084.1"
16.5929279088963,1.06144913996589,0.237393252020925,4.47126921649958,7.77567400658251e-06,2.24539459007927e-05,"ENSG00000237575.4"
63.9222971825678,1.09033688369373,0.243877085458302,4.47084596588781,7.79107990642372e-06,2.24959622388708e-05,"ENSG00000230615.7"
3.4594612044794,-1.3780305457693,0.308256923322696,-4.47039609334816,7.80748680987855e-06,2.2534755297766e-05,"ENSG00000249363.1"
570.964933109246,-1.36513132182148,0.30537390728541,-4.47036007089367,7.8088019803703e-06,2.2534755297766e-05,"ENSG00000270547.6"
3.30785358429925,-1.44955139698161,0.324257175863152,-4.47037569214313,7.80823162658765e-06,2.2534755297766e-05,"ENSG00000286154.1"
5.6033459593612,-1.50774721265916,0.337295956693892,-4.47010165030674,7.81824306098156e-06,2.25595236156372e-05,"ENSG00000180383.3"
37.2589983382646,1.01957103624709,0.228143043896603,4.46899900533091,7.85864961165772e-06,2.26711388862706e-05,"ENSG00000253414.3"
998.149722693591,-1.0851774111906,0.242853673763595,-4.46844140495466,7.87915887327599e-06,2.27278107797614e-05,"ENSG00000171368.12"
3422.17263243525,-1.0141056096781,0.227012487869627,-4.46717984193229,7.92574980972313e-06,2.28571876233007e-05,"ENSG00000109654.16"
5.49112511725175,2.01148120323189,0.450286673043456,4.46711245002307,7.92824606458797e-06,2.28618781746166e-05,"ENSG00000253182.1"
8.11439417189027,-1.34834651619602,0.301916999567626,-4.46595096707698,7.97138668875316e-06,2.29736762858759e-05,"ENSG00000256001.2"
9.26581843486266,2.46767977998985,0.552686318883177,4.46488305514117,8.01124977917901e-06,2.30809699874977e-05,"ENSG00000248515.2"
62.0909513528697,1.77742979304937,0.398107745958245,4.46469532706805,8.01827697114245e-06,2.30986839006475e-05,"ENSG00000136573.14"
16.4499436185044,1.66889284687002,0.373822057398688,4.46440442408167,8.02917793299618e-06,2.31275520866709e-05,"ENSG00000240280.7"
56.8386932045246,1.64205227704561,0.36785353328389,4.46387523421818,8.04904451885259e-06,2.31822360435592e-05,"ENSG00000231574.6"
691.302411290716,1.17547366353272,0.263344973651423,4.4636267297383,8.05838995800891e-06,2.32066091438924e-05,"ENSG00000154654.15"
781.051722344066,1.25269154628783,0.280696100179221,4.46280352839958,8.08942201067053e-06,2.32832203382024e-05,"ENSG00000007516.14"
61.0965506918408,-1.62448188634916,0.364414699840128,-4.45778363787694,8.28114235013758e-06,2.38193855910501e-05,"ENSG00000154165.5"
105.72684579757,-3.19460410837191,0.717006534717103,-4.45547418843588,8.37079671808382e-06,2.40588322512974e-05,"ENSG00000171201.12"
11.1688146170601,1.11152988676691,0.249510958108361,4.45483394875257,8.39581502846987e-06,2.41228249025254e-05,"ENSG00000230650.1"
7.29917729673504,1.11211679234122,0.249698820425667,4.45383278321206,8.43508036024133e-06,2.42250494087175e-05,"ENSG00000104879.5"
50.639371714306,-1.05697257143366,0.237405047682144,-4.45219080956028,8.49985817990625e-06,2.44030881923163e-05,"ENSG00000140090.18"
30.9118653635097,-1.01179168827007,0.22726646285453,-4.45200614099276,8.50717324715538e-06,2.44214221961809e-05,"ENSG00000146250.7"
22.6989395168262,-1.11137988013977,0.249656005867961,-4.45164487942485,8.52150089523643e-06,2.44598809140979e-05,"ENSG00000179300.4"
72.6706490255174,1.08957379353131,0.244789669198116,4.45106117876849,8.54469923177746e-06,2.45157596996003e-05,"ENSG00000263563.6"
141.374302236584,1.65767493304207,0.372522111185224,4.44986990911218,8.5922319469711e-06,2.46360013629528e-05,"ENSG00000178445.10"
76.2674929279468,1.08286555627776,0.243593387310637,4.44538157719718,8.77360005571677e-06,2.51258775184637e-05,"ENSG00000188095.6"
3.13840029179529,-1.83648598989353,0.413178950168613,-4.44477142202932,8.79853636566079e-06,2.51945451394518e-05,"ENSG00000273124.1"
243.673741623873,1.02112474921228,0.229809045427655,4.44336186729316,8.85640239217677e-06,2.53574815333305e-05,"ENSG00000206195.11"
12.4530493862416,-1.12627095218605,0.253559242799627,-4.44184538394476,8.9190641652169e-06,2.55257711801569e-05,"ENSG00000248202.2"
7.82176422916779,1.16041915545264,0.261278722591515,4.44130751996536,8.94139055025472e-06,2.5572960742426e-05,"ENSG00000278743.1"
370.225417251802,1.10421514637151,0.248774833071642,4.43861275169067,9.05405501701478e-06,2.58642301996757e-05,"ENSG00000198598.6"
7.09796943912957,3.19050156619811,0.718972841777876,4.43758286934543,9.09747016931586e-06,2.59797811745217e-05,"ENSG00000237457.6"
4.97934941238334,-1.3178740758438,0.297061255490333,-4.43637146038618,9.14879226007098e-06,2.6112157211826e-05,"ENSG00000286508.1"
8.91380531757549,2.40273853327609,0.541687195261472,4.43565687779695,9.17919558729193e-06,2.61960886879893e-05,"ENSG00000172752.14"
3.70943596482284,-2.55451529578979,0.576149826457888,-4.43376909699807,9.25998002105323e-06,2.64151633246541e-05,"ENSG00000287052.1"
176.378100880458,1.25502880410356,0.283088564236697,4.4333433513556,9.27829273839718e-06,2.64645302589291e-05,"ENSG00000149599.15"
134.705413735844,1.37025285034966,0.309205622114467,4.43152631242389,9.35683923136331e-06,2.66798830936378e-05,"ENSG00000185156.6"
50.9893296962344,1.27526707912917,0.287788258639586,4.43126861796772,9.36803008533867e-06,2.67088949737544e-05,"ENSG00000283709.1"
10.0636792796518,1.99002976541442,0.44919069995662,4.43025593719239,9.41213158857381e-06,2.6831720897405e-05,"ENSG00000110148.10"
199.573068951474,-1.08196651634806,0.244502849514092,-4.42516935282469,9.6366653736944e-06,2.7442049044657e-05,"ENSG00000246985.8"
41.9149061646388,-1.04778914238909,0.236798962339254,-4.4248046192363,9.65296066694231e-06,2.74854748315363e-05,"ENSG00000160318.6"
3.78353160364875,1.68490872633956,0.38083523622057,4.42424588402241,9.67797447512123e-06,2.75507290267612e-05,"ENSG00000280335.1"
178.537368884084,1.23585437848865,0.27945789723188,4.42232762333856,9.76432441262245e-06,2.77845082669014e-05,"ENSG00000064195.7"
17.042466040353,-1.0776670323515,0.243751958457134,-4.42116255874522,9.81712814936752e-06,2.79256922378762e-05,"ENSG00000250240.6"
43.647131725714,-1.71306824450981,0.387477188562431,-4.42108153738138,9.82081037264205e-06,2.79331435812708e-05,"ENSG00000104044.16"
5.30716466310531,1.07885715300709,0.244177804146479,4.41832605047059,9.94682883461446e-06,2.8267104453347e-05,"ENSG00000258477.1"
103.926353269015,1.16067452863741,0.262716665250138,4.41797069680488,9.96319244569508e-06,2.83105459721783e-05,"ENSG00000163508.13"
1460.92151412419,1.59311595875019,0.360745425839781,4.41617784907895,1.00461438032232e-05,2.85308313045833e-05,"ENSG00000197977.4"
6.36067388263151,1.89068499369616,0.428535440678262,4.41196879936859,1.02434877430805e-05,2.90724362206163e-05,"ENSG00000120094.9"
486.939606535386,1.21236788200281,0.274820034029781,4.41149745972098,1.02658158983093e-05,2.91326608800651e-05,"ENSG00000168389.18"
8.30424265339917,-1.00222162169283,0.227265026988599,-4.40992454920528,1.03406641729746e-05,2.93323998621264e-05,"ENSG00000228407.2"
100.78971209996,1.13880922468589,0.258250540630954,4.4097070306361,1.0351055905439e-05,2.93555409385582e-05,"ENSG00000116035.4"
6.97207918994881,-1.6922460421711,0.38377103087648,-4.40952001589658,1.0359998320338e-05,2.93777317781598e-05,"ENSG00000231426.7"
23.1348908119583,1.77780049005868,0.403278103696038,4.40837346180011,1.04149841521431e-05,2.95145491595612e-05,"ENSG00000285587.1"
13.7333275796272,-1.48688199040962,0.33738223944385,-4.40711399883005,1.04757059925955e-05,2.96802259684574e-05,"ENSG00000286271.2"
47.9936603293629,1.10258972031361,0.25018694761547,4.40706332133784,1.04781563418588e-05,2.96836641487541e-05,"ENSG00000169684.13"
5.89368837655058,-1.15415137602737,0.261887979738797,-4.40704219101046,1.04791781934367e-05,2.96836641487541e-05,"ENSG00000276417.1"
209.807041304179,-1.32546967520396,0.300838943894944,-4.4059112096432,1.05340109330658e-05,2.98357697591273e-05,"ENSG00000134917.10"
12.6964755932324,-1.05378188234161,0.239188276972247,-4.40565857023118,1.05462968906487e-05,2.98673491513641e-05,"ENSG00000145002.12"
900.381894195939,-2.4465407300321,0.555377406382096,-4.40518591847233,1.05693188934064e-05,2.99228756779721e-05,"ENSG00000156076.10"
26.3746066988407,1.45085824216514,0.329493165731807,4.4033029909521,1.06615101294177e-05,3.01773780143889e-05,"ENSG00000204965.9"
3728.64085409705,1.14075732103261,0.25910699159596,4.40264970854764,1.06936749521364e-05,3.02651612406539e-05,"ENSG00000118513.19"
4.34370678192099,-2.18735690181677,0.497036295321777,-4.40079914164154,1.07852926900192e-05,3.05113155811499e-05,"ENSG00000285914.1"
12.2936081599089,1.14321642718613,0.2598468517085,4.39957775000718,1.08461713108757e-05,3.06736353276369e-05,"ENSG00000120436.4"
22.3457004849225,1.01368383753049,0.230483468441565,4.39807611532665,1.09214679905585e-05,3.0869971466162e-05,"ENSG00000125510.18"
3.40116803181172,-1.52741104510725,0.347441174620655,-4.3961716592022,1.10176814448101e-05,3.11285326341384e-05,"ENSG00000227744.4"
11.2729624843508,1.21695019439873,0.27694309064707,4.39422479021001,1.1116873787245e-05,3.13986579221951e-05,"ENSG00000257221.4"
12.5302189298256,1.06152245947227,0.24160435557809,4.39363958043036,1.1146856307198e-05,3.14799582226703e-05,"ENSG00000244040.7"
23.9032360479987,-1.12341257353438,0.255696131774277,-4.39354543902958,1.11516867313401e-05,3.14902163780128e-05,"ENSG00000255968.1"
1355.63859687365,-1.35931361250601,0.30941372230428,-4.39319110472176,1.11698856554191e-05,3.1531443944478e-05,"ENSG00000149596.7"
10.7145642090513,-1.07005764040152,0.243632046504171,-4.39210545474445,1.12258222894071e-05,3.16791403322714e-05,"ENSG00000225057.2"
6.21918986459975,4.15887786359913,0.947129087110657,4.39103594240394,1.12811888750527e-05,3.18285496341656e-05,"ENSG00000227674.3"
45.0821198499725,1.11037476651908,0.252887899668498,4.3907785543501,1.12945522216172e-05,3.1862832520445e-05,"ENSG00000186973.11"
5.69275765564345,-1.12169512028042,0.255506301092928,-4.39008789795936,1.13304851740392e-05,3.19573422378415e-05,"ENSG00000274963.1"
25.4324286953191,-1.3859310028158,0.315757286248582,-4.38922888932076,1.13753293202229e-05,3.20732578116505e-05,"ENSG00000178722.13"
5.51202531731552,-1.55041198273068,0.353235264670148,-4.38917667005432,1.13780608585038e-05,3.20743191339462e-05,"ENSG00000204020.6"
21.743513829149,1.13729882248287,0.2592218242737,4.38735752928753,1.14736101195644e-05,3.23332656140915e-05,"ENSG00000124140.14"
24.386921629877,1.913322182634,0.436247726460237,4.38586167120895,1.15527525401338e-05,3.25493137276102e-05,"ENSG00000285644.1"
6.592058055901,-1.47190074629505,0.335613705101992,-4.38569916519871,1.15613816727774e-05,3.25701346074257e-05,"ENSG00000254620.1"
27.4375562102507,-1.20350615930554,0.274548644139821,-4.38358077883138,1.16744331677185e-05,3.28639607347448e-05,"ENSG00000257150.3"
556.708250218978,-1.62855650232119,0.37161719473265,-4.382349701264,1.17406157992161e-05,3.30467279574423e-05,"ENSG00000052850.8"
26.2960836765665,1.0062598312765,0.229642480153646,4.38185404809793,1.17673630612118e-05,3.31113768012944e-05,"ENSG00000265660.1"
35.7361100072495,1.05625439638089,0.241149298827979,4.38008487486565,1.18633092214977e-05,3.33634944979504e-05,"ENSG00000215006.4"
3.73804197276639,1.5752112450294,0.359796229696125,4.37806490179118,1.19737697267534e-05,3.36489429592628e-05,"ENSG00000272954.1"
143.65413264385,2.15439834929656,0.492534395372652,4.37410741165913,1.21930336302852e-05,3.42394974293181e-05,"ENSG00000253154.2"
3.90335681805159,-1.95565911205216,0.44711465365037,-4.37395441210796,1.22015870034109e-05,3.4259856083501e-05,"ENSG00000236136.1"
2182.66310683019,-1.61982497285629,0.370414258741608,-4.37300923123006,1.22545540148051e-05,3.43975542209673e-05,"ENSG00000230937.12"
34.3968975968527,1.07343090973708,0.245557551770309,4.37140255715348,1.23450943292162e-05,3.46368978809906e-05,"ENSG00000145491.12"
16.429707511407,1.41618250934877,0.324019910110655,4.37066508926916,1.2386866006603e-05,3.47466794148936e-05,"ENSG00000185275.6"
35.613262543543,-1.42281973255571,0.325644262201051,-4.36924551637661,1.2467653494191e-05,3.49523409165644e-05,"ENSG00000166856.3"
14.3722720684535,1.06521700686028,0.243810201602772,4.36904198371398,1.24792776101218e-05,3.49767191355707e-05,"ENSG00000180720.7"
647.324285020855,1.91833770580951,0.439087680818956,4.36891716531777,1.24864113279097e-05,3.4992305719456e-05,"ENSG00000139219.19"
7.76047619786429,-1.72124755302639,0.394367358668635,-4.36457915492104,1.2736772467745e-05,3.56673052996175e-05,"ENSG00000133124.11"
175.446186658352,1.13920122033763,0.261117618532342,4.36278956104425,1.2841445313823e-05,3.59451063502154e-05,"ENSG00000099958.15"
6.4203934648587,-1.03823653871491,0.238004391240765,-4.36225791172328,1.28726991324356e-05,3.60287534870555e-05,"ENSG00000237719.1"
5.47315707180127,-1.60965287522987,0.369110762222827,-4.36089391037086,1.29532163415602e-05,3.62348167647476e-05,"ENSG00000279317.2"
8.4150998904281,-1.28671458025235,0.295333592208337,-4.35681755885277,1.31967176613292e-05,3.68806514630916e-05,"ENSG00000181781.9"
1259.71250201682,1.01482935303725,0.232951033580376,4.35640631183162,1.32215246231939e-05,3.69421232269617e-05,"ENSG00000124839.13"
20.6822348857311,1.6065652963604,0.368859557305246,4.355493207489,1.32767634204881e-05,3.70885800557029e-05,"ENSG00000196834.13"
33.1458916611104,-3.0812125104932,0.707550830134986,-4.3547578198804,1.3321411126553e-05,3.72053947561704e-05,"ENSG00000176654.12"
10.1504650128103,2.02755286228382,0.465671538650824,4.35404076478065,1.33650837044852e-05,3.73194369583225e-05,"ENSG00000234184.6"
17.1423199907571,-1.46724440823975,0.337022168291855,-4.3535545916052,1.33947719703905e-05,3.7394390490679e-05,"ENSG00000125414.19"
6.2539302845069,1.49022402286537,0.342363607280618,4.3527524280462,1.34438938325494e-05,3.75155861019989e-05,"ENSG00000256196.2"
282.044263759371,1.0632887383722,0.244350619842984,4.35148778855339,1.35216853797889e-05,3.7728660140379e-05,"ENSG00000167286.10"
293.88525798674,1.07161422461555,0.246339093477535,4.35015900029394,1.36038854259386e-05,3.79419062537531e-05,"ENSG00000166928.11"
7.39839103013813,1.43783365646408,0.330552703660943,4.34978640482972,1.36270199501937e-05,3.80023970685295e-05,"ENSG00000287205.1"
2054.81496169674,1.07900795340283,0.248083581565343,4.34937268558672,1.36527518260962e-05,3.80660792401733e-05,"ENSG00000137965.11"
244.118721831349,1.83730215360002,0.42243755876142,4.34928693127324,1.3658091237529e-05,3.80728889688421e-05,"ENSG00000224559.2"
1490.15931149073,2.05032908486076,0.471492992115182,4.34858867289353,1.37016418380666e-05,3.81861895951377e-05,"ENSG00000178372.8"
15.0987850848597,2.58968346662539,0.59562841966291,4.34781716441771,1.37499150948464e-05,3.83126013307476e-05,"ENSG00000218549.2"
4.61273476100653,-1.17565669426372,0.270468939400042,-4.3467345894563,1.38179253653889e-05,3.84939427985036e-05,"ENSG00000277452.1"
18.1448861817281,-1.17885364547936,0.27130947258021,-4.34505155410983,1.39242957223158e-05,3.87697233861597e-05,"ENSG00000100678.19"
144.247095836126,1.42536830399923,0.328194608024353,4.34305826222919,1.40512850596146e-05,3.90984518851271e-05,"ENSG00000168754.15"
14.4785598731183,-1.46175952877762,0.336825596303387,-4.33981129943872,1.42605119160733e-05,3.96428657009064e-05,"ENSG00000230461.9"
5.57156521588974,2.00873116015615,0.462905736746342,4.33939569268478,1.42875061777605e-05,3.97137068925822e-05,"ENSG00000271216.2"
8.44547642204424,1.48062739138832,0.34121276401572,4.33930833642586,1.42931862881438e-05,3.97252943214097e-05,"ENSG00000230118.1"
8.35396270380158,-1.14971577636687,0.264973574227278,-4.33898278241404,1.43143735531723e-05,3.97757685243241e-05,"ENSG00000180745.5"
2569.70872786496,-1.33747985734795,0.308292887365588,-4.33834159709921,1.43561899257408e-05,3.98799902351543e-05,"ENSG00000065833.9"
9.59425942494432,1.18792488013811,0.27382027669359,4.33833788528166,1.4356432339257e-05,3.98799902351543e-05,"ENSG00000232872.2"
1768.58505639521,-1.02033637247586,0.235222686440635,-4.33774644748548,1.4395108205044e-05,3.99705286352606e-05,"ENSG00000079215.14"
5.73372743214069,1.63733459307002,0.377644532324753,4.33565020256142,1.45329896053039e-05,4.03235615735044e-05,"ENSG00000049247.14"
46.1494328777392,1.36287062883839,0.314354780400008,4.33545380510573,1.45459720599988e-05,4.03553229496525e-05,"ENSG00000251169.2"
37.854371101709,1.74438116005439,0.402532533190446,4.33351596758785,1.46746631708402e-05,4.06912437017192e-05,"ENSG00000226965.2"
4.81998667814406,-1.54577103856633,0.356721615376299,-4.33326989993506,1.46910819101191e-05,4.07321093803344e-05,"ENSG00000220884.2"
32.9904278549099,1.39881449873484,0.322810195651657,4.33324138325634,1.46929858033024e-05,4.07330913251766e-05,"ENSG00000260135.7"
1821.62636101444,1.17444784117251,0.271048435898944,4.33298143661079,1.47103517835028e-05,4.07769337985221e-05,"ENSG00000159166.15"
6.83390670817473,1.46260035303425,0.337807311945095,4.32968826107579,1.49320570235018e-05,4.13435359534101e-05,"ENSG00000253616.5"
6.98070400610172,1.32303900356751,0.305619624501989,4.3290381163298,1.49762014400353e-05,4.14526620313699e-05,"ENSG00000179088.15"
1141.35229174352,-1.06850735410157,0.246880890134163,-4.32802779316336,1.50450487694486e-05,4.16276364837787e-05,"ENSG00000110079.18"
2.87469495277695,-1.97099022272558,0.455402554344486,-4.32801749555984,1.50457520391073e-05,4.16276364837787e-05,"ENSG00000282375.1"
54.3008493422919,-1.85045144387722,0.427561578401956,-4.32791798269954,1.50525498351159e-05,4.16420608216173e-05,"ENSG00000179826.7"
7.98611477834534,-3.10848882430065,0.718441946163741,-4.32670842912086,1.51354097859367e-05,4.18624761458024e-05,"ENSG00000288638.1"
8.24943089168634,-1.02915768400506,0.237915388738167,-4.32572978765019,1.52027692963663e-05,4.20399356323717e-05,"ENSG00000271551.2"
279.413014702516,1.45438509334391,0.336383121896454,4.32359710898814,1.53505522055448e-05,4.24173585124622e-05,"ENSG00000198944.6"
7.64507495415774,1.54502737264313,0.357383436414871,4.32316446487343,1.53806987056585e-05,4.24961930809974e-05,"ENSG00000211804.3"
14.7221462488502,-1.61620755752546,0.373868720611718,-4.32292799162509,1.53971999321088e-05,4.25328431965894e-05,"ENSG00000104371.5"
4.15235884717976,-1.53180003692976,0.354463027242098,-4.32146632851371,1.54995707344796e-05,4.27886479555783e-05,"ENSG00000271369.1"
18.0864158843721,1.75326614211623,0.40578194004783,4.32071013783801,1.55527865772713e-05,4.29265402076025e-05,"ENSG00000233823.1"
32.3739084819334,1.9714821304479,0.456312308626603,4.32046669173053,1.55699557834102e-05,4.29694159818514e-05,"ENSG00000232044.7"
4.63471261653295,5.08991271223977,1.17812670289235,4.3203440680394,1.55786107459304e-05,4.29887879103447e-05,"ENSG00000270372.1"
73.9480111148145,1.81358471571049,0.419781936776788,4.32030193970647,1.55815852847381e-05,4.29924824295671e-05,"ENSG00000196353.11"
98.8452120448688,1.325100642513,0.30688227162197,4.3179445834698,1.57488957518969e-05,4.34176605771824e-05,"ENSG00000147697.9"
59.9155289351027,1.48947047611919,0.344958963096548,4.31781932189515,1.57578337872629e-05,4.34331903591042e-05,"ENSG00000230393.1"
38.3544315788892,1.5388285322512,0.356484120867412,4.31668184408005,1.58392201094279e-05,4.36529371244838e-05,"ENSG00000172232.10"
45.416334093405,1.33832118685827,0.310191923937541,4.31449397479398,1.59968896551283e-05,4.40736108695379e-05,"ENSG00000255815.3"
332.734491212535,1.26909312182753,0.294152020856692,4.31441238490017,1.60027982982493e-05,4.40852688891295e-05,"ENSG00000167549.18"
180.903798538228,1.35068737911661,0.313297814742511,4.31119310623565,1.62376021193439e-05,4.46806044917122e-05,"ENSG00000133328.4"
194.133231051525,1.35863029941132,0.315251119560509,4.30967636627391,1.63493628611267e-05,4.49693023693862e-05,"ENSG00000232815.1"
2635.51201141764,1.23046800469786,0.285530911064563,4.30940384041164,1.63695214319015e-05,4.5020037806435e-05,"ENSG00000124466.9"
4.66553446023579,-1.24064184290279,0.287919257114062,-4.30899223392793,1.64000126266411e-05,4.50944588219097e-05,"ENSG00000285215.2"
9.90777111436176,-1.73441547588914,0.402547378182413,-4.30859960812661,1.6429148200397e-05,4.51698463702127e-05,"ENSG00000230435.1"
11.7878287835335,-2.24626571433523,0.521433864663906,-4.3078631185243,1.64839339820479e-05,4.53062554411948e-05,"ENSG00000283342.1"
9.4204678749694,-1.4673751395991,0.340665234223423,-4.30738153526031,1.65198519684115e-05,4.53954823980897e-05,"ENSG00000159339.13"
94.9362808893409,-1.53387750094197,0.356114388721288,-4.30726067107178,1.65288781001842e-05,4.54155375272048e-05,"ENSG00000160339.16"
21.8265875049251,-1.19848244504792,0.278282547263626,-4.3067107759099,1.65700036172307e-05,4.55237770539659e-05,"ENSG00000248810.2"
6.11976904204396,1.5328439657589,0.356024288462374,4.30544773329669,1.66648335096433e-05,4.57651743775431e-05,"ENSG00000177699.4"
24.9027874017157,-1.13393365441479,0.263456247485175,-4.30406819059624,1.67690012104054e-05,4.60320029048874e-05,"ENSG00000285804.2"
16.4708682844969,2.53874009419426,0.590007150070943,4.30289716639706,1.68579105659857e-05,4.62664615567332e-05,"ENSG00000183072.10"
8.8761929140968,1.09181240276776,0.253783607368497,4.30213918892892,1.69156988855027e-05,4.64201534251986e-05,"ENSG00000214146.3"
310.017541713901,1.65553873410244,0.385123286161037,4.29872405432837,1.71784188121931e-05,4.71214318576167e-05,"ENSG00000204434.6"
13.7767574968431,-1.20072532285161,0.27939059401041,-4.29765836285407,1.72611933135666e-05,4.73386065373313e-05,"ENSG00000248576.1"
68.6631724039229,1.19956328673113,0.279278578445381,4.29522125688466,1.74519192030142e-05,4.78217519111786e-05,"ENSG00000184925.12"
57.5865118385417,-1.29778213215231,0.302274508529048,-4.29338927211454,1.7596609090466e-05,4.81931096523713e-05,"ENSG00000180525.13"
5.11916770851655,-1.27040895208399,0.295960851297848,-4.29248985638807,1.76680624428341e-05,4.83736826299429e-05,"ENSG00000259244.1"
806.733610682483,-1.52368074007881,0.355110313274443,-4.29072511589166,1.78090649554252e-05,4.87292799592333e-05,"ENSG00000183569.18"
7.43785810172583,1.43028996424018,0.333421319111358,4.28973758502371,1.7888435701924e-05,4.89311732739484e-05,"ENSG00000211728.2"
315.332668803646,1.04892395468325,0.244694081018091,4.28667481583137,1.81367485076158e-05,4.95742822144523e-05,"ENSG00000018280.17"
4.70564787855173,-1.08833487316047,0.253920425720564,-4.28612574223613,1.81816101416808e-05,4.96865711129067e-05,"ENSG00000223774.5"
2043.06591808216,-1.00162660544913,0.23370856374051,-4.28579333772832,1.82088203454474e-05,4.97557577668927e-05,"ENSG00000111058.8"
69.9595140174766,-1.00216953071562,0.233902955013057,-4.28455267125496,1.83107227149749e-05,5.00186069258365e-05,"ENSG00000196376.11"
31.8939736359031,1.43832755601126,0.335790473945229,4.28340786179022,1.84052335900215e-05,5.02611074992337e-05,"ENSG00000256039.2"
1200.47504073231,-1.03614085975264,0.241909210950892,-4.28318068452126,1.84240436095529e-05,5.03072472712953e-05,"ENSG00000180155.20"
6.96586969302868,-1.07282649678235,0.250507651103971,-4.28260970095913,1.84714012878682e-05,5.04260813720739e-05,"ENSG00000267336.1"
29.9734078613164,1.60754857356262,0.375507937145227,4.28099758898279,1.86057374003105e-05,5.077171945907e-05,"ENSG00000107295.10"
4.2885202465501,-1.63847104456692,0.382751361499395,-4.28077130319889,1.86246679475589e-05,5.08128266902261e-05,"ENSG00000288580.1"
40.0755326648466,-1.33148283819296,0.311118226261774,-4.27966838906009,1.87171981414311e-05,5.10334892063666e-05,"ENSG00000225383.8"
4.07356730990663,-1.77545696672439,0.414967021896599,-4.27854955463618,1.88115113040431e-05,5.12800003231144e-05,"ENSG00000253406.1"
544.15904442801,-1.78271803351314,0.416843036571099,-4.27671300012005,1.89673074248225e-05,5.16832581747912e-05,"ENSG00000187527.11"
5.6445754189512,-1.4235036395068,0.332866337338162,-4.27650224678818,1.89852641729081e-05,5.17214638806714e-05,"ENSG00000287276.1"
24.8419800135021,1.61398048062178,0.377426399763117,4.27627871721415,1.90043271849007e-05,5.17680314776589e-05,"ENSG00000271856.1"
3.46865168563535,1.31366480198256,0.307396287938998,4.2735220089686,1.92409282424606e-05,5.23745399673606e-05,"ENSG00000266445.1"
11.360687744279,-1.43068205136825,0.335054639639189,-4.26999623974438,1.95476263077275e-05,5.31653362864559e-05,"ENSG00000170074.19"
6.06713554807293,-1.1889423956545,0.278451165754406,-4.2698416881585,1.95611763259735e-05,5.31966847958498e-05,"ENSG00000265033.2"
5.00150819571265,1.31310144880649,0.307659031506247,4.26804128706303,1.97196835690868e-05,5.36166507634093e-05,"ENSG00000259954.1"
15.9085338143689,-1.48902324217804,0.349109497590452,-4.26520404759896,1.99719591444032e-05,5.42688901221435e-05,"ENSG00000124557.12"
15.9308607317867,1.23609564848879,0.289896227883189,4.26392456885248,2.00867278415556e-05,5.45638233347921e-05,"ENSG00000251179.1"
403.021115638032,-1.16877199674072,0.274200762901357,-4.26246807037943,2.02181394626417e-05,5.49085655173848e-05,"ENSG00000050555.19"
8.64528513246498,1.01625753192052,0.238421066916193,4.26244855400192,2.02199058607049e-05,5.49085655173848e-05,"ENSG00000280426.1"
10.864838657266,-1.48033123580032,0.347324668451239,-4.2620964482635,2.02517996756393e-05,5.49894940779447e-05,"ENSG00000248464.1"
41.2766918993882,2.08140118771813,0.488377747845356,4.26186736988107,2.02725753602461e-05,5.50402200979971e-05,"ENSG00000179455.10"
3.83808781095523,-1.51427676108237,0.355410360913099,-4.26064326653836,2.03839367241205e-05,5.53197101555791e-05,"ENSG00000204928.2"
15.2531350145807,2.7106248368109,0.636330826781807,4.25977293999674,2.04634676859199e-05,5.5529814645542e-05,"ENSG00000103355.13"
904.693658423271,1.53663785424753,0.360769778443937,4.25933086988416,2.05039773816311e-05,5.56339982965617e-05,"ENSG00000136457.10"
91.7947292532016,1.28764001396706,0.30231690373175,4.25923922239426,2.05123851742315e-05,5.56510664656792e-05,"ENSG00000132821.12"
9.91284073431514,-1.36753317113311,0.321139344964885,-4.25837940001602,2.05914257952647e-05,5.58597415215953e-05,"ENSG00000267203.1"
255.798333596807,1.80048309401408,0.422950044236074,4.25696395721174,2.07221747347247e-05,5.6197032679272e-05,"ENSG00000171124.13"
9.34036874378458,1.2700784185136,0.298375255327674,4.25664794863371,2.07514731930001e-05,5.62590738942562e-05,"ENSG00000259362.2"
4.2809598439379,-2.94532173029851,0.692013078628116,-4.25616483453965,2.07963409420621e-05,5.63748994761923e-05,"ENSG00000237650.2"
50.3545248113147,-1.46693830542549,0.344710580917085,-4.2555650642425,2.08521712956692e-05,5.65145875784049e-05,"ENSG00000143768.13"
5.50176215682533,-1.60503626814986,0.37723827970104,-4.25470148316295,2.09328095098894e-05,5.67097469756682e-05,"ENSG00000287870.1"
17.2218036559152,1.11414105926673,0.261967991196194,4.25296638027933,2.10957257983188e-05,5.71393298519178e-05,"ENSG00000241269.1"
16.6446582609052,2.53255955393801,0.595492637624924,4.25288138580341,2.11037372294986e-05,5.71551395507617e-05,"ENSG00000108688.11"
94.14026831579,-1.21146821796739,0.284917848627886,-4.25199131539708,2.11878078865061e-05,5.73710046861982e-05,"ENSG00000211829.9"
1593.19181235042,1.04959419791057,0.246966100454213,4.24995250757162,2.1381584555186e-05,5.78480255737012e-05,"ENSG00000076864.19"
14.5373306588509,1.16665412879349,0.274637525469844,4.2479778639048,2.15708702263195e-05,5.83181190113745e-05,"ENSG00000258867.6"
30.999526233333,1.16378980116492,0.273976366187622,4.24777442433829,2.15904619473023e-05,5.83650829808591e-05,"ENSG00000285128.1"
11.7944077806816,1.20664040879884,0.284227477554665,4.24533341807801,2.18268615694928e-05,5.89798734956873e-05,"ENSG00000240668.1"
89.8502595186076,-1.22680522454442,0.289047497401853,-4.24430322203702,2.19273686108133e-05,5.92453697128511e-05,"ENSG00000178789.9"
464.01180939251,1.50372892549577,0.3543530544273,4.24358956895707,2.19972514941204e-05,5.93975506751039e-05,"ENSG00000259459.6"
274.571167030289,-1.20856811543756,0.284801667297763,-4.24354297818765,2.20018211550585e-05,5.94037870816185e-05,"ENSG00000175592.9"
4.82896684004268,1.61030330334999,0.379531273373093,4.24287381916748,2.20675525862927e-05,5.95651702102413e-05,"ENSG00000277883.1"
4.74900531370928,1.42010516119192,0.334761158316723,4.24214436445562,2.2139419780518e-05,5.97507454062156e-05,"ENSG00000143340.6"
1558.83036764835,1.16136124712077,0.273910810357115,4.239924833951,2.23594645768436e-05,6.03136460322001e-05,"ENSG00000163141.20"
17644.1170239046,-1.13755253873741,0.268390723081213,-4.23841973998929,2.25098626044497e-05,6.07068775595482e-05,"ENSG00000163520.14"
15.0126856401548,-1.26417494922594,0.298272652329928,-4.2383200047036,2.25198626923096e-05,6.07276157796928e-05,"ENSG00000276476.3"
5313.50392972322,-1.05132334601337,0.248113388131969,-4.23726971740106,2.26254281371496e-05,6.09997695309098e-05,"ENSG00000100504.17"
3.66466828568872,-1.24275601001788,0.293412798896262,-4.23552079082024,2.28022603278988e-05,6.14387094268061e-05,"ENSG00000274093.1"
423.830448952531,-1.41006343757123,0.332977354272834,-4.23471271988021,2.28844070771776e-05,6.16474075654952e-05,"ENSG00000173114.13"
67.5906106252248,1.60439626199567,0.37889652356736,4.23439161407467,2.29171281288483e-05,6.17292268639731e-05,"ENSG00000165061.15"
12.9570033811028,-1.08868636885064,0.257235729721656,-4.23225175611749,2.31363217908932e-05,6.23068731508028e-05,"ENSG00000237742.7"
3.28076597518211,-1.83743414769412,0.434186724596874,-4.23189849804852,2.31726986537606e-05,6.23856613147027e-05,"ENSG00000068781.21"
6.44495036119221,-1.01176518377914,0.239125343838514,-4.23110811902235,2.32542854021563e-05,6.25860779756581e-05,"ENSG00000287575.1"
18.4852965556108,-1.22570271617293,0.28972142770968,-4.23062500368858,2.33042894306523e-05,6.2707815662906e-05,"ENSG00000254506.1"
7.97292585698589,1.68659501358564,0.398786379840454,4.22931950248754,2.3439925427415e-05,6.30598771682883e-05,"ENSG00000130643.9"
7.92534978358284,1.10979529257745,0.262408935241894,4.22925877716173,2.34462527770853e-05,6.30704439661151e-05,"ENSG00000265683.1"
9.54446781647336,-1.78867848003884,0.423055235075077,-4.2280022364489,2.35775449035621e-05,6.34106405653562e-05,"ENSG00000163421.9"
18976.6415111383,-1.74340280671332,0.412552343259323,-4.22589481116449,2.37993152504978e-05,6.39547287643476e-05,"ENSG00000171346.16"
3.52356575261729,-1.28530940565375,0.304186203341168,-4.22540335996822,2.3851316702326e-05,6.40748168646706e-05,"ENSG00000259048.1"
507.907385373429,1.43857754474744,0.340498979795347,4.22491000005958,2.39036288470823e-05,6.42022256914686e-05,"ENSG00000170579.17"
34.2036240039018,-1.0670076088525,0.252697280666052,-4.22247364926174,2.41635656148311e-05,6.48606166891565e-05,"ENSG00000183775.11"
47.2382406578636,1.44193952415593,0.341593907198235,4.2212097281909,2.42994718978362e-05,6.52121012214341e-05,"ENSG00000167476.10"
6.75933965786863,3.5483504125915,0.840636426423381,4.22102861719722,2.43190057795642e-05,6.52578609402823e-05,"ENSG00000148704.13"
10.8577874880208,-1.09823062280425,0.26019346478398,-4.22082323903115,2.43411750940618e-05,6.53106825410699e-05,"ENSG00000275155.1"
9.74760951292208,1.04747906491027,0.248194671002896,4.220393051461,2.43876735367447e-05,6.54154108827226e-05,"ENSG00000245768.7"
33.7900940040639,-1.12018349821826,0.265425037055649,-4.22033848292693,2.43935778181027e-05,6.5424571364389e-05,"ENSG00000151948.12"
7.60621243755532,-1.0164891495375,0.240980306235006,-4.21814199433462,2.46323687669407e-05,6.60313289821794e-05,"ENSG00000223345.3"
50.7055336518224,-1.3631634231201,0.323298020438307,-4.21642984782896,2.48200450979026e-05,6.6527642805759e-05,"ENSG00000165023.7"
33.6447911053578,1.15724342530709,0.274625335985008,4.21389898771126,2.50999576830045e-05,6.72504880469001e-05,"ENSG00000282939.1"
4.97417589264096,-1.05439099285611,0.250286341357216,-4.21273884598943,2.52292704692226e-05,6.75694054425359e-05,"ENSG00000249931.4"
4.96906458669282,-1.32884358773502,0.315543834249298,-4.21128047358757,2.53927240470632e-05,6.79794620954378e-05,"ENSG00000270972.1"
582.012879479332,1.76794192490769,0.420009174780022,4.20929358467859,2.56170350681706e-05,6.85520413084705e-05,"ENSG00000280411.1"
3.97935588179951,-1.10955678239804,0.263614418585976,-4.20901401505156,2.5648748093802e-05,6.86159485900755e-05,"ENSG00000231794.5"
225.976463841295,1.11060589477479,0.263913724084646,4.20821576682608,2.57395031628187e-05,6.88447238355069e-05,"ENSG00000138311.18"
48.9816790820692,1.89132286699738,0.449456965708289,4.20801769979666,2.57620692054721e-05,6.88980694949764e-05,"ENSG00000100604.13"
4.60538644169585,-1.52413354332884,0.362519541912182,-4.20427967907465,2.6191491917707e-05,6.99682054644793e-05,"ENSG00000248491.6"
25.3332195373149,-1.19879090296596,0.285202272291559,-4.20330067265539,2.63050798044991e-05,7.02502253181725e-05,"ENSG00000287860.1"
8.05632492399906,-1.20865737050072,0.287779258283207,-4.19994608962146,2.66978540375476e-05,7.12051137009539e-05,"ENSG00000275005.1"
27.3761466743983,-1.04032204109392,0.247728000557644,-4.19945278189029,2.67560816451764e-05,7.13386944574779e-05,"ENSG00000148483.9"
318.222547989091,-1.05471963909158,0.251164650918248,-4.19931560924503,2.6772294273185e-05,7.13746812735972e-05,"ENSG00000197291.9"
201.490753670499,2.05978810738168,0.490579069018749,4.1986873013185,2.68466743383295e-05,7.15439509590037e-05,"ENSG00000130720.13"
10.2153528593671,-1.01894606089745,0.242849720946498,-4.19578847744253,2.71923936362442e-05,7.23991971571152e-05,"ENSG00000235225.1"
11.4568952836555,1.32839865872498,0.316620317831976,4.19555721446132,2.72201560798523e-05,7.24612283236307e-05,"ENSG00000201684.1"
4.71167775396551,-1.09231500604578,0.260357196152226,-4.19544772408412,2.72333094776866e-05,7.24861069682547e-05,"ENSG00000100249.4"
1066.10447119085,-1.59694186385281,0.380652572461913,-4.19527406192058,2.72541844148166e-05,7.25343239326691e-05,"ENSG00000129151.9"
4.1837206315886,1.60266065187887,0.382065714745446,4.19472512195096,2.73202694574366e-05,7.26954811114865e-05,"ENSG00000278908.1"
3.42178380988068,-1.24907762042262,0.297906339195807,-4.19285344445668,2.75467417106693e-05,7.32758383891541e-05,"ENSG00000229996.1"
19.8372815277893,1.11259816876159,0.265392411534106,4.192275741157,2.76170033261151e-05,7.34404406539468e-05,"ENSG00000271857.1"
4.69685384754326,1.60126557962384,0.381979020596486,4.1920249366663,2.76475597657025e-05,7.35142600790818e-05,"ENSG00000228590.2"
49.6537416971135,1.62955560519359,0.388833127890748,4.19088675399965,2.77866331705647e-05,7.38765796333322e-05,"ENSG00000180178.11"
251.500866588198,-1.08413649478388,0.258771465992272,-4.18955193002717,2.79505814149218e-05,7.42824147532665e-05,"ENSG00000144681.10"
7.95266459068474,1.15702573073208,0.276411966054822,4.18587424866621,2.84070594368278e-05,7.54116907623049e-05,"ENSG00000273289.1"
103.032929957873,-1.42868991212338,0.341414894729959,-4.18461506564731,2.85649728696404e-05,7.58079308264972e-05,"ENSG00000183117.19"
1147.04021866764,1.02829278687509,0.245745073524705,4.1843882041107,2.85935120204178e-05,7.58683494795741e-05,"ENSG00000157992.12"
3.85119088793576,1.19901095439342,0.2867256594319,4.18173579849486,2.89292017118633e-05,7.67125845232663e-05,"ENSG00000207751.3"
92.4121207209892,1.61470355101737,0.386158018975226,4.18145803446583,2.89645715536518e-05,7.67908814521066e-05,"ENSG00000264589.4"
4.14229894174116,-1.9909112129058,0.476165538758275,-4.18113250718987,2.90060757767496e-05,7.68931614438815e-05,"ENSG00000283473.4"
16.3993446667182,1.54294670494034,0.369176599101349,4.17942715951169,2.92244304027455e-05,7.74407630512917e-05,"ENSG00000178772.7"
510.803823916198,1.6434397810731,0.393294923253127,4.17864478768105,2.93251281698999e-05,7.76997650017792e-05,"ENSG00000100033.16"
27.5075579903,1.56278213643889,0.374219853955529,4.1761069593721,2.96540426389226e-05,7.85554179320139e-05,"ENSG00000137270.11"
10.2390390890144,-1.13301950006247,0.271450439619114,-4.17394608626262,2.99368628859478e-05,7.92566986396306e-05,"ENSG00000260581.1"
17.1259153668771,-1.66433760463861,0.398792465975504,-4.17344294749251,3.00030818677747e-05,7.93920269619037e-05,"ENSG00000196071.5"
13.3084827862676,1.38621212834379,0.332222422745942,4.17254234944841,3.01219589093727e-05,7.9690545342119e-05,"ENSG00000105641.4"
206.078047472288,2.44568320057044,0.586381038580115,4.17080880802781,3.03520439706397e-05,8.02588655658243e-05,"ENSG00000173335.5"
11.9033930750589,-1.02511966076514,0.245887440946018,-4.16906067597894,3.05857563550721e-05,8.08362011097753e-05,"ENSG00000258100.3"
3.19538559463479,-1.44758960556086,0.347257224757727,-4.16863783488108,3.06425434128881e-05,8.0978143079062e-05,"ENSG00000221858.3"
2160.70538037071,1.10087351696259,0.264446955753737,4.16292754751074,3.14193085678946e-05,8.29641457101208e-05,"ENSG00000167183.3"
63.7872976816921,-1.0234785688382,0.245905765012477,-4.16207634980119,3.15366863465626e-05,8.32489970807524e-05,"ENSG00000103184.12"
12.0919796988184,-1.50431818848695,0.361461104424375,-4.16177057523953,3.15789534311003e-05,8.33522004401527e-05,"ENSG00000145107.16"
5.8385770441823,1.07638215356559,0.258678899448274,4.16107442803168,3.16753824112857e-05,8.35899348693005e-05,"ENSG00000216624.3"
25.2010392214269,-1.20602100840443,0.289984367904527,-4.15891731378257,3.19759614899626e-05,8.43492745686649e-05,"ENSG00000005981.13"
49.908963214887,-1.03457237268173,0.24878099118786,-4.15856680907145,3.20250571377211e-05,8.44533562564324e-05,"ENSG00000158955.11"
6.62885007166894,1.72501064773231,0.414865979187328,4.15799495324103,3.21053115000623e-05,8.46395193046777e-05,"ENSG00000169064.13"
30.7047787561119,1.17531102760467,0.282722614854471,4.15711713832886,3.22288760977486e-05,8.49567525176236e-05,"ENSG00000273350.1"
4.85422014569046,-1.8999183975783,0.457209555875508,-4.15546519787881,3.2462635770032e-05,8.55129202825736e-05,"ENSG00000224821.5"
5.13121808216919,-1.14009265846797,0.274407469842023,-4.15474352474562,3.25652616831003e-05,8.57574730065733e-05,"ENSG00000241111.1"
6.45224287692058,-1.42229441131084,0.342788578258328,-4.14918845469522,3.33656046370594e-05,8.77508057114739e-05,"ENSG00000274642.1"
7.6325083656267,-1.53102863623162,0.369155230152636,-4.14738438244144,3.36295198189823e-05,8.84095117945719e-05,"ENSG00000075673.12"
3.65064117759642,-1.09807404129413,0.264908401687334,-4.14510840086592,3.39652992707797e-05,8.92476183178221e-05,"ENSG00000286627.1"
10798.8688606747,1.39157727349985,0.335801171813784,4.14405127291079,3.41223399226571e-05,8.96423370841699e-05,"ENSG00000003989.18"
11.0085073357427,1.50636735462534,0.363505037681283,4.14400681826619,3.4128958927344e-05,8.96507651855197e-05,"ENSG00000169085.13"
8.94832024800187,1.00131476467555,0.241985511473284,4.13791205340862,3.50480652923662e-05,9.1936461890674e-05,"ENSG00000162779.22"
18.2597726767972,-1.00256938191833,0.242369202392116,-4.13653786051714,3.52585202962358e-05,9.24516108805129e-05,"ENSG00000231742.6"
6.55318966477739,1.19189469493965,0.288151779299885,4.13634334598095,3.52884066032504e-05,9.25207460508563e-05,"ENSG00000286264.2"
4.20105199067081,-1.12367111528605,0.271669050126371,-4.13617640567946,3.53140754312443e-05,9.25695780028748e-05,"ENSG00000287167.1"
3.56657642764643,-1.08111615617702,0.261549998047879,-4.13349709136343,3.57284819664923e-05,9.36091925844582e-05,"ENSG00000221643.1"
4.85270137408802,-1.60423350351651,0.388182646072159,-4.13267702652093,3.58562406848139e-05,9.39345589713594e-05,"ENSG00000288235.1"
4.54383079028483,1.39458484310367,0.337464327222967,4.13254003639398,3.58776247528178e-05,9.39812127768651e-05,"ENSG00000231705.1"
4.48523352996232,-1.7743975483062,0.429516039115258,-4.13115550227463,3.60944303749768e-05,9.45302917472989e-05,"ENSG00000250685.7"
2369.96120470521,-1.11131768021059,0.269069293390012,-4.13022856011946,3.62402758012456e-05,9.48461026744937e-05,"ENSG00000046653.15"
12.1991286138522,1.31193449750379,0.317707189008848,4.12938247194418,3.63738879492822e-05,9.51768313448414e-05,"ENSG00000168621.15"
5.15299359081001,-1.24233301278018,0.301057453057963,-4.12656454826578,3.68222684445926e-05,9.63021396813603e-05,"ENSG00000255462.1"
3938.30051664559,-1.43799152037964,0.348607329789844,-4.12496065773064,3.70798134947019e-05,9.6956408465454e-05,"ENSG00000131746.13"
3.26693659837289,-1.42430971450341,0.345338101716807,-4.12439203036859,3.71715308836866e-05,9.71865629908304e-05,"ENSG00000105675.9"
4.27211035764115,1.4088423970702,0.341934486629421,4.12021147956644,3.78524802701358e-05,9.88882408727014e-05,"ENSG00000285868.1"
8.72464673167432,1.6979372747011,0.41265886060818,4.11462696377987,3.87806059382724e-05,0.00010123244080659,"ENSG00000166736.11"
50.7253283193698,1.14256367451269,0.277709373357954,4.11424238475374,3.88453101941202e-05,0.000101381197103898,"ENSG00000163075.13"
5.10350792701323,-1.16467977555829,0.28313026909892,-4.11358269557316,3.89565396020447e-05,0.000101651314097105,"ENSG00000205177.6"
4.89975910030793,1.47948942925288,0.359755469197694,4.11248627450294,3.91420748663284e-05,0.000102084768385253,"ENSG00000230836.1"
23.001028903765,1.74789164249222,0.42506426722368,4.11206440359861,3.9213686616251e-05,0.00010226138892961,"ENSG00000162365.12"
6.80551991819481,1.40819634892698,0.342460560319795,4.11199569261926,3.92253619381347e-05,0.000102281687815668,"ENSG00000236182.1"
7.32675815757557,-1.05490315978835,0.25661428879598,-4.11085121073303,3.94203173172427e-05,0.000102779845289793,"ENSG00000286957.1"
3.03045485647621,-1.43099760618289,0.348135029809134,-4.1104671568599,3.94859443305046e-05,0.000102921335766121,"ENSG00000287021.1"
4.52591924694984,1.26440980329538,0.307709165667367,4.10910672924903,3.97192489879453e-05,0.000103487385051463,"ENSG00000261670.1"
3.98586015018102,1.2834294139579,0.312603852688403,4.1056097131253,4.0324983373448e-05,0.000104982355684202,"ENSG00000275468.1"
88.1559415570041,-1.05285863724225,0.256483823748156,-4.10497091729288,4.04365748645085e-05,0.000105252023543151,"ENSG00000102230.14"
13.7385467634788,1.03783093643116,0.252903089182144,4.10367046044148,4.06646583645676e-05,0.000105814263979239,"ENSG00000278071.1"
200.579646809576,-1.77770909747085,0.433245303144748,-4.10323916858924,4.07405706362842e-05,0.000105980320526929,"ENSG00000111249.14"
856.172600325924,1.19700535168602,0.291840412024076,4.10157504707494,4.10347372610877e-05,0.000106703307693948,"ENSG00000172602.11"
110.79408185173,1.09117783938845,0.266145842731909,4.09992441808531,4.13285090498775e-05,0.000107435321122241,"ENSG00000204950.4"
21.0401770797878,-1.09270720482541,0.266567038500351,-4.09918349610197,4.14610230496417e-05,0.000107737175465821,"ENSG00000286186.1"
7.55844786890333,-1.02085093121996,0.249041241101059,-4.0991240113749,4.14716793656835e-05,0.000107743562365091,"ENSG00000279168.2"
4.21167125614126,1.28495507344713,0.313760569029801,4.09533638156134,4.21555860249661e-05,0.000109444628909542,"ENSG00000211798.3"
263.758530396846,2.5126149705099,0.613726365068731,4.09403133630818,4.23936977719884e-05,0.000109997626084792,"ENSG00000162670.11"
6.36275007199123,1.07972894424643,0.263734299045019,4.09400274502073,4.23989286450584e-05,0.000110000339601887,"ENSG00000168282.6"
6.08332649484698,-1.03085160923334,0.251869968871266,-4.09279285598442,4.26208440032162e-05,0.000110559457815262,"ENSG00000280560.2"
205.257154068194,1.3795186477748,0.337147300208964,4.09173867600236,4.28150974204835e-05,0.000111014306066882,"ENSG00000277075.2"
16.8099145169437,-1.066070359271,0.260566204525301,-4.09136081639279,4.28849297503101e-05,0.000111173438559735,"ENSG00000202058.1"
9.87823514543329,1.68094053143217,0.411101570107247,4.08886915949665,4.33481260215084e-05,0.000112296682865102,"ENSG00000171872.5"
47.0968315006893,-1.23301991434179,0.30171097299373,-4.08675860247023,4.37441848926098e-05,0.000113266885599188,"ENSG00000250602.6"
6.56677775881458,-1.17261683304003,0.28696971844301,-4.08620407547603,4.3848813263624e-05,0.000113493078071993,"ENSG00000140274.14"
10.7680696993853,-1.06532555491906,0.260755606555409,-4.08553269090568,4.39758080586654e-05,0.000113788160958256,"ENSG00000261996.1"
33.2662916763789,1.14314840900635,0.279847891712417,4.08489198189526,4.40973257269143e-05,0.000114091358342968,"ENSG00000288585.1"
15.25738135584,1.67535617043946,0.410523331630844,4.08102546518841,4.48374417957065e-05,0.000115880759110949,"ENSG00000270930.1"
4.22297578930319,-1.84135390553866,0.451251901945246,-4.08054547271933,4.49301381801598e-05,0.000116108912784124,"ENSG00000235263.1"
4.81719829128221,3.27960289536653,0.803818811359365,4.0800275497662,4.50303635738297e-05,0.00011634503845223,"ENSG00000286868.1"
39.8669900544531,-1.1313326342693,0.277813265297619,-4.07227722930118,4.65557199145919e-05,0.000120097216825511,"ENSG00000176697.20"
9.15279756337544,-1.32643728548894,0.326003095337368,-4.06878739637811,4.72584439859115e-05,0.000121814351449024,"ENSG00000122548.5"
216.429382225541,1.82920291735456,0.449650602022682,4.06805397151963,4.74074022252883e-05,0.000122138419926434,"ENSG00000198535.5"
4091.84155540087,1.04388216884813,0.256795595052121,4.06503144509258,4.80259864554229e-05,0.000123647274757012,"ENSG00000143375.15"
12.1636612068064,-1.31835116937054,0.324488682881011,-4.06285716242984,4.84756948719403e-05,0.000124756209146586,"ENSG00000131355.15"
70.5804620081002,-1.53383766114289,0.377966986141196,-4.05812601995324,4.94680731670784e-05,0.000127222977996428,"ENSG00000260230.5"
10.9517840898064,1.33767017023713,0.329660942563434,4.05771505667444,4.95551776500751e-05,0.000127422059220756,"ENSG00000235027.1"
5.58749094465148,-1.08170899566581,0.266591088727298,-4.05755871597162,4.95883525316223e-05,0.000127494889752632,"ENSG00000264017.2"
5.45384075928364,-1.06069889843096,0.2614776413704,-4.0565567781316,4.98014600960062e-05,0.000127992722906368,"ENSG00000200356.1"
11.1659331312614,1.03910529252529,0.256215750746076,4.05558709602946,5.00085334381451e-05,0.000128462108374531,"ENSG00000280424.1"
10.2695401179747,1.11866323768194,0.27591327202947,4.05440169461098,5.02627818537947e-05,0.000129077377454337,"ENSG00000250548.7"
16.6757806940015,1.05513027189129,0.260323220814091,4.05315464594996,5.0531574746328e-05,0.000129729625965275,"ENSG00000275549.1"
4.69867087166106,1.03403728542191,0.255232580250909,4.05135302242916,5.09223094947178e-05,0.000130719990502897,"ENSG00000255966.1"
36.5660034974908,1.08247379035922,0.267395482502951,4.04821270810838,5.16102331066596e-05,0.000132369571328595,"ENSG00000211747.3"
3077.84328938662,1.08692196944429,0.26851250054103,4.04793805597218,5.16708159756395e-05,0.000132499095327191,"ENSG00000115255.12"
4.83102246915687,2.8579526078141,0.706313552095313,4.04629445284724,5.20347733681846e-05,0.000133393346650674,"ENSG00000278041.1"
407.313674755442,1.10845937394932,0.273979826197789,4.04577004567158,5.21514077449349e-05,0.000133666270226023,"ENSG00000197261.11"
228.922421202433,-1.14626804084077,0.283516007668417,-4.04304522438599,5.27614390281358e-05,0.000135177079970321,"ENSG00000129048.7"
3.565910475325,-1.70653547657046,0.422329800167137,-4.040765003784,5.32771240961597e-05,0.000136418502654015,"ENSG00000207251.1"
7.14794516944619,-1.04596776698766,0.25898623762655,-4.03870018952864,5.37482109470773e-05,0.000137597932846302,"ENSG00000205693.4"
3.77851522888694,-1.24380590141343,0.308154206069665,-4.03630999322542,5.42984620165871e-05,0.00013893893843886,"ENSG00000167046.4"
220.380696371243,1.43556612762912,0.355764358935144,4.03516004786422,5.45650904086253e-05,0.000139566838877025,"ENSG00000257335.8"
7.42144554383932,1.37712199902306,0.34148809804852,4.03270862701458,5.51376276050262e-05,0.000140935272193962,"ENSG00000254777.5"
21.3525948582121,-1.05774323051818,0.262334401016916,-4.03204164767538,5.52943848901926e-05,0.000141322210468088,"ENSG00000172955.17"
433.077471618478,1.46717303038913,0.363916032022607,4.03162515878936,5.53924845126411e-05,0.000141545407634674,"ENSG00000163362.11"
626.21124863792,1.13795098785732,0.282267643496474,4.03146097002625,5.54312027587218e-05,0.000141616809225335,"ENSG00000248360.7"
186.179333838878,1.00551074555564,0.249423750604015,4.0313352001189,5.54608785849173e-05,0.000141678854380986,"ENSG00000088340.17"
174.774149531527,1.67024784453011,0.41466412732821,4.02795355193119,5.62644554050282e-05,0.000143619981146524,"ENSG00000161031.13"
7.67075781032662,1.05163787224801,0.261121172960546,4.02739410337632,5.63984550926814e-05,0.000143948047548654,"ENSG00000254340.2"
1105.24845489119,-1.681283984562,0.417563386297828,-4.02641620346192,5.66334089876068e-05,0.000144519662313617,"ENSG00000171243.8"
3.23288962567919,1.32107639276725,0.32811341350826,4.02627975077889,5.66662672368444e-05,0.000144589473648502,"ENSG00000272948.2"
9.91764980825934,-1.58567707540064,0.393857107814135,-4.02602122429878,5.67285707752742e-05,0.000144734396646992,"ENSG00000243384.1"
5.24027980599527,1.496602617631,0.372152869867133,4.02147273018564,5.78354044199754e-05,0.000147429518938477,"ENSG00000136918.8"
45.6082629209705,1.20741301635697,0.300285248721553,4.02088687838468,5.79794439091405e-05,0.0001477537040632,"ENSG00000185332.8"
14.1274281965077,1.37263274309624,0.341378920837367,4.02084797658075,5.79890204563993e-05,0.000147763782227436,"ENSG00000117971.12"
4.77170942051273,1.58738721336966,0.394831108966777,4.02042082632155,5.8094271605779e-05,0.000147988935344669,"ENSG00000286069.2"
12.499867337826,1.51710022834749,0.377475720344592,4.01906704612035,5.84290438842237e-05,0.000148798468118684,"ENSG00000280222.1"
4.3743334185494,1.348365310932,0.335691074445329,4.01668502256111,5.90225272778338e-05,0.000150222533840475,"ENSG00000274752.1"
13.0540005869668,-1.45009094939462,0.361049629840353,-4.01632027717579,5.91139063769773e-05,0.000150440541751788,"ENSG00000116882.15"
6.08162942228815,2.01885761043301,0.502980343218261,4.01379027561113,5.97514410872239e-05,0.000151974731714398,"ENSG00000234111.6"
16.3226810007199,-1.13362698981293,0.282543117070878,-4.01222652869844,6.01487393677334e-05,0.000152926046192833,"ENSG00000272864.1"
6.72312674926132,1.7180963965068,0.428393513826417,4.01055651184056,6.05757990247679e-05,0.000153952262769967,"ENSG00000179133.15"
42.3236718746718,-1.18466944434301,0.295519596841553,-4.00876780086495,6.10363949526063e-05,0.000155077873845752,"ENSG00000273650.1"
47.4566209512932,-1.45282809756724,0.362449387253944,-4.00836130135143,6.1141530651073e-05,0.000155329981793234,"ENSG00000170324.21"
242.473254154362,1.15024892014205,0.287036596273079,4.00732497206642,6.14103397642174e-05,0.000155967665509971,"ENSG00000100285.10"
13.2522699814755,1.12467333927989,0.280679259388397,4.00696988345548,6.1502701808504e-05,0.000156187151143451,"ENSG00000002079.14"
9.24573425493316,-1.38941293223276,0.346836343843467,-4.00596118859973,6.17657912539015e-05,0.000156824966896981,"ENSG00000145242.13"
9.91031271013825,-1.14984997451456,0.28711773094221,-4.00480308457854,6.20691636920052e-05,0.000157519155979595,"ENSG00000125084.12"
15.0212416677887,1.53234617115019,0.382634364424874,4.00472700211706,6.20891432604845e-05,0.000157554647756186,"ENSG00000175302.5"
570.156132627883,1.46542737620887,0.365970182476862,4.00422615386574,6.22208201236869e-05,0.000157873543404864,"ENSG00000287262.1"
7.04598277727261,1.58858538824416,0.396816637973662,4.00332354095898,6.24587918117776e-05,0.00015837494870661,"ENSG00000253816.3"
5.85408278794435,-1.00512296095879,0.251072081359034,-4.0033242864684,6.2458594904978e-05,0.00015837494870661,"ENSG00000266538.1"
4.69349562293817,1.36703615237048,0.341475899020454,4.00331665072679,6.24606117140741e-05,0.00015837494870661,"ENSG00000279140.1"
4.93780366069296,2.23188028316018,0.557527314410291,4.00317657175395,6.24976213599737e-05,0.000158453504372099,"ENSG00000159556.10"
283.743323200079,-1.27177651714199,0.317759398372374,-4.00232541871704,6.27229474313238e-05,0.000159009447365443,"ENSG00000182600.9"
3.7553201381525,-1.10394555632628,0.275840609485058,-4.00211396859634,6.27790438431918e-05,0.000159105620323445,"ENSG00000226263.1"
2.91296059440772,-1.74120029703192,0.435358296390289,-3.99946506468083,6.34858179829649e-05,0.000160757943124357,"ENSG00000257336.1"
29.6826595733386,1.04238604930872,0.260822487709323,3.99653441872857,6.42765399895237e-05,0.000162602942934037,"ENSG00000142408.6"
106.074543116464,1.14481310493706,0.286451419644496,3.99653493202388,6.42764006838589e-05,0.000162602942934037,"ENSG00000158488.16"
9.3809539509554,-1.27571588739104,0.319248237422593,-3.99599978277204,6.4421792661977e-05,0.000162923352095391,"ENSG00000231625.4"
4.8756876736289,1.87625154857766,0.469535790783672,3.99597130912242,6.4429537238307e-05,0.000162927261571258,"ENSG00000214797.3"
7.78588426648798,1.60526358041169,0.401794226507798,3.99523804601142,6.46292820240254e-05,0.000163385211957246,"ENSG00000235532.1"
2922.83846606479,1.16484538461593,0.291616102841059,3.99444808865995,6.48451264088651e-05,0.000163867830259649,"ENSG00000244731.8"
20.7152694184536,1.51570946127344,0.379574310348157,3.99318241501429,6.5192376268347e-05,0.000164697848696389,"ENSG00000235142.10"
10.7496751504978,1.33810843047878,0.335168926087364,3.99234035833619,6.54243768660501e-05,0.000165252193114286,"ENSG00000259803.7"
11.0496621047666,1.53991639542751,0.385792148834203,3.99157007233265,6.5637287592673e-05,0.000165742191092883,"ENSG00000230699.2"
14.266103989246,-1.09019592703478,0.273220534800907,-3.99016833719763,6.60264173187138e-05,0.000166662138413124,"ENSG00000234459.1"
5.4006999762583,-1.6395820099669,0.410902925952777,-3.99019307581013,6.60195308517666e-05,0.000166662138413124,"ENSG00000254675.1"
12.6305503566551,1.00617154619964,0.25217182096383,3.99002371618659,6.60666889543978e-05,0.000166730374697781,"ENSG00000225101.6"
5.65025548341487,1.43226597081167,0.359104257483383,3.988440518219,6.65090742235213e-05,0.000167798474456809,"ENSG00000215160.3"
4.68775487139103,-1.66326031873764,0.417043096325828,-3.98822168114291,6.65704428652649e-05,0.00016793718401676,"ENSG00000169194.9"
3.29508844068448,-1.97126365747919,0.494312593033716,-3.98788880813469,6.66638934450923e-05,0.000168140655916976,"ENSG00000255501.3"
5.98944810146085,1.88567903113437,0.47336678397378,3.98354742025756,6.78941162041919e-05,0.000171079374011215,"ENSG00000284825.1"
9.44828038742518,-1.15165543675499,0.289170167175936,-3.98262188662881,6.81591489124533e-05,0.000171681367514607,"ENSG00000234964.4"
5.3734458649956,1.85824802422875,0.466982450113884,3.97926736599112,6.91279651846866e-05,0.000174021591506015,"ENSG00000248713.1"
14.0971120376559,1.48910537842904,0.374353325607635,3.97780726540091,6.9553712607866e-05,0.000175009552190805,"ENSG00000255606.1"
1098.95166311048,-1.55837535140531,0.391816457970833,-3.97730957876537,6.96993979655496e-05,0.000175325770516462,"ENSG00000105825.14"
11.2131070010861,1.16199608988907,0.292329543907824,3.97495263173079,7.03932651063074e-05,0.0001770372768208,"ENSG00000106069.23"
8.63619487342483,-2.55465869037534,0.642944023428688,-3.9733765262361,7.08608989542893e-05,0.000178127162644359,"ENSG00000166926.8"
85.2679569006876,1.13294865582281,0.285311046224934,3.97092461302609,7.15942330975084e-05,0.00017986836386302,"ENSG00000132517.15"
7.1848721423141,-1.58163397085416,0.398519624645614,-3.96877311189038,7.22436259529692e-05,0.000181390510629836,"ENSG00000260802.1"
624.452444750646,-1.01794784652268,0.256564097348012,-3.96761611248318,7.25951456418621e-05,0.000182121867715062,"ENSG00000101680.15"
3.55378413456149,-1.09175885706959,0.2754422516717,-3.9636579008614,7.38100039097269e-05,0.000184975414069724,"ENSG00000281016.1"
62.6787030427704,-1.19876053152299,0.302469695538959,-3.96324177001258,7.39388342677299e-05,0.000185262947558915,"ENSG00000287051.1"
30.3555137357429,1.05546542254981,0.26644463702242,3.96129355180454,7.45448186640438e-05,0.000186710121380382,"ENSG00000181333.12"
26.4746655169984,2.24448916425774,0.566890684306131,3.95929802057865,7.51703870025772e-05,0.000188223154422763,"ENSG00000118702.9"
7643.93491497934,-1.09745324418218,0.277196570751903,-3.95911551577031,7.52278465599248e-05,0.000188349087348168,"ENSG00000069535.14"
504.085457281846,1.01018067566569,0.255184360123992,3.95863083135209,7.53806456104478e-05,0.000188695703735715,"ENSG00000123892.12"
5.48313080854299,-1.17149663202552,0.295954993949399,-3.95836075070866,7.54659170948537e-05,0.000188837220575127,"ENSG00000229618.3"
289.709132247838,1.69935602719185,0.429520211849021,3.95640526408844,7.60860417290158e-05,0.000190298365287416,"ENSG00000198797.7"
3.3667721412855,-1.35922621214394,0.343563058294047,-3.95626415393186,7.61309765317639e-05,0.000190392634363547,"ENSG00000277214.1"
58.2277630839696,1.24523799515893,0.314844726325076,3.95508608225256,7.65070995116438e-05,0.000191260472090931,"ENSG00000123405.14"
83.5369980463581,1.12577796345701,0.284663062600631,3.95477359504288,7.66071617635061e-05,0.000191474195491822,"ENSG00000179698.14"
13.5481177589666,1.00095561042339,0.253151216474509,3.95398301601358,7.6860867744496e-05,0.000192071786251791,"ENSG00000261783.1"
4.45499697472482,-1.57128392423899,0.397599910000302,-3.95192223317606,7.75259365458948e-05,0.000193641710175073,"ENSG00000283071.1"
1090.08046591718,1.03026429600621,0.260920184963368,3.94858027619003,7.86160532892373e-05,0.000196196766488256,"ENSG00000162069.16"
45.3735174188646,-1.14939214114754,0.291257633973694,-3.94630734812379,7.93657246437618e-05,0.000197898558631689,"ENSG00000122012.14"
1575.76790119674,1.15479482063399,0.292631581859965,3.94624125425601,7.93876249247992e-05,0.000197934389444453,"ENSG00000154864.13"
14.8223290538748,1.42837694951449,0.361998843423222,3.9458052849206,7.95322270676717e-05,0.000198276112704798,"ENSG00000196166.5"
3.3623111398897,2.45296072064931,0.622161474751456,3.94264322076392,8.05884957014864e-05,0.000200700020941621,"ENSG00000260469.3"
9.6722847584827,1.00857132624296,0.255884636356169,3.9415079412549,8.09709537335035e-05,0.00020161429972825,"ENSG00000279419.1"
29.4706536499614,-1.23126161269302,0.312537422413705,-3.93956539087086,8.16293510818138e-05,0.00020315745325579,"ENSG00000279778.1"
5.86507494639981,-1.06341025364455,0.270045009157277,-3.93790004474851,8.21978197249172e-05,0.000204494793530499,"ENSG00000288557.1"
4.08390912911601,-1.30357085042972,0.331059506777333,-3.93757262287739,8.23100249699268e-05,0.000204735184660694,"ENSG00000286736.1"
5.69783866493052,1.33404449006369,0.338819362123025,3.93733251165057,8.23924014419576e-05,0.000204920692609804,"ENSG00000231133.8"
12.4117208421505,1.31480898510264,0.333997987181241,3.93657757101742,8.26519116103725e-05,0.000205527232239076,"ENSG00000167618.10"
38.0173883113863,2.12187224014597,0.539154919586896,3.93555203348931,8.30056768999501e-05,0.000206309334433881,"ENSG00000082556.14"
4.37125147439519,-1.04001044842533,0.264530349387127,-3.93153545835047,8.44050439655788e-05,0.000209549652932018,"ENSG00000259644.1"
6.76054016556679,1.49725988479314,0.381154046519943,3.92822770337504,8.55741689534836e-05,0.000212331866022219,"ENSG00000156395.13"
519.432642405506,-1.17569428500445,0.299338479825671,-3.9276416640091,8.57828935489224e-05,0.000212809586978752,"ENSG00000166405.15"
3.9267035757133,-1.6189297346015,0.41236767478651,-3.92593753969597,8.63925734340697e-05,0.000214281626888845,"ENSG00000286124.1"
9.84206380588965,1.28074183151369,0.32626530608893,3.92546129671721,8.65636881671228e-05,0.000214665532577097,"ENSG00000276557.1"
7.84961484224114,-1.01344959489118,0.258259519111845,-3.92415194753104,8.70357910495272e-05,0.000215734508859466,"ENSG00000270689.1"
3.87369367022472,1.14043772699835,0.290671846412741,3.92345437328314,8.72883027418958e-05,0.000216278822517721,"ENSG00000271581.1"
3.85039715148193,2.77727780339236,0.708048248061398,3.92244145931639,8.7656195300767e-05,0.000217128964026516,"ENSG00000113327.17"
25.358945293067,1.19128228790483,0.303880573603904,3.92023179954117,8.84638383622577e-05,0.000219046964438397,"ENSG00000113722.17"
28.351658930181,-1.0769917569201,0.274762323842077,-3.91972138632484,8.86513941739483e-05,0.000219470023967981,"ENSG00000166183.16"
172.078594815188,1.44662101937572,0.369391367965672,3.91622854465337,8.99449863013535e-05,0.000222462973552722,"ENSG00000107984.10"
96.5983747263624,1.36639024488773,0.348953206527361,3.91568330460547,9.01485206651809e-05,0.000222882486799324,"ENSG00000026559.14"
29.0813885096509,1.20060350230779,0.30667213924788,3.91494155697449,9.04261085554784e-05,0.000223526741020614,"ENSG00000165325.14"
10.8070671104935,1.08201929853356,0.276389956305383,3.91482857408189,9.04684614942042e-05,0.00022361040454332,"ENSG00000236499.2"
195.407945498504,1.30335585354046,0.333068069293104,3.91318163973711,9.10879650383783e-05,0.00022507813040037,"ENSG00000225449.3"
183.402160596301,1.31658407188661,0.336516986075088,3.91238518816651,9.1388990125453e-05,0.000225779510899277,"ENSG00000188883.5"
3.87403953720687,-1.41444606442565,0.361562437769685,-3.91203818945001,9.1520434654487e-05,0.000226082998539336,"ENSG00000242353.1"
39.2063377235726,1.10955687972095,0.283795964491293,3.90969928592831,9.24110900231329e-05,0.000228163328035036,"ENSG00000261804.2"
45.018086670724,1.03980109270717,0.265990941713162,3.90915978570604,9.26176906619025e-05,0.000228621654898333,"ENSG00000142405.22"
16.1482149650203,-1.08199213136895,0.276910046867211,-3.90737766148228,9.33032567639526e-05,0.000230184231348201,"ENSG00000158022.7"
11.2357262121245,1.62236349509037,0.415220956927809,3.90722931495107,9.3360539805958e-05,0.000230303935078348,"ENSG00000254101.7"
24.0272226661821,-1.77186870419699,0.453498700300757,-3.9071086709221,9.34071501953963e-05,0.000230375671927916,"ENSG00000182050.13"
7.35657606691056,1.51336622870235,0.387599052940672,3.904463174563,9.44347696860563e-05,0.000232740983533045,"ENSG00000189013.14"
4.98915760822928,-1.08677332182529,0.278340941944318,-3.90446807513751,9.44328562694136e-05,0.000232740983533045,"ENSG00000231104.8"
7.77835881381379,-1.01790062629517,0.260702196990178,-3.90445741557567,9.44370183145612e-05,0.000232740983533045,"ENSG00000272564.1"
5.8841851906771,1.45943063524359,0.373850201091649,3.90378453985588,9.47000947285084e-05,0.000233301836146229,"ENSG00000254271.1"
304.645074731194,-1.01734177151885,0.260643316131199,-3.90319531925673,9.49310324251012e-05,0.000233848852508094,"ENSG00000139737.22"
9.25676569109266,1.29753846751939,0.332617773331858,3.90098957888464,9.58002752973162e-05,0.000235791219769141,"ENSG00000130561.17"
6.17997340181814,1.66844329281998,0.428186284387578,3.89653604903833,9.75782891487708e-05,0.000239920276144648,"ENSG00000266200.6"
6.45229500865687,-1.36680820196075,0.351061019193915,-3.89336362407633,9.88637907865329e-05,0.000242899222007219,"ENSG00000172995.16"
12.2734382927046,1.11012308897003,0.285319679646678,3.89080448409566,9.99124159123147e-05,0.000245315080788349,"ENSG00000269959.1"
4.13469377911653,1.65719808535701,0.425961806266271,3.89048515847706,0.00010004399613892,0.000245592266229138,"ENSG00000237379.1"
4.2192794186006,1.47363378467277,0.3788106158437,3.89015968148264,0.000100178279406317,0.000245898944332802,"ENSG00000250415.1"
5.14488946398879,1.6364246690767,0.420676405713995,3.88998443185628,0.000100250653255515,0.000246053615666071,"ENSG00000154764.6"
5.30596944152926,-1.1379193383541,0.292766055649532,-3.88678713394389,0.000101579755875759,0.000249152883859503,"ENSG00000262700.1"
28.2938871132705,-1.07714936434309,0.277192065050507,-3.88593145387053,0.000101938269490454,0.000249985582691461,"ENSG00000226953.8"
13.872683678413,1.77558636862597,0.457036201762614,3.88500158582232,0.000102329220434072,0.000250874100353432,"ENSG00000148798.11"
240.408560036266,-1.2465247226849,0.320893804632525,-3.88453969721346,0.00010252394115637,0.000251328042282599,"ENSG00000175161.14"
7.31733881828843,-1.0573577784501,0.272387997446587,-3.8818075258894,0.000103682928108586,0.00025395602296208,"ENSG00000236173.1"
38.8305142860823,-1.39409069922085,0.359194999188063,-3.88115286229512,0.000103962467001911,0.000254616984968153,"ENSG00000177459.11"
8.07119461846597,1.2169827922975,0.313657070561096,3.87997882566606,0.000104465558621167,0.000255777619263973,"ENSG00000214814.7"
23.8666551019904,1.11632200423254,0.287723054518959,3.87984899610812,0.000104521333326418,0.000255890343251823,"ENSG00000211734.3"
8.48745200575225,1.14326406309187,0.294843325381169,3.87753075845917,0.000105521990294195,0.000258267994496006,"ENSG00000251533.2"
228.19582689759,-1.17902521477199,0.304152553863793,-3.8764271409011,0.000106001531824517,0.000259369229424279,"ENSG00000203710.12"
17.8693227505249,-1.31246440645277,0.338619453854317,-3.87592736186217,0.00010621937057422,0.000259878054190896,"ENSG00000270076.1"
11.2502512404854,1.98884876302123,0.513297130408544,3.87465396784562,0.000106776315898295,0.000261022013306434,"ENSG00000266242.1"
14.6478669669451,-1.54508902306346,0.398830553480925,-3.87404878983867,0.000107041967977012,0.000261647083261209,"ENSG00000287609.1"
119.095525354999,1.0310195011355,0.266163869675324,3.87362680890223,0.0001072275718191,0.00026203108281966,"ENSG00000286342.1"
49.34316621779,3.31169820002312,0.855034702145339,3.87317402640367,0.000107427061103535,0.000262466338914789,"ENSG00000287448.1"
7.75322406127941,-1.04976795237872,0.271047508028516,-3.87300351888231,0.000107502274926658,0.000262601281986272,"ENSG00000235590.7"
16.5204585753509,-1.76396131683712,0.455513874837935,-3.8724645159595,0.000107740365391182,0.000263109520016895,"ENSG00000266554.2"
8.64197654815396,-1.45066953824191,0.374680550686016,-3.87175030992623,0.000108056613733319,0.000263808288627769,"ENSG00000146276.12"
15.0663380607665,-1.86822892056615,0.482683894152367,-3.87050188166505,0.000108611518694439,0.000265015332098461,"ENSG00000147588.7"
9.95682930511099,1.62349756781491,0.419505810656959,3.87002402963731,0.000108824626359027,0.000265469710634534,"ENSG00000262801.6"
385.650898241266,1.17052216668415,0.302477016583474,3.86978878562538,0.000108929682983001,0.000265668348104779,"ENSG00000237988.5"
18.5838612500117,1.51227227594022,0.39090653581123,3.86862878309739,0.000109449124310869,0.00026686092610268,"ENSG00000165953.10"
5.47272454591879,-1.01787552020434,0.263120497872881,-3.86847671858728,0.000109517390771486,0.000266977842611551,"ENSG00000237980.2"
7116.63894759262,1.16058837807531,0.30007799839801,3.86762236575558,0.000109901683655618,0.000267840134743094,"ENSG00000144218.19"
3.8774778378867,-1.09827107083442,0.284005529203576,-3.86707636965468,0.000110147941803723,0.000268415399811706,"ENSG00000212663.2"
6.13581460503625,-1.08971025202127,0.281964390482425,-3.86470876750373,0.000111221826036802,0.00027090672556309,"ENSG00000273372.1"
25.3903392949213,1.85980684756574,0.481607911513726,3.8616617441359,0.000112618417112773,0.000274105238947323,"ENSG00000263618.5"
3.06351721106344,-1.99246131677376,0.516049402689153,-3.86098948354744,0.000112928764565793,0.000274809707235192,"ENSG00000077009.13"
45.7349748760278,1.5186016112002,0.393732594924401,3.85693648627638,0.000114816980530517,0.000279017152021459,"ENSG00000203985.11"
16.5024623457063,1.10865157152607,0.287456114276873,3.85676809941927,0.000114896069482333,0.000279157726961882,"ENSG00000164512.18"
13.9875877971378,1.6058619346402,0.416440144807445,3.85616505676398,0.000115179731892714,0.000279795200838087,"ENSG00000196553.15"
7.32512646692796,1.00125880991129,0.26007753658043,3.84984733043887,0.00011819147185784,0.000286608049295274,"ENSG00000272945.1"
4.28035989560993,1.30796620783591,0.339791284848425,3.84932241101878,0.00011844502083592,0.000287090458101376,"ENSG00000176040.13"
49.8573842051189,-1.05443347364657,0.273996105880931,-3.84835204229065,0.000118915083776103,0.000288176660701741,"ENSG00000127530.4"
7.00646153440661,1.61568699226411,0.419847428572729,3.84827173470285,0.000118954064834425,0.000288244550576936,"ENSG00000265296.1"
6.60069675791434,-1.03587555570035,0.269190053194609,-3.84811973327806,0.000119027878850293,0.000288396825931149,"ENSG00000256268.2"
79.9365918073754,-1.22127261269828,0.31756964959463,-3.84568429085462,0.000120216469437581,0.000291088869893816,"ENSG00000171551.12"
3.2436923074273,-1.78985839131135,0.465554690541823,-3.84457170698522,0.000120763169528772,0.000292304921990446,"ENSG00000111046.4"
120.231257346909,1.06159650882006,0.276189438086442,3.84372594468223,0.000121180326505431,0.000293233631179227,"ENSG00000225489.7"
18.0021229483182,-1.42769578224577,0.371630702698468,-3.84170568222446,0.000122182289718571,0.000295603765000269,"ENSG00000132437.18"
8.32654050275021,1.23370825403081,0.321170344560586,3.84128944320413,0.000122389694412299,0.000296078299855763,"ENSG00000269720.2"
13.6597243892671,-1.23951503158976,0.322687596565575,-3.84122304291258,0.00012242281120923,0.000296131158643789,"ENSG00000187185.4"
3.69884927057101,1.86172246133735,0.484869958119798,3.83963252447448,0.000123218603251625,0.000297973849283809,"ENSG00000226690.8"
38.1586154086185,-2.58817669356589,0.674280473551381,-3.83842747207875,0.00012382477746202,0.000299356096257013,"ENSG00000287064.1"
4.03156868477466,2.04534981130625,0.533165433804199,3.83623858867301,0.000124933042569898,0.000301814346590736,"ENSG00000256357.1"
2180.10382130457,1.02788561246269,0.268084858298411,3.83418003906259,0.000125983843609842,0.000304241027695801,"ENSG00000141738.14"
4.22077451556898,-1.05760247155284,0.275886685766732,-3.83346687649532,0.000126349821331924,0.000305068776767252,"ENSG00000257322.6"
6.56982006047659,1.31353878056422,0.342655567973483,3.83340854004703,0.000126379802476795,0.000305113137531007,"ENSG00000174255.8"
4.11853523826394,-1.26089832009702,0.329001681018193,-3.83249810820053,0.000126848575105313,0.000306160509464468,"ENSG00000254936.4"
46.6046207706871,1.12139750593033,0.292629518175874,3.83214076597822,0.000127033014660145,0.000306521229902438,"ENSG00000128285.4"
31.9930255772763,1.13332839092093,0.295791812283025,3.83150697165519,0.000127360764805034,0.00030728385736511,"ENSG00000196335.13"
6.11296740655205,-1.1864536440452,0.309667973915577,-3.83137341922434,0.000127429929537902,0.00030739429772157,"ENSG00000282855.1"
18.7003091110973,1.01371837508785,0.264637627001147,3.83059048169087,0.000127836113366793,0.000308317526494108,"ENSG00000187642.9"
25.1386725567162,1.03554361673058,0.270394284357032,3.82975409111546,0.000128271376238992,0.000309310536978501,"ENSG00000259772.6"
616.565160712494,1.35660968596751,0.354235084509842,3.82968753037171,0.000128306074797872,0.000309337449090742,"ENSG00000147041.12"
2.85431976050561,-2.46635661840447,0.644040583062956,-3.82950497727157,0.000128401286352072,0.000309510217395254,"ENSG00000102195.10"
3.93553591675952,1.03526889329175,0.270451633586954,3.8279261972322,0.000129227490191194,0.000311244877869087,"ENSG00000253307.1"
9.69912218339412,1.63590288008739,0.427370342925971,3.8278343529578,0.000129275707820345,0.000311332481615352,"ENSG00000230533.4"
42.3154335715691,1.15068655348909,0.300630660759764,3.82757550604133,0.000129411691963113,0.000311602868409533,"ENSG00000198842.10"
375.572541200858,-1.08224375298593,0.282877999405482,-3.82583217945708,0.0001303310585138,0.000313701606408124,"ENSG00000270885.2"
476.615979872179,-1.16343860909867,0.304130575393874,-3.82545756075962,0.000130529420459771,0.000314121524204782,"ENSG00000132514.14"
7.86010380281268,1.16346165035552,0.304136186693163,3.82546274090467,0.000130526675615608,0.000314121524204782,"ENSG00000279954.1"
3.55553865793554,-1.35210016473176,0.353505406914828,-3.82483588166879,0.000130859229709072,0.000314886385944636,"ENSG00000230257.5"
105.132172005605,-1.17250101130903,0.306621600043017,-3.82393481458753,0.000131338652302123,0.000315982163579771,"ENSG00000176399.4"
13.4398165479779,1.22258191894996,0.319800361585732,3.82295352290342,0.00013186264176013,0.000317213772288419,"ENSG00000244383.2"
70.5014169148497,1.84309098823482,0.482164105419142,3.82253877366634,0.000132084700969766,0.000317689813350048,"ENSG00000260318.1"
123.548814188807,1.18946829392863,0.311176282327901,3.82249021368291,0.000132110723304723,0.000317723327966085,"ENSG00000170442.12"
2.99038848128137,-1.24153415405992,0.324865456404608,-3.82168719260084,0.000132541747502717,0.000318643308457094,"ENSG00000265490.1"
5.71039419560192,1.03700283728837,0.271358095311436,3.82152902458357,0.000132626800753587,0.000318818623651662,"ENSG00000204659.5"
5.27568790185847,1.61303011629988,0.422365971987061,3.81903425768705,0.000133975157787762,0.000321971568738551,"ENSG00000234896.1"
5.30730966335839,-1.22089443843599,0.31976594556295,-3.81808774629392,0.000134490094177544,0.000323079548006929,"ENSG00000255639.3"
4.21579275022185,1.77892025169308,0.465920029186118,3.81808065817765,0.000134493957393769,0.000323079548006929,"ENSG00000286417.1"
63.5414297788521,-1.64548918662086,0.430996044097404,-3.81787538228306,0.000134605883710704,0.000323280431967483,"ENSG00000180347.13"
39.625401636788,1.1581303717999,0.303492664433114,3.81600779037985,0.000135628223805591,0.000325497830031607,"ENSG00000130413.15"
76.5882559947902,1.7408272908232,0.456258390800774,3.81544170128662,0.000135939548970952,0.000326185421321207,"ENSG00000238117.1"
7.01433537635612,2.89688045237156,0.759832231379158,3.81252641403943,0.000137553523653178,0.000329817261056389,"ENSG00000253333.1"
24.2203749876075,-1.06186273162654,0.278596069134412,-3.81147779624352,0.000138138465662297,0.000331159379010197,"ENSG00000279384.1"
3.03629821274006,-1.5433988104701,0.405001353924874,-3.81084852066047,0.000138490613516912,0.000331912764263564,"ENSG00000138109.11"
808.78520816863,1.24210493563367,0.326044435830395,3.80961856462965,0.000139181350178859,0.000333476992534287,"ENSG00000110169.11"
16.4828023741673,-1.492587540635,0.391933938963435,-3.80826305724507,0.000139946354151388,0.000335187713916082,"ENSG00000278928.1"
14.8705540325852,2.10765367000603,0.553461720460907,3.80812907575764,0.000140022183616046,0.000335338776689217,"ENSG00000187689.10"
7.21924438022075,-1.82005266179822,0.477943734757347,-3.80808980103541,0.000140044419253475,0.000335361471907647,"ENSG00000254251.1"
30.4898542768545,1.09745368564048,0.288193312634681,3.80804702096482,0.000140068643250869,0.000335388924041709,"ENSG00000273108.1"
5.43243441100819,-1.44754252451621,0.380165103742593,-3.80766806386399,0.000140283398173606,0.000335841956243289,"ENSG00000172014.12"
30.7081383185448,-1.57419540011416,0.413573574140502,-3.80632491663832,0.000141047059665238,0.000337520678680986,"ENSG00000182256.13"
18.2213457013855,1.19850051923102,0.314871041439816,3.80632183179062,0.000141048818088265,0.000337520678680986,"ENSG00000242082.2"
3792.19295209518,1.21992360098049,0.320796684168693,3.80279367332547,0.000143073509141087,0.000342178718313407,"ENSG00000164694.17"
9.74121304586813,1.02374062128967,0.269341179188217,3.80090643538126,0.000144167736340405,0.000344670254863672,"ENSG00000269646.1"
3.967439701769,1.6433359390072,0.432499072079562,3.79962882025536,0.000144912970334562,0.000346325924011058,"ENSG00000238097.2"
4.23348812930875,1.88319981452017,0.495749516442246,3.79869218639884,0.000145461612588417,0.00034757391138854,"ENSG00000233614.6"
248.730842688754,1.28705234738007,0.338838903520331,3.79841964428634,0.000145621623752825,0.000347924621281634,"ENSG00000166840.13"
4.39078350824953,-1.07629124301111,0.283457871656512,-3.79700601264421,0.000146454238448592,0.000349754970323715,"ENSG00000286951.1"
42.4735674808159,-1.01821370845258,0.268316204095865,-3.79482749423807,0.000147746145671564,0.000352583956131415,"ENSG00000186715.11"
5.76718675571747,-1.35520147929116,0.357121810380518,-3.79478777240509,0.00014776980085884,0.000352608392716637,"ENSG00000260271.3"
7.85168141561984,-1.23879429890855,0.326529217456648,-3.79382374587359,0.000148344993587387,0.000353820309569044,"ENSG00000287063.1"
3.74350826428376,1.30626161929697,0.344349234723264,3.79342100279892,0.000148585916612378,0.000354320387181011,"ENSG00000284654.1"
5.79275268504392,-1.59747282747638,0.421167502417956,-3.79296317570839,0.000148860238588414,0.000354920401946468,"ENSG00000235205.1"
8.36564603815458,1.07540042898326,0.283527369210303,3.79293340173306,0.00014887809513626,0.000354930780277683,"ENSG00000261083.3"
450.989681293661,1.09724083532133,0.289363385942526,3.79191317432009,0.000149491182929251,0.000356326294938223,"ENSG00000137868.19"
39.5969798666211,-1.4010043803336,0.369591838166786,-3.79067997627526,0.000150235424760057,0.000357874560847684,"ENSG00000135903.20"
118.046073131163,-1.23291182425789,0.325264456404523,-3.79049047623129,0.000150350097808722,0.000358115266951016,"ENSG00000174950.11"
13.4334768480799,-1.09935482656646,0.290113710087711,-3.78939287713805,0.000151015915616793,0.000359635981342013,"ENSG00000242950.7"
21.244320044235,1.15511132559212,0.304862450478404,3.78895900029493,0.00015127987562459,0.000360231948805646,"ENSG00000288543.1"
951.173705123028,-1.04911970722055,0.276968990909227,-3.78785980255959,0.000151950545859708,0.000361730653688666,"ENSG00000183421.12"
21.0067990320325,-1.0403357656882,0.274830602792301,-3.78537089799429,0.000153479497263918,0.000365238126399712,"ENSG00000177182.11"
156.502564523959,1.20972028836387,0.319612660080258,3.78495735450562,0.000153734938649079,0.000365746662513794,"ENSG00000100453.13"
73.7295606658614,1.28321119840396,0.339083809216993,3.78434818627031,0.000154111944351888,0.000366577225823078,"ENSG00000204335.4"
5.39762314800043,-1.23227729842942,0.325663592827571,-3.78389640588983,0.000154392106753737,0.000367177174621355,"ENSG00000272541.1"
11.9772756927674,-1.14890773129168,0.303658217764445,-3.78355553737364,0.000154603806651777,0.00036764737664302,"ENSG00000242741.2"
8.01552172282469,1.32738510089514,0.351080563536489,3.7808561303542,0.000156289976521458,0.000371321137384978,"ENSG00000188219.14"
12.5861284388142,2.19241459911234,0.58002242737028,3.77987901097611,0.000156904583991184,0.000372680289682294,"ENSG00000139800.8"
12.5415976453527,-1.00745039581202,0.266543473599715,-3.77968510054374,0.000157026823721138,0.000372936932744771,"ENSG00000140932.10"
35.5842674814484,-1.13537696996183,0.30051992876326,-3.77804219052721,0.000158066104862409,0.0003753034778865,"ENSG00000257829.1"
495.211639481064,1.30566467394438,0.345727447689478,3.77657221800072,0.000159001472131528,0.000377456168127266,"ENSG00000197046.12"
6.66370943557161,1.59831270214866,0.423404954804575,3.77490316070195,0.000160069834405562,0.000379820847478179,"ENSG00000228834.1"
5.5227501828323,-2.07163395839462,0.548853045433383,-3.77447838839779,0.00016034280718321,0.000380399886632682,"ENSG00000267038.1"
42.6790113232167,-1.13590854662698,0.301018748305251,-3.77354750500492,0.00016094255638071,0.000381719378443473,"ENSG00000169224.13"
5.88058621223104,1.63780322478858,0.434267423745312,3.77141626388517,0.000162323629944695,0.000384856060749266,"ENSG00000243910.8"
14.966520065281,-1.24608743981726,0.33041429561966,-3.77128791440561,0.000162407157158932,0.000385019366714653,"ENSG00000261795.1"
20.5553977121521,1.19411269628482,0.316754361708271,3.76983821105071,0.000163353406785766,0.0003871927986254,"ENSG00000168081.9"
26.0722643268224,-1.02942620313997,0.273160861279862,-3.76857137701469,0.00016418453876483,0.000388917305055406,"ENSG00000288009.1"
17.696418033114,-1.10037033337468,0.29203266818255,-3.76797000220138,0.000164580473948296,0.000389784932173096,"ENSG00000279530.2"
76.7329622810116,-1.43536777627159,0.380995785209549,-3.76741116829451,0.000164949205998299,0.000390552646649787,"ENSG00000170160.17"
62.2922971163068,1.00640782787946,0.267312287554969,3.76491420235408,0.000166606279401266,0.000394298527623165,"ENSG00000163519.14"
123.214845878451,-1.20643290270334,0.320506126512097,-3.76414927175443,0.000167117039373464,0.000395400509757144,"ENSG00000163739.5"
115.705177574395,1.62990828857024,0.43321742889721,3.76233313770248,0.000168335616206261,0.00039814031641909,"ENSG00000165863.17"
4.9311165267963,-2.18309783430072,0.581008099886141,-3.75743098027126,0.000171666694060616,0.000405435114268058,"ENSG00000253967.1"
3.75095438479173,-1.17175320247621,0.31186785621544,-3.75721055929135,0.00017181791977716,0.000405719360652491,"ENSG00000205879.5"
24.2132444010837,2.28268236732526,0.607585475290937,3.75697323283151,0.000171980884028591,0.000405994750835951,"ENSG00000183654.9"
13.0766718041054,1.26363436532086,0.336736437559349,3.75259171380332,0.000175015770954621,0.000412714383973737,"ENSG00000255727.2"
101.661423476582,1.18686425682075,0.3163326531914,3.75194986937572,0.000175464555112101,0.000413624248122553,"ENSG00000235649.2"
22.0498140044783,-1.31963442061165,0.351832078723117,-3.7507507143775,0.000176305917630113,0.00041549580731551,"ENSG00000266573.6"
9.27393475444222,-1.56993173282634,0.418827867706963,-3.74839368120738,0.000177970750621616,0.000419081097414312,"ENSG00000125931.11"
14.0492957044841,1.17772156101973,0.314646184102493,3.74300284104543,0.000181834172236794,0.000427374531259223,"ENSG00000272281.6"
13.5329282309939,-1.17995201336873,0.315302151951444,-3.74228975624131,0.00018235107971357,0.000428474501983861,"ENSG00000287593.1"
18.8572083681102,1.28666302050662,0.343826877596204,3.74218277960717,0.000182428744987163,0.000428617077953392,"ENSG00000265787.2"
56.4772149675436,-1.13216800125946,0.302820568307209,-3.73874207947093,0.000184943349952171,0.000434247111291548,"ENSG00000236882.8"
32.2707190371897,1.02482349726949,0.274276132690876,3.73646619272018,0.000186624526952202,0.000437967773786756,"ENSG00000175267.15"
109.534139922735,1.66754012023692,0.446317347829998,3.73622071457568,0.000186806715235498,0.000438317059743781,"ENSG00000214100.8"
4.16632737428523,1.36843444308982,0.366523829770731,3.73354835876785,0.000188800923151378,0.000442561621698994,"ENSG00000236064.2"
3.91920769907785,-1.33022452766942,0.356294230583207,-3.73350004992227,0.000188837156398192,0.000442607082108978,"ENSG00000199161.1"
10.6595176786065,-1.58641012402661,0.42497022182702,-3.73299126043788,0.00018921916260217,0.000443344310022771,"ENSG00000180318.4"
18.9699405658346,1.08914039399099,0.29182679474194,3.73214664867941,0.000189854912901291,0.000444675327989442,"ENSG00000110375.3"
7.4867846059949,-1.51578991993632,0.406233081539536,-3.73133058044363,0.000190471084636164,0.000446078765800315,"ENSG00000236360.2"
8.9531664682265,1.42603498691113,0.382473135479044,3.72845790888041,0.000192655078575721,0.000450952541213309,"ENSG00000146839.19"
6.55420157115653,1.82757267929669,0.490596592298637,3.72520459372495,0.000195156873757673,0.000456320902930938,"ENSG00000245526.11"
12.6597051969323,-1.1873232458276,0.318800647143254,-3.72434390101495,0.000195823833887359,0.000457717532227242,"ENSG00000255122.1"
14.9892944759811,-1.2092668902593,0.324720057673579,-3.72402893410083,0.000196068440031464,0.000458248521944425,"ENSG00000254750.1"
222.882668923208,1.28848532439565,0.346058484909264,3.72331666635336,0.000196622652719931,0.00045929877391492,"ENSG00000237515.9"
7.69974232489334,1.00179598287708,0.26907547762484,3.72310398450296,0.000196788424790481,0.000459645157486271,"ENSG00000164112.13"
13.4911271501639,1.19603398292579,0.321268221922393,3.72285181450255,0.000196985145539453,0.000459986106673213,"ENSG00000283098.2"
15.3373371694693,-1.58645636292905,0.426144081306074,-3.72281684182209,0.000197012442719668,0.000460004889796904,"ENSG00000255151.2"
37.0046732845229,1.03823446911331,0.278964644904033,3.72174212065644,0.000197853028329005,0.000461885513509154,"ENSG00000104808.8"
3.78520365422465,2.96109915411111,0.795704913241361,3.72135336207598,0.000198157922198387,0.00046251512539405,"ENSG00000267134.3"
7.65452324555848,1.01447263869838,0.272674522701783,3.72045260645009,0.00019886606009703,0.000464044346909652,"ENSG00000100314.4"
5.95517112623722,1.84217804926962,0.495175724085332,3.72025113442792,0.000199024774352828,0.000464373472622258,"ENSG00000257842.6"
5.59448154753735,-1.40092156660924,0.376979962043799,-3.71616984365464,0.000202265643377721,0.000471558468204722,"ENSG00000186335.9"
13.3449509915813,1.15034450309666,0.309677803765469,3.71464951349197,0.000203485530270041,0.000474192187039432,"ENSG00000173213.9"
439.261025531608,1.36922503088567,0.368612511676311,3.71453759032474,0.000203575608087401,0.000474360042816422,"ENSG00000211956.2"
13.082710730382,1.20281551808294,0.323862482358438,3.71396992119547,0.000204033055689466,0.000475215315528749,"ENSG00000275620.1"
38.4050732418442,-1.46999961344227,0.395845252199061,-3.71357141528387,0.000204354762323423,0.000475880266936197,"ENSG00000102290.22"
61.7739724353787,1.28264907105928,0.345633044029268,3.71101401679252,0.000206430671742758,0.00048037395095942,"ENSG00000128383.13"
35.7095937887847,1.53350405107393,0.413718008265085,3.70664080469845,0.000210026489663439,0.000488179718280318,"ENSG00000280109.3"
143.947961377044,1.38777357766951,0.374748078884667,3.70321732348791,0.00021288236498162,0.000494511717293583,"ENSG00000166535.20"
79.2822670455021,1.09326979388228,0.295445890311126,3.70040616483438,0.000215254664498947,0.000499845710901168,"ENSG00000134323.12"
4.51130135972256,1.1692372575997,0.316115463253285,3.69876641138196,0.00021664987024521,0.000502641467872284,"ENSG00000286887.1"
17.3016788521912,-1.22757569549422,0.331989983372749,-3.69762871464687,0.000217622879012051,0.000504720705193043,"ENSG00000251209.9"
5.45032033730463,-1.10519198209789,0.298993488070078,-3.69637475796415,0.000218700071098481,0.000507129481142698,"ENSG00000258673.1"
172.147709723331,1.4241609440029,0.385647099511437,3.69291236938412,0.000221700434472217,0.000513543158514828,"ENSG00000129167.9"
3.76586014831351,1.078407700469,0.29203806407536,3.6926956898013,0.000221889479047631,0.000513935765534714,"ENSG00000232727.2"
5.03410758981819,-1.06203281735161,0.287891295357005,-3.6890063523269,0.000225131598768606,0.000520802582470871,"ENSG00000236754.5"
12.8111531859703,1.26236586412746,0.342242873469825,3.68850883972829,0.00022557219048584,0.00052172997665697,"ENSG00000111537.5"
4.24623185718862,1.46032553863999,0.396067179373184,3.68706526239084,0.000226855192490895,0.000524466697108865,"ENSG00000272438.1"
964.250737417315,-1.66196870739372,0.451003584637868,-3.68504544975667,0.000228661832503801,0.000528550488570037,"ENSG00000019169.10"
5.36153839257236,1.36222597097973,0.369690785255815,3.68477123398439,0.000228908145854405,0.000529073312138337,"ENSG00000234685.1"
88.2268501920865,1.11642366702156,0.303296464750299,3.6809649856641,0.000232352914564098,0.000536657645553844,"ENSG00000158164.7"
41.0076573991118,-1.3362926619051,0.363171523405072,-3.67950837493014,0.000233684015466166,0.000539495007686667,"ENSG00000189108.13"
18.2074918462036,1.47881228684946,0.40191369507387,3.67942746160382,0.000233758166231162,0.000539618798631641,"ENSG00000187492.9"
9.37039351536901,-1.0074367448625,0.273813954237971,-3.67927466540636,0.000233898252271115,0.000539894762684991,"ENSG00000261600.1"
4.7944508097989,-1.10152183223253,0.299417581069654,-3.67888160841257,0.000234258975383385,0.000540679918245248,"ENSG00000214688.6"
4.67575502403959,1.14750944804393,0.311982054592504,3.67812645359604,0.000234953474613932,0.000542092444412974,"ENSG00000274356.1"
526.969810913129,1.29897136665129,0.353271914951395,3.67697320866848,0.000236017817803193,0.000544356995712454,"ENSG00000105369.10"
3.86404360514845,1.27082558843564,0.345808762469865,3.67493749828386,0.000237907648124339,0.000548426997307502,"ENSG00000230131.6"
47.5542763587481,1.1292887290431,0.307454020071951,3.67303289376024,0.000239688615334055,0.000552290309936032,"ENSG00000273492.6"
4.01026545418994,1.08996752583504,0.29684284536155,3.67186726197654,0.000240784742369065,0.00055457292047218,"ENSG00000274038.1"
24.7224998019112,1.04502718554282,0.284816071843621,3.66912997141746,0.000243377329726519,0.000560004353894057,"ENSG00000226330.1"
4.75096083107701,-2.23480691076513,0.609151332180703,-3.66872202801353,0.000243765942522948,0.000560849442688477,"ENSG00000287012.1"
6.17843147669088,1.37030519316083,0.37375649349663,3.66630471176868,0.000246080683364217,0.000565778925957406,"ENSG00000268869.6"
229.953467777646,-1.07526659410862,0.293413555179145,-3.66467934125303,0.000247648658706847,0.000569234573279472,"ENSG00000146411.6"
602.458497741937,-1.25237773114242,0.341959435892002,-3.66235757722429,0.000249904696802017,0.000574035616225436,"ENSG00000085741.13"
4.08427421480785,1.27079653333562,0.347078375837091,3.6614108564692,0.00025083013796566,0.000575993303013229,"ENSG00000224535.2"
13.0908524874815,-1.56494513169486,0.427837901995471,-3.65779919075854,0.000254390226020341,0.000583811464307923,"ENSG00000254814.1"
7.19386185135602,2.41225823452125,0.660029955335055,3.65477084035785,0.000257411796262881,0.00059028194494622,"ENSG00000138653.10"
101.843026945002,-2.276117149069,0.622916651956015,-3.65396741590032,0.000258219052035265,0.000592029794460476,"ENSG00000142515.15"
29.8024468048361,-1.10321166022786,0.301975661735483,-3.65331316400664,0.000258878176837784,0.000593489228085853,"ENSG00000188176.12"
4.0432104259373,1.19585938174269,0.327464683441233,3.65187283457791,0.000260334797359181,0.000596724497583388,"ENSG00000211809.2"
1980.04744587675,-1.50298893603735,0.411693389781531,-3.65074828341287,0.000261477406273048,0.00059918487028853,"ENSG00000156284.6"
35.0721674182313,-1.3899872440392,0.380786912168078,-3.65030204458724,0.000261932112399463,0.000600071789619758,"ENSG00000124159.15"
18.8990236677231,-1.53339691623968,0.420417155223185,-3.64732242057451,0.000264987328263909,0.000606912420363245,"ENSG00000099937.11"
88.8487934520796,-1.68889699327069,0.46321339213286,-3.64604526111429,0.000266307090617014,0.000609616405659082,"ENSG00000255545.8"
262.172409848536,1.65315175186304,0.453524065387139,3.64512465386344,0.00026726222593702,0.000611696303250491,"ENSG00000286208.1"
4.45523380253291,-1.03726392057438,0.284620394381171,-3.64437665413831,0.000268040643550404,0.00061315755222618,"ENSG00000231533.2"
569.033717530466,1.14992025382879,0.315546665217943,3.64421615115014,0.000268207950201828,0.000613486882177777,"ENSG00000135472.9"
3.30180987048916,-1.06936109770548,0.293493757343336,-3.64355653552971,0.000268896555041669,0.000615008445241493,"ENSG00000267006.1"
17.6160797038549,-1.01878561136183,0.279622325551725,-3.6434344409076,0.000269024197183672,0.000615246845799672,"ENSG00000095932.7"
251.270619184669,1.41093404720625,0.387415241491611,3.64191672422057,0.000270615621528934,0.000618671044295598,"ENSG00000132681.17"
10.3930124607444,-1.13865606032063,0.312790436493222,-3.64031609497533,0.000272303542726098,0.000622097028858129,"ENSG00000227487.4"
4.10068305945756,-1.24651699939752,0.342471953707661,-3.6397637409502,0.000272888306505887,0.000623378780479814,"ENSG00000226580.1"
2.63072139889498,-2.6111072982093,0.717439452238808,-3.63948106012459,0.000273188028930285,0.000623955001077826,"ENSG00000134538.3"
75982.9186136748,-1.20375504723836,0.330913573516806,-3.63767201945021,0.000275113446123381,0.000627992082788096,"ENSG00000099194.6"
25.5584579340671,-1.1298753652536,0.310604719934332,-3.63766321868025,0.000275122844061213,0.000627992082788096,"ENSG00000123901.9"
24.6710785937454,1.01155832021705,0.278231601865611,3.63567011595486,0.000277258953827038,0.000632428563949482,"ENSG00000223519.8"
12.3462952320636,1.05992865644664,0.291754174937955,3.63295111945543,0.000280198113550533,0.000638412553446793,"ENSG00000116983.13"
7.72621891691636,1.07378356038641,0.295922191342832,3.62860100323604,0.000284961261054327,0.000648590386694833,"ENSG00000259120.3"
2.63920382953552,1.31848922296861,0.363398397038388,3.62821969968494,0.000285382364678135,0.000649436369974036,"ENSG00000282499.1"
186.334894272906,1.2314678566226,0.339680657002288,3.62536939103456,0.000288548703549078,0.000656130644872736,"ENSG00000124479.11"
21.3194053516109,-1.27341034538625,0.35143477148684,-3.62346144634106,0.000290686549569244,0.000660477633893327,"ENSG00000180432.6"
8.58061888426817,-1.0512452202405,0.290215023076016,-3.62229773324017,0.000291997761951023,0.000663055652278244,"ENSG00000272549.1"
26.6159530133087,-1.16401471343511,0.321419953894867,-3.62147620062146,0.000292926756907181,0.000664992820741781,"ENSG00000280032.1"
71.6766227077804,-1.18186966360202,0.326364912338421,-3.62131350191375,0.000293111065903452,0.000665296308826107,"ENSG00000102924.12"
1325.7772200812,-1.79242881562086,0.495016040067502,-3.62095098044993,0.000293522129657451,0.000666119039166099,"ENSG00000181617.6"
3.33918260922178,-1.34424391849528,0.371678117320984,-3.61668835438697,0.000298396205951176,0.000676299549643935,"ENSG00000151962.8"
54.0106898522851,-1.00862671141681,0.279005510160147,-3.61507810665771,0.000300257082237991,0.000680341133581324,"ENSG00000107317.13"
5.21053185837608,-1.04820364724081,0.290100303580195,-3.61324560610482,0.0003023880241805,0.000684933370179272,"ENSG00000272729.1"
41.8201721554416,1.14265076373376,0.316457253611321,3.6107586433686,0.000305302673578841,0.00069088036783007,"ENSG00000100427.16"
4.03908074971144,1.24974400612644,0.34652025216844,3.60655401323832,0.000310290293690271,0.000701378595378127,"ENSG00000259964.7"
2.73902549634956,-1.78190184333828,0.494643542073277,-3.60239585029153,0.000315297740550343,0.000711660439040378,"ENSG00000140505.7"
696.249578144177,1.32155898543548,0.367500306617459,3.59607587160772,0.000323053612795661,0.000728353161667622,"ENSG00000006071.15"
4.45961552623216,-1.20013201750258,0.333790745214614,-3.59546223107817,0.000323816107740051,0.000729908793252973,"ENSG00000239605.11"
82.7835236612099,1.4621869693136,0.406805428165984,3.59431528705413,0.000325245791138017,0.000732729954081737,"ENSG00000258414.1"
11.7405531649032,-1.12992211173389,0.314493851533388,-3.59282735171035,0.00032710932962972,0.000736486347437688,"ENSG00000241720.2"
79.8059268485426,1.43529496050349,0.399633279488275,3.59153012066804,0.000328742172764817,0.000739782471656717,"ENSG00000261520.5"
3.8204087619848,-1.67869232253916,0.467468206842168,-3.591029930953,0.000329373803785109,0.000741013528947,"ENSG00000229019.1"
5.48844688075805,-1.24093592715328,0.345813684068956,-3.58845234969313,0.000332646774187693,0.000747755454190589,"ENSG00000257008.6"
13.0331153095081,-1.04250195185269,0.290577563243358,-3.58768908451339,0.000333621780552334,0.000749864450148583,"ENSG00000246792.3"
6.03821461943824,1.15042106844815,0.32076631543205,3.58647717388472,0.000335175388774523,0.000753098813348398,"ENSG00000255438.2"
2765.28252733293,1.03857948595417,0.289598422126722,3.58627467072219,0.000335435646742188,0.00075349034603638,"ENSG00000165215.6"
81.8439265827096,1.03585088938352,0.288887339944729,3.58565691934338,0.000336230752273931,0.000755211852056742,"ENSG00000257894.2"
21.7738717973443,1.41864149921489,0.395687140289518,3.58526056261745,0.000336741829875639,0.000756036752067249,"ENSG00000196604.13"
5.25570653245068,1.16113523637063,0.323994750397153,3.58380879612186,0.000338620006866799,0.000759928983989665,"ENSG00000211820.1"
34.5538808966168,1.0235816908393,0.286471926886,3.57306107431123,0.000352832427279397,0.000789935904481402,"ENSG00000183691.6"
4.41514975519387,1.67057493010042,0.467607161735345,3.57260338764001,0.000353449868441366,0.00079125085956161,"ENSG00000173826.15"
9.84052117503918,1.00992442139075,0.282816754304234,3.57094976171161,0.000355689120091951,0.000795789311584681,"ENSG00000262966.2"
9.11665009837537,1.22077038194602,0.342125922309448,3.56819025493734,0.000359455463409539,0.000803668543744159,"ENSG00000237254.2"
8.70413563968848,2.28397352819624,0.640207620656058,3.56755129821123,0.000360332851940928,0.000805424668799673,"ENSG00000271338.1"
135.267597119869,1.08768269368314,0.304895145170121,3.56739918924014,0.000360542016500687,0.000805755153618235,"ENSG00000159958.7"
2.77798599419675,-1.50192396822373,0.42115488285077,-3.56620338355644,0.000362190324137568,0.000809370045879258,"ENSG00000250927.1"
540.911222392858,1.24459772219583,0.349203998733387,3.5640992849743,0.000365107748667595,0.0008154042030741,"ENSG00000144331.20"
14250.3602143192,1.14524245562539,0.321446932768751,3.56277300816332,0.000366957963623545,0.000818979631135371,"ENSG00000175356.14"
2.89904763673753,-1.80284188251057,0.506080481468256,-3.56236201261924,0.000367533097445973,0.000820123943736306,"ENSG00000258088.1"
4.48646451770344,1.16037297612127,0.325735078432693,3.56232120195504,0.000367590252538149,0.000820181850400061,"ENSG00000269915.1"
224.833479748087,1.23297058455543,0.346176890834541,3.56167790860639,0.000368492279626375,0.000822124698896497,"ENSG00000069812.11"
4.80910830196102,1.70259989194963,0.478085359203391,3.56128850041881,0.000369039313546126,0.000823135549664491,"ENSG00000250979.1"
7.21017416279943,-1.42688892767217,0.400717895160064,-3.56083155982392,0.000369682183948261,0.000824499492821052,"ENSG00000254489.2"
113064.581130866,-1.01062295507673,0.284138635363875,-3.5567952727812,0.000375406485826585,0.000836627443909273,"ENSG00000111341.10"
80.1343215839947,-1.34907947749286,0.379361053074701,-3.5561886665978,0.000376273908463455,0.000838347326443455,"ENSG00000112319.19"
63.2393185578755,-1.16714764667972,0.328342489798495,-3.55466527465269,0.000378460565634495,0.000842933438449035,"ENSG00000198203.10"
94.1039075891871,-1.02189553848611,0.287637985303838,-3.55271414311522,0.000381278544679401,0.000848850183665371,"ENSG00000169031.20"
10.7058385641973,1.5609290883565,0.439411329302707,3.55231871429784,0.000381852039154922,0.000850054967150672,"ENSG00000196415.10"
31.9525223190873,1.20096909238646,0.338122983505992,3.55187062391804,0.000382502883626723,0.000851287535414461,"ENSG00000172548.14"
2.95671064585296,-1.40800690825073,0.396615477583875,-3.55005537562,0.000385150126489113,0.000856888938940228,"ENSG00000272033.1"
4160.12423235212,1.40407394766052,0.395740293023755,3.54796813064531,0.000388215191628243,0.000863123675922579,"ENSG00000211598.2"
12.5651740356675,-1.28278717859941,0.361718893083696,-3.54636487926716,0.000390584987303643,0.000867878587056298,"ENSG00000224739.2"
5.15354618875505,1.31261745269505,0.370137325433063,3.54629852895619,0.000390683351619859,0.000867983931052567,"ENSG00000259470.2"
31.2354694068884,1.57842727206913,0.445676031192051,3.54164720917861,0.00039763690982791,0.000882801633407956,"ENSG00000174963.18"
7.28063097196641,-1.21844817593415,0.344124977626547,-3.5407141450117,0.000399045659770137,0.00088563000265121,"ENSG00000224822.1"
708.084611680664,-1.51230865123039,0.427542568854943,-3.53721187408472,0.000404375129892431,0.000896776570544435,"ENSG00000165186.12"
5.58733151626552,-1.57571757302466,0.445686637940414,-3.53548309257438,0.000407030291252521,0.000902208144314494,"ENSG00000277089.4"
116.180711492894,-1.25683123270273,0.355926557572168,-3.53115328419374,0.000413751899672392,0.000916025516424288,"ENSG00000171246.6"
47.9924304342436,1.07620311493391,0.305127634360213,3.52705882307408,0.000420203397161252,0.000929056703481354,"ENSG00000228956.8"
30.2185319151909,-1.39123142512351,0.394918755146949,-3.52282946046924,0.00042696600193671,0.000942502258747332,"ENSG00000242173.10"
3049.63083626183,1.04579695762715,0.297025663557306,3.52089763928896,0.000430088606477483,0.000948917059737611,"ENSG00000224389.9"
6.24170808615961,1.4415080652272,0.409432871254837,3.52074336583978,0.000430338891936823,0.000949389578283319,"ENSG00000268529.1"
32.383141350345,-1.03029540839349,0.292638219533504,-3.52071376744942,0.000430386926416848,0.00094941586017125,"ENSG00000164841.5"
6.19168884430406,-1.03273179294678,0.293825698442,-3.51477695253616,0.000440123479882358,0.000969917459983894,"ENSG00000226937.9"
648.693323193444,-1.45796312165755,0.415236130086454,-3.51116633649869,0.000446145143709097,0.00098244629333528,"ENSG00000106278.12"
8.26351701884928,1.18063951696706,0.336954478709478,3.50385464971074,0.000458575582071393,0.00100796124763041,"ENSG00000174325.6"
2290.51913236548,-1.40955065229485,0.402330090334606,-3.50346813762442,0.000459241592650215,0.00100917197736128,"ENSG00000137077.8"
73.1592856541783,1.00119690251198,0.286107688582354,3.49937083995488,0.000466357482110757,0.00102408353495262,"ENSG00000186265.10"
44.3342175465519,-1.02574585959131,0.29316771335802,-3.49883637540486,0.000467293249038035,0.00102592179733676,"ENSG00000119715.15"
175.109774768207,-1.20109546931887,0.343523980538566,-3.49639482936776,0.000471590350538988,0.00103457814652924,"ENSG00000165966.16"
31.9318084859986,-1.37408036555456,0.393192633279864,-3.49467474528324,0.000474639786859663,0.00104092049710633,"ENSG00000178934.5"
218.261188304892,-1.7120896888167,0.489988805440177,-3.49414041669515,0.000475590804747521,0.00104283212747008,"ENSG00000081051.8"
19.5047544773304,-1.01385657840497,0.290469581610529,-3.49040533877445,0.000482288437803462,0.00105619640886737,"ENSG00000223561.7"
5.8705085006874,-1.01872773913762,0.292016285184211,-3.48859906390147,0.00048555886063372,0.00106318136395341,"ENSG00000231811.3"
396.486841851533,1.00819578449645,0.289641554110677,3.48083957632404,0.000499844771676024,0.00109255051798192,"ENSG00000144354.14"
6.41822726794732,1.25385848907858,0.360240817493809,3.48061193565366,0.000500269736515474,0.00109338847119347,"ENSG00000244086.1"
5.02214891139725,1.31127141311639,0.376739008435599,3.48058306614285,0.000500323654845456,0.0010934153940266,"ENSG00000225173.1"
10.6891528389856,-1.02810530529921,0.295437311851712,-3.479944015383,0.000501518570460023,0.00109566238101332,"ENSG00000264449.6"
644.271498230355,1.62618849804317,0.467428397230534,3.47901091948665,0.000503268079684517,0.00109930177066632,"ENSG00000078898.7"
5.76659002281502,1.14973034786788,0.330911881258944,3.47443054475339,0.000511938878380284,0.00111740586940271,"ENSG00000286159.1"
219.020239193468,1.25071934436336,0.360010962308761,3.4741146112398,0.000512542055443433,0.00111853664773125,"ENSG00000147485.13"
550.355879574996,1.01521412184297,0.292232807279312,3.47399092967905,0.000512778367406949,0.00111886656225504,"ENSG00000091129.21"
3.00024361676114,-1.43317775814553,0.412999558579711,-3.47016777227118,0.000520133363165033,0.00113406763313395,"ENSG00000260518.2"
37.5610010083164,1.89675198056493,0.546702401214934,3.46944146641717,0.000521541698022561,0.00113685536497139,"ENSG00000197888.2"
9.73053623768709,-1.0943602754532,0.315447187426242,-3.46923453140341,0.000521943602994107,0.00113744844217703,"ENSG00000173714.8"
21.9774429424889,1.68803587827605,0.486607576468955,3.46898807150765,0.00052242264899539,0.00113839420221036,"ENSG00000240253.6"
4.30843271554887,1.2477343935329,0.359762616902993,3.46821580372631,0.00052392636679932,0.0011413908516331,"ENSG00000276819.1"
5.3940950339821,-1.36491765401403,0.393580548504572,-3.46794997669498,0.000524444903253014,0.00114242581113063,"ENSG00000274002.1"
14.5296523131284,1.02093813622237,0.294513108367147,3.46652867807041,0.00052722548885969,0.00114800718657842,"ENSG00000198237.8"
5.19747817776859,-1.10688862954385,0.319306360344248,-3.46654112480097,0.000527201078935033,0.00114800718657842,"ENSG00000199933.1"
4.82581288673581,1.19237867635956,0.344276522719197,3.463433018731,0.000533329359482678,0.00116014473927358,"ENSG00000175513.9"
815.884473698652,1.17400413285072,0.339187587579711,3.46122374709487,0.000537725689606552,0.00116883741528437,"ENSG00000172724.12"
17.7006594720624,-1.02217613755819,0.295681755659325,-3.45701457054355,0.000546195315834998,0.00118607052886708,"ENSG00000234362.6"
12.6554170079312,-1.24239475502035,0.359388322604821,-3.45697029334609,0.000546285066497097,0.00118616742567614,"ENSG00000238755.3"
10.0907413726891,1.16649211122164,0.33771443489763,3.45407832974399,0.000552176971194518,0.00119797106982061,"ENSG00000276953.1"
14.8760445234302,1.00763398529888,0.29180147984009,3.45314898968666,0.000554082882183648,0.0012018084234457,"ENSG00000102931.8"
5.7314453111105,-1.14511808865702,0.331942901592975,-3.44974416733019,0.000561118040695106,0.00121616447444794,"ENSG00000267440.2"
39.3622934362315,1.21121900066487,0.351153996753719,3.44925306806164,0.00056213960459039,0.00121827814701961,"ENSG00000251664.5"
26.1866302092972,1.37590061287138,0.399364606327667,3.44522421634553,0.000570585879965972,0.00123495382650079,"ENSG00000138083.5"
185.171648759778,1.11264597833833,0.323028565316587,3.44441977522289,0.000572286439658484,0.00123853246438729,"ENSG00000130045.16"
34.3827828906379,1.75541787738133,0.510196414398865,3.44067074530431,0.000580274184439697,0.00125488947373811,"ENSG00000257986.3"
8.9423380621118,-1.36604431719589,0.397521109853511,-3.43640698150416,0.000589484735292828,0.0012735506150285,"ENSG00000224239.1"
1600.5713098756,1.55185510057172,0.451649569880251,3.43597161175903,0.000590432836475557,0.0012754940966486,"ENSG00000144452.15"
4.4365246345378,-1.51172994651155,0.440592753374304,-3.43112757741447,0.000601077843747232,0.00129646561997803,"ENSG00000226774.1"
910.501249491135,1.13517641064227,0.330991428046035,3.42962480129362,0.000604416400768605,0.00130313187415323,"ENSG00000126562.17"
36.9991311592381,1.13504550151293,0.331392950913463,3.42507436680306,0.000614631156685893,0.00132276797857463,"ENSG00000260641.1"
230.113316899355,-1.61734251549161,0.472556200480288,-3.42254003618576,0.000620389607399741,0.0013345053147471,"ENSG00000243955.6"
37.1809188641668,1.50272772272925,0.439298824658039,3.42074150528177,0.000624506599214966,0.00134270195940828,"ENSG00000004848.8"
18.0410445004786,1.11970464946969,0.327948042098251,3.41427453661771,0.000639520995243306,0.00137296167924325,"ENSG00000070915.10"
152.688561699093,-1.10373776522743,0.323393819012755,-3.41298349052212,0.000642558346873965,0.0013791445034489,"ENSG00000163121.10"
11.6968465307447,-1.34968008227734,0.395532257455352,-3.41231355177067,0.000644139746310689,0.00138220010548046,"ENSG00000285373.2"
21.6396443844456,1.37659930071315,0.403764367943167,3.40941254357274,0.00065102948130071,0.00139601539592632,"ENSG00000164089.9"
93.7414500972098,-1.08447394649859,0.318084269606253,-3.40939194459703,0.000651078646864093,0.00139601539592632,"ENSG00000196109.9"
4.10305732261685,-1.55816425476704,0.457176185132007,-3.40823582995062,0.000653843599207522,0.00140119243062132,"ENSG00000226191.3"
1276.25743960186,1.32787135113397,0.389762043196384,3.40687702744033,0.000657107255536039,0.00140795688469139,"ENSG00000022556.16"
2.88435291699582,-1.09480471279684,0.321559282060013,-3.40467457752476,0.000662429430241242,0.00141855101388796,"ENSG00000225956.1"
8.36890252349851,1.18449320543071,0.347941050736958,3.40429277580753,0.000663356112595849,0.00141995700492461,"ENSG00000168070.12"
13.8982886965046,1.04419422711214,0.306967951399713,3.40163923416378,0.000669829978432851,0.00143311446097917,"ENSG00000274461.2"
18.0803722231331,1.12185280265751,0.32981878927574,3.40142174774526,0.000670363177858798,0.00143413851268441,"ENSG00000158485.11"
46.621232753642,1.10808671203818,0.325831257093044,3.40079930306304,0.00067189137266783,0.00143729086344928,"ENSG00000152467.10"
5.00716632735909,-1.12116904804565,0.330060089133299,-3.39686343474523,0.000681629754065684,0.00145693717621066,"ENSG00000201217.1"
73.3104456720655,1.52688350582682,0.449691203880869,3.39540443008381,0.000685272932444566,0.00146400989647834,"ENSG00000265369.3"
11.5003051798159,1.03958447194085,0.306202001020529,3.39509365868302,0.000686051272508009,0.00146543451008537,"ENSG00000176601.13"
13.4626740285928,1.41389324939809,0.416901631393486,3.39143131839561,0.00069528586983841,0.00148419506235952,"ENSG00000128438.10"
9.53433478810239,1.0043867839742,0.296209179633585,3.39080235533766,0.000696883377404333,0.0014873635965648,"ENSG00000232613.6"
5.18569772913974,1.00717637602692,0.297084876059589,3.39019740548792,0.000698423111366181,0.00149040781514563,"ENSG00000211727.3"
8.34770209211838,-1.0758417415708,0.317385157427027,-3.38970401228722,0.000699681248639903,0.00149285022641864,"ENSG00000234509.1"
50.7565549532732,1.02641091893282,0.302995371226082,3.38754653174867,0.000705207537322501,0.00150415279647688,"ENSG00000179148.10"
39.7466418607037,1.05780377352309,0.312274648579429,3.38741482324982,0.000705546212815873,0.00150475305563554,"ENSG00000285601.1"
41.9393712615499,1.30760830821429,0.386298919559287,3.38496496367654,0.000711873403021753,0.0015168934353485,"ENSG00000132704.16"
5.81574024919218,-1.06239069374806,0.314258324281449,-3.3806286473945,0.000723202112885088,0.00153966015997664,"ENSG00000223558.1"
4.62761927786707,1.40151356122315,0.41514458605603,3.37596492474551,0.000735572961128463,0.00156461156939967,"ENSG00000268117.1"
12.4242051708965,1.49557465364573,0.443402537627383,3.37295014514001,0.000743674165678644,0.00158081130373615,"ENSG00000275896.6"
3.84438607546279,-1.16213980984252,0.344583594547889,-3.37259181293092,0.000744642553314918,0.00158235790050362,"ENSG00000260762.1"
62.1399591665218,-1.99744588952462,0.59282961298657,-3.3693422962828,0.000753477943832206,0.0015992325296972,"ENSG00000231817.9"
1890.03259938008,-1.56314909705219,0.464294195720108,-3.36672116830534,0.00076067558072877,0.00161355798271931,"ENSG00000167754.13"
3042.52112792771,1.17295703765219,0.348905764099566,3.36181616454311,0.000774316558038096,0.00164090433052272,"ENSG00000188488.14"
20.6987745708947,1.10802181102374,0.329613201240758,3.36158202054054,0.000774973364815657,0.00164216381173934,"ENSG00000224137.1"
706.03233331862,-1.37273069275071,0.408444393678781,-3.36087534556854,0.000776958824692914,0.00164610557377306,"ENSG00000198759.12"
12.719860730097,-1.12249798496501,0.334747378003431,-3.35326893868458,0.000798630646958031,0.00168956921479756,"ENSG00000172250.16"
3.26971227777767,1.59110574606126,0.474631202266558,3.35229908708715,0.000801433875483228,0.00169481760263908,"ENSG00000250590.6"
14.521023381698,1.13175058531451,0.337650081133391,3.35184455314082,0.000802750786153274,0.00169705635512367,"ENSG00000286593.1"
47.8367870873951,-1.21958353776692,0.364359814292375,-3.34719551917513,0.000816336113541254,0.00172397383965277,"ENSG00000259884.1"
166.480541540376,-1.26012905639522,0.376510345194684,-3.3468643623687,0.000817311907307855,0.00172575724386887,"ENSG00000264230.9"
291.901719867552,-1.00319538792302,0.299797136412571,-3.34624739891595,0.000819132751920556,0.00172918522620512,"ENSG00000085265.11"
93.6904755202169,1.00547029949837,0.300569619445459,3.34521599805539,0.000822185133147153,0.00173507138013968,"ENSG00000171811.14"
25.8571962689266,1.35334957991484,0.404659576256477,3.34441505730504,0.000824562754216974,0.00173980953936252,"ENSG00000232400.1"
80.3537404893844,-1.10593904084593,0.330749004859271,-3.34374109853027,0.000826568365088598,0.00174376136993248,"ENSG00000230333.6"
280.390090721567,-1.56670543417158,0.468617478901636,-3.34325010207405,0.000828032353127375,0.00174670966048153,"ENSG00000102683.8"
8.73260290180805,1.18565511938165,0.354925559747793,3.34057406354213,0.000836053779973371,0.00176260563277695,"ENSG00000187862.12"
6.16958523003361,-1.42418053765467,0.426466890194323,-3.33948677001803,0.000839333488114758,0.00176898736281038,"ENSG00000286518.1"
20.0167566759533,-1.27343259422237,0.381427956622185,-3.33859270699378,0.000842039273098011,0.00177426328796762,"ENSG00000266302.6"
18.4367030686448,1.0612787621921,0.31824861116391,3.33474750545103,0.00085376883705537,0.00179724972874927,"ENSG00000245954.8"
35.2482135366153,1.11352080367583,0.334252484573117,3.3313762950721,0.000864176993172381,0.00181770391233538,"ENSG00000187912.12"
7.29150569225499,-1.03426359081531,0.310580437468881,-3.33009895679262,0.000868151244916143,0.00182547898571007,"ENSG00000205456.11"
46.2266093126233,-1.00723991270511,0.302637886729899,-3.3282016458305,0.000874085741334528,0.00183722268094656,"ENSG00000172020.13"
560.873475072644,1.13197888625144,0.340148229814541,3.32789880126269,0.000875036466015596,0.00183907392233759,"ENSG00000137968.16"
6.08304328273794,1.1114180338572,0.334136794568546,3.32623659508173,0.000880271750031403,0.00184948542588532,"ENSG00000260593.1"
11.1372444574963,-1.09333724405583,0.328924912518096,-3.3239721360287,0.000887450623381714,0.00186412148844921,"ENSG00000197584.12"
6.51534636358996,1.05055584527387,0.31630219270973,3.32136757027784,0.000895774809360033,0.00188025435946487,"ENSG00000265702.2"
7.85427250258365,-1.41493933877099,0.426279878323044,-3.31927311309476,0.000902521125450808,0.00189320552764158,"ENSG00000124490.14"
85.8714900425324,1.12376422071683,0.338691639197927,3.31795678032702,0.00090678514269487,0.00190154305812925,"ENSG00000249158.7"
59.6943503615073,1.00696544681173,0.303517058502834,3.31765684531476,0.000907759335041845,0.00190343409351734,"ENSG00000224557.7"
10.4260533037708,1.4880260850016,0.448696724215905,3.31632928143595,0.000912082936657425,0.0019117374726558,"ENSG00000126233.2"
6.01482228793379,-1.67412521328447,0.505015680451709,-3.31499650028106,0.000916442719790174,0.00191965097600932,"ENSG00000103310.11"
102.532210277382,1.45649316899909,0.439527572778915,3.31376973642497,0.000920472760653691,0.00192732462686383,"ENSG00000166415.15"
4.36454489172037,1.42201434885619,0.429157466584139,3.31350252431738,0.000921352754141531,0.0019287062591475,"ENSG00000087250.9"
59.6349922564338,1.06241101558554,0.320648725162803,3.31331744745321,0.000921962713478418,0.00192982941475406,"ENSG00000131094.4"
4.15004049776665,1.2769951027327,0.385532339308648,3.31229049428812,0.000925354055149379,0.00193615713943212,"ENSG00000211812.1"
9769.27014467771,-1.27286785846512,0.384576779334505,-3.30978864784236,0.000933664424394233,0.00195230196744455,"ENSG00000163017.14"
82.3566655653903,1.05174312042531,0.317920199272821,3.30819848135148,0.000938982356316337,0.00196248507104155,"ENSG00000204967.12"
5.86584630392909,-1.33896830159713,0.404816283511029,-3.30759496625005,0.000941008004001373,0.00196624965237078,"ENSG00000288541.1"
4.65073144506059,2.35155484836777,0.711696752987438,3.30415284107566,0.000952638804077988,0.00198865525584829,"ENSG00000279773.1"
4948.2305748167,1.03023112196252,0.312743611513331,3.29417159627131,0.000987122171242803,0.00205461420283194,"ENSG00000196208.14"
120.983167225126,1.16915222998023,0.354919881567542,3.29413000144299,0.000987268261557538,0.00205474376330496,"ENSG00000214975.4"
22.7688332019093,1.73806752811709,0.5283225851481,3.2897846447921,0.00100264088141067,0.00208442718713898,"ENSG00000181449.4"
5.23382649294151,1.42477349380023,0.4331696513885,3.28918124626969,0.00100479296750859,0.00208840569017838,"ENSG00000286610.1"
7.39614400487575,1.0344998711734,0.314742562941592,3.28681275740064,0.00101328184028939,0.00210455155196889,"ENSG00000230037.1"
15.0889743325567,-3.04932402523635,0.928129937524354,-3.28544948498263,0.00101819798098639,0.00211376002940102,"ENSG00000215110.7"
4.18679111569044,-2.71155812980199,0.825502101005439,-3.28473801156822,0.00102077240657717,0.00211876979661015,"ENSG00000203785.9"
6.56053373727518,-1.01916985268212,0.310287949521797,-3.28459372738394,0.00102129522480894,0.00211968759387858,"ENSG00000221882.3"
4.72544388822059,1.00075050420822,0.304715282760992,3.28421500602311,0.00102266871271708,0.00212220309845695,"ENSG00000164509.15"
313.732156877403,1.33527604255475,0.407146784453433,3.279593732632,0.00103956670422266,0.00215522726406283,"ENSG00000150893.11"
6.73450227030273,2.10484569488281,0.642720675132419,3.27489962019527,0.0010569952431428,0.00218928786215645,"ENSG00000173237.4"
27.2302360107183,1.26299884257585,0.385995196883209,3.27205844211061,0.00106767503661095,0.00220897124230812,"ENSG00000175336.10"
3.73518498912239,-1.21211348012414,0.370466118526814,-3.27186055487125,0.00106842258708931,0.00221016994168547,"ENSG00000272256.1"
76.2348436923421,-1.23521000952957,0.377573129610178,-3.2714457482842,0.00106999115634398,0.00221306637970926,"ENSG00000234840.2"
2292.97480570171,1.08661419227686,0.333209267220015,3.26105633658557,0.00110997984597051,0.00228982892013883,"ENSG00000103534.17"
157.213884401658,-1.87021992077906,0.573534545596303,-3.26086708314073,0.00111072093102262,0.0022911779117092,"ENSG00000181577.16"
5.98935327077649,1.02648002113205,0.31484208089582,3.26030122216004,0.00111293947851375,0.0022952139076701,"ENSG00000251532.1"
11.1919864759607,2.22162967855578,0.681832809173381,3.25832029298967,0.00112073834347346,0.00231020991450526,"ENSG00000164532.11"
6.82192133060651,-1.11296708603758,0.341785713913654,-3.25633003583863,0.00112862479074583,0.00232559550741024,"ENSG00000242953.1"
4.37525672106567,-1.55931908574068,0.479295549833992,-3.25335606867362,0.00114050486568351,0.00234874480056612,"ENSG00000233907.1"
8.53974464255254,1.36470335553881,0.4197952260669,3.250878692273,0.00115048935423889,0.00236800800209983,"ENSG00000269954.2"
4.93521921439077,1.88968559214471,0.581582851308619,3.24921133402185,0.00115725467197867,0.00238081416705442,"ENSG00000279774.1"
1282.25213439017,-1.27740171280535,0.393611344266878,-3.24533764438263,0.00117311437574318,0.00241136609463,"ENSG00000100170.10"
6.2415142655078,1.37188480055204,0.422862027956817,3.24428468354254,0.00117746000540753,0.00241954177016117,"ENSG00000258661.1"
137.543209853833,-1.21041832206634,0.373309938977927,-3.24239511377678,0.00118529568538641,0.00243469320665825,"ENSG00000169594.13"
118.390872928901,1.17139819464567,0.361322891193875,3.24197061186786,0.00118706262737683,0.00243793984200443,"ENSG00000241945.8"
4.0692743075202,2.31978684192563,0.715763282155761,3.24099726789396,0.00119112325478226,0.00244551504676588,"ENSG00000136695.15"
9.22569771294832,1.05652595585235,0.326443455530219,3.2364746113115,0.00121015990978441,0.00248266024576752,"ENSG00000167634.12"
5.64161621615971,1.31975461446343,0.407993207707134,3.23474653384617,0.00121750760519676,0.00249559150705698,"ENSG00000287097.1"
6.20619036591597,1.13945003122473,0.352380737171811,3.23357638777277,0.00122250638017878,0.00250525165262895,"ENSG00000112486.17"
3.91042367833574,-1.05630097640028,0.327057148808424,-3.22971376791098,0.00123914207232345,0.0025375621526256,"ENSG00000249142.1"
10.2489640574812,2.1841828166234,0.676653715195141,3.22791816194122,0.00124694642393808,0.0025521522976786,"ENSG00000239402.3"
36.9002954451971,1.12722179553888,0.349390556240699,3.22625146960849,0.00125423106257827,0.00256686204537938,"ENSG00000153347.10"
14.1559795280387,2.55348517166942,0.792063681176745,3.22383822456773,0.00126484832711865,0.00258637571417354,"ENSG00000256417.1"
8.97421899476826,-1.26940384187662,0.393907613938958,-3.22259280338089,0.00127036006062018,0.00259683806449998,"ENSG00000260412.1"
413.299272275397,1.37130714067994,0.425579099025471,3.22221449272316,0.00127203869697754,0.00259986509419577,"ENSG00000183888.4"
3.53206416017835,-1.05406596980976,0.327384262031935,-3.21965986778844,0.0012834277625199,0.00262090088649467,"ENSG00000233261.3"
62.1980319492885,-1.37472525881891,0.427090755795185,-3.21881295758639,0.00128722419595772,0.00262804107243691,"ENSG00000106631.8"
11.4154942324638,-1.00130360075029,0.311382944492787,-3.21566617073816,0.00130142124972353,0.00265537619373802,"ENSG00000210049.1"
161.934189768215,-1.16349725256635,0.361867612533676,-3.21525666367302,0.00130327937266343,0.00265896103633358,"ENSG00000169760.17"
4.55894582298979,1.10721245052144,0.344658204817491,3.21249410298457,0.00131587849856101,0.00268154368554641,"ENSG00000244998.1"
3.61212513799284,1.08824828735267,0.338849858101956,3.21159434284085,0.00132000621006235,0.00268974674201712,"ENSG00000234571.2"
7.45939754159059,1.03240152146445,0.321468764824805,3.21151425715369,0.00132037418711121,0.00269028799488612,"ENSG00000272502.1"
14.5025863770822,-1.22879859163924,0.382709741387385,-3.21078472469671,0.00132373059790324,0.0026962906877936,"ENSG00000234928.1"
636.377134298989,1.30678557224394,0.40705418022399,3.21034799722448,0.00132574364573834,0.00269997256970297,"ENSG00000154198.14"
1686.49941972524,-1.03938085273128,0.324541685170257,-3.20261125219095,0.00136187685417332,0.00276841231516562,"ENSG00000184012.13"
3.5319145650842,-1.56991196122604,0.490748429849029,-3.19901575988537,0.00137897630383685,0.00280187176639207,"ENSG00000254933.1"
1791.15592229313,1.24716145503958,0.390513147500228,3.19364780167574,0.00140487400431215,0.00285171189591152,"ENSG00000211663.2"
2698.78858071736,-1.08270415212443,0.339074974965381,-3.19311135313059,0.0014074865963436,0.00285626758016486,"ENSG00000148735.15"
7.43967694727427,-1.23543182393436,0.386908179130801,-3.19308789674541,0.00140760093492586,0.00285627908388723,"ENSG00000099984.11"
3.19716192721164,-1.37373780650024,0.430646254962358,-3.18994485768909,0.00142299942563122,0.00288515504769919,"ENSG00000235899.2"
51.4172559243833,-1.29330031320776,0.405785727664165,-3.18715081639865,0.00143681832662814,0.00291084730207292,"ENSG00000273018.7"
184.323926213671,-1.263823699325,0.396655576803863,-3.18619924496848,0.00144155282069942,0.00291976376198378,"ENSG00000237686.7"
14.104094975111,-1.32544009513207,0.4160410919828,-3.18583938143031,0.00144334704729596,0.00292272217188959,"ENSG00000120057.5"
3.45078258594199,-1.20737296721224,0.379522283202967,-3.1812966475187,0.00146617414083846,0.00296759342421017,"ENSG00000225929.1"
6.72376719087491,1.17248404353545,0.368664323669093,3.18035667749575,0.00147093880873781,0.00297630143563238,"ENSG00000262198.1"
133.19002693526,2.42483258290996,0.762942240247919,3.17826495243206,0.00148159292235326,0.00299647494391605,"ENSG00000135413.9"
8.14966285840684,-1.21819428057348,0.38376563997205,-3.17431826534079,0.00150188909134643,0.00303495447658564,"ENSG00000225849.2"
3.96806090786449,-1.09660084407434,0.345697703421337,-3.17213806519796,0.00151321048194186,0.00305618751401259,"ENSG00000276578.1"
4.54859571159494,2.06313954394063,0.650443206854364,3.17189805689302,0.00151446159412965,0.00305786270246609,"ENSG00000279521.1"
7.10266065172448,2.28988143717162,0.721952772069736,3.17178841298283,0.00151503346151006,0.00305844288714469,"ENSG00000184330.12"
1130.09211597586,-1.05544537136302,0.33276585400002,-3.17173579763674,0.0015153079568623,0.00305854356766769,"ENSG00000138798.13"
11.5899618769375,1.0950489337834,0.345305795161117,3.17124400785819,0.00151787585054165,0.00306325620820306,"ENSG00000170703.15"
6.23385234221618,-1.29851520782604,0.409612297314674,-3.17010796877635,0.00152382304164398,0.00307407819683555,"ENSG00000279891.1"
1436.96426733586,1.27947085491949,0.403736344945857,3.16907524164334,0.0015292480088891,0.00308402877128786,"ENSG00000211659.2"
3.67067240694424,-1.16522932381742,0.36772587833154,-3.16874441664086,0.00153098960757802,0.00308711398892065,"ENSG00000274238.1"
184.533418972372,1.25887527705619,0.397831769915237,3.16434073961566,0.00155434703793796,0.00313180970066395,"ENSG00000132164.10"
45751.9152966237,1.58637216416025,0.501515020564134,3.16315982395862,0.00156066626338745,0.0031423741433182,"ENSG00000110484.7"
10.293399982472,1.0542174949926,0.333534273157415,3.16074712506398,0.00157365051508818,0.00316560769467148,"ENSG00000109758.9"
16679.1797085012,-1.23851735365137,0.391975706043758,-3.15967886416183,0.00157943120633906,0.00317553505908482,"ENSG00000211890.4"
16.5950816101906,-1.00292522830948,0.317508119445551,-3.15873883811488,0.00158453414345908,0.00318506389007941,"ENSG00000265246.1"
147.368048461236,-1.34809865262627,0.427632479773516,-3.15247020839076,0.00161895340807408,0.00324754417902915,"ENSG00000225972.1"
3.53966426268551,-1.16959423104934,0.371193389052985,-3.15090264412654,0.00162766734916004,0.00326303169897967,"ENSG00000229414.2"
121.356958210986,1.27531809530247,0.405107165964827,3.14810055819452,0.00164335150141468,0.00329070934505435,"ENSG00000184709.7"
4.33122761602151,-1.41322810528001,0.44905371138358,-3.14712487494139,0.00164884526794804,0.00330120726864307,"ENSG00000272566.1"
4.26772957914736,-1.08241154207254,0.344281347624777,-3.14397381542795,0.00166670352559236,0.00333442194144234,"ENSG00000272254.1"
5.99507317077863,1.2381410787339,0.394735075782507,3.13663810159121,0.00170896930516381,0.00341248569603628,"ENSG00000211750.2"
12.1685866066451,1.29213546017977,0.412362532052487,3.13349385490558,0.00172738535490503,0.00344611739418017,"ENSG00000148942.15"
3.82977053161,1.0991936510881,0.350876706545526,3.13270624861351,0.00173202690899672,0.00345432849807039,"ENSG00000109511.12"
5.76056469938323,-1.31576449038519,0.420099205234504,-3.13203280080169,0.00173600479251703,0.00346121140609252,"ENSG00000233569.2"
490.509231071037,1.20981276159111,0.38637873867862,3.13115769705278,0.00174118635669908,0.00347048928486225,"ENSG00000189377.9"
8.95149614613324,-1.04518846078996,0.334252340137776,-3.12694433301244,0.00176633368573634,0.00351741151571285,"ENSG00000145692.15"
3.02387313356125,-1.28388823429132,0.410785102924047,-3.125449840202,0.00177533344224777,0.00353426222798154,"ENSG00000282692.1"
2398.30782876764,1.21269470965355,0.388026782814361,3.12528609715513,0.00177632205221012,0.00353596249774999,"ENSG00000241351.3"
452.605240055922,1.24589736983448,0.39867075787575,3.12512855588665,0.00177727369616186,0.00353758893070188,"ENSG00000211950.2"
19.1108631323483,-1.02992757431108,0.329746956287698,-3.12338766036248,0.00178782100055459,0.00355723597112618,"ENSG00000168065.16"
14.3500724809497,1.04248310812589,0.33490529960176,3.11276981691697,0.00185340510251492,0.0036793730902192,"ENSG00000227183.3"
158.397952257442,1.27549093788886,0.409789341796577,3.11255273818718,0.00185476871667815,0.00368152401066066,"ENSG00000211973.2"
63.8210830841292,1.22365366390957,0.39325379482808,3.11161311092882,0.00186068176899848,0.00369298192376018,"ENSG00000074803.20"
50.6618913582167,1.25340067604528,0.403169846944862,3.1088651235783,0.00187807431534167,0.00372637618362198,"ENSG00000182585.10"
28.2401327506078,1.08492484606924,0.349289641791384,3.10608937758658,0.00189579404716238,0.00375869734748556,"ENSG00000285108.1"
16.3266652478119,1.01628898197622,0.327409534947223,3.10402988764529,0.00190904045147939,0.0037821074264479,"ENSG00000211753.4"
9.51238497961186,1.10987893869812,0.358029580900249,3.09996435464183,0.00193543933317529,0.00383036574302985,"ENSG00000184774.10"
6.35049396299277,-1.15587887927247,0.373066693411151,-3.09831700252746,0.00194623125252984,0.0038499843637762,"ENSG00000240665.1"
4.32574277169766,1.7200862417055,0.555430352220804,3.09685316048717,0.00195586731472221,0.00386700891380762,"ENSG00000238358.2"
7.01839372476744,-1.11958722378955,0.361739161673471,-3.09501249079623,0.00196804608842107,0.00388874781146138,"ENSG00000261502.4"
11.0207088526816,-1.4738624036728,0.476362678446061,-3.09399218360405,0.00197482689250669,0.00390068009638881,"ENSG00000226251.6"
3.46074808232395,-1.55999134903313,0.504532589572475,-3.09195358491118,0.00198843937816797,0.00392609229385269,"ENSG00000198128.4"
10.71956329599,1.70031582816709,0.549955135703904,3.09173552128177,0.001989900557969,0.00392868221029499,"ENSG00000142025.16"
9.49587923385023,-1.20602648776609,0.390307315523533,-3.08994077179517,0.00200196412957677,0.00394982924349165,"ENSG00000213412.3"
93.4080229421964,-1.06268168136047,0.343954751183903,-3.08959733134282,0.00200428023258241,0.00395410205157967,"ENSG00000171189.17"
12.1036327731087,-1.13411143041654,0.367491550481109,-3.08608845273256,0.00202808481126916,0.0039974639054667,"ENSG00000226145.7"
7.46430718656827,1.49702377659908,0.485263534217087,3.08497068302143,0.00203572218188271,0.00401161507187023,"ENSG00000237574.1"
47.150633281241,-1.01188736493785,0.329321768239113,-3.07264038556703,0.00212174007387769,0.00417236391604078,"ENSG00000125965.9"
4.42803337944757,1.07926415556404,0.351578852804374,3.06976414239728,0.00214227875818797,0.00420832081624452,"ENSG00000275743.1"
4.9395682251094,1.48683704385255,0.484753504111289,3.06720226103039,0.00216072597567957,0.00424109637403941,"ENSG00000244791.3"
35.0643176641963,-1.3005468575112,0.424462702419394,-3.06398383202626,0.00218410713500301,0.00428322135179057,"ENSG00000109424.4"
3.59504242483479,-1.05307930434801,0.343749346368857,-3.06350925600893,0.00218757437571372,0.00428835060346505,"ENSG00000162951.11"
22.9756666995372,1.18818854707725,0.388662132624828,3.05712454941988,0.00223471399862067,0.00437423463954019,"ENSG00000231240.1"
13.7833282084909,-1.5013365377302,0.491226619717335,-3.0563012619188,0.00224085978964877,0.00438463178077334,"ENSG00000236816.3"
119.317355609193,1.15067082424919,0.376507220107413,3.0561720009537,0.00224182612033863,0.00438619605083969,"ENSG00000145832.14"
22.210931052499,1.41921160109358,0.464475057628521,3.05551735832635,0.0022467259719577,0.00439414729123715,"ENSG00000278683.1"
136.490802131002,1.21046570996953,0.39680772523328,3.05050943566662,0.00228453501888195,0.00446311271267231,"ENSG00000160886.13"
4.77875690147808,-1.2415341509306,0.407621063663786,-3.04580469853895,0.00232058515793276,0.00452882835544288,"ENSG00000228016.1"
102.580793988212,1.02955089287217,0.338029283492079,3.04574468293453,0.00232104837547453,0.00452905979962676,"ENSG00000143632.14"
18.0951543840253,-1.04271318959168,0.343099546972072,-3.03909812412709,0.00237287553740846,0.00462366822041989,"ENSG00000174482.10"
41.132835313436,-1.10714871213924,0.364495912546525,-3.03747908832289,0.00238565956806996,0.00464664855367387,"ENSG00000225472.2"
4372.68112878319,1.51801683790771,0.499909076257087,3.03658587132162,0.00239273943656149,0.00465926532453564,"ENSG00000186160.5"
38.8810241471491,-1.02498175295249,0.337726650970121,-3.03494482892665,0.00240579691283614,0.00468226331410478,"ENSG00000149654.11"
3.39605589555615,-1.21192477672523,0.399679004329978,-3.03224528583107,0.00242741865663738,0.00472015032707383,"ENSG00000264006.8"
78.8014018408517,-1.36612279640516,0.450922377297446,-3.02961854453281,0.00244862788040629,0.00475798647349406,"ENSG00000129455.15"
1159.98903538256,1.34079492940666,0.442563353958506,3.02961128031483,0.00244868676864077,0.00475798647349406,"ENSG00000211934.3"
3.38849989952087,1.30030178161134,0.42931553022721,3.02877881199214,0.00245544386145124,0.00477005812670986,"ENSG00000251459.2"
25.6831131857409,-1.25240263667508,0.414240001586257,-3.0233744493029,0.00249972728845451,0.00484748650212029,"ENSG00000233332.1"
52.8310043668695,-1.03532359281149,0.342524067933866,-3.02263020247497,0.00250588256717257,0.00485891203200452,"ENSG00000188933.16"
1315.60103752262,1.20781117007945,0.400245858852909,3.01767312106862,0.00254723500405345,0.00493415320558191,"ENSG00000224373.3"
200.619498646025,1.41824203520857,0.47002814465445,3.01735555910427,0.0025499052891587,0.00493896172588409,"ENSG00000117322.18"
3.63801954632877,1.07946421387797,0.358249531325302,3.01316294786101,0.00258540055809712,0.00500255213994587,"ENSG00000260907.1"
7.36563332712116,-1.15950658070894,0.38487126190163,-3.01271280942068,0.00258923823252702,0.00500960895868532,"ENSG00000148604.15"
17.1567844029679,-1.27018015879796,0.422026190465468,-3.00971879825049,0.00261489662340234,0.00505553091941943,"ENSG00000287313.1"
9.36734235061387,1.01221400144954,0.336339207345796,3.00950343980822,0.00261675115643938,0.00505874429213391,"ENSG00000188523.9"
5.64437253299927,1.0967699357074,0.364508422273807,3.00890149222269,0.00262194113415017,0.00506765944334164,"ENSG00000211803.2"
290.436876921513,-1.11561338182418,0.37084744963272,-3.00828112187117,0.00262729979761772,0.00507726989784458,"ENSG00000169218.14"
754.191778481367,-1.25901177867097,0.419095706954616,-3.00411518843669,0.0026635446159545,0.00514277577945699,"ENSG00000110195.14"
56.6189204816564,1.16261169211345,0.387971151933149,2.99664468948397,0.00272968664838904,0.00526197901476035,"ENSG00000056487.16"
3.33644521108094,1.14270591929776,0.381381477974463,2.99622814764558,0.00273341840852501,0.00526724116199937,"ENSG00000260679.1"
75.1746699037611,1.42608703636247,0.476230523743505,2.99453093672457,0.00274867179971379,0.00529395205914663,"ENSG00000226745.2"
20.0220872779246,1.03341653357357,0.345979186939143,2.98693266122783,0.00281791784279092,0.00541934239993536,"ENSG00000267909.3"
3.29900353181499,-1.33730756384343,0.44776029306063,-2.98665956890097,0.00282043603958409,0.00542378847413142,"ENSG00000267879.2"
75.7019144767578,1.12235522469798,0.376321269094872,2.98243898729793,0.00285961639711979,0.00549511312925109,"ENSG00000286058.1"
5.08874616595486,1.14173759244201,0.383028717536387,2.98081459736382,0.00287482783975458,0.00552071125448305,"ENSG00000286836.1"
16.0444236538473,1.1394089645984,0.382368510590607,2.97987133626267,0.00288369478165001,0.00553612107522378,"ENSG00000082293.13"
22.6144931109095,1.29129880037233,0.433422166867774,2.97930954871137,0.00288898761074935,0.00554491082448409,"ENSG00000240041.1"
10.1141537586074,1.30581124837888,0.438374931208956,2.9787543844665,0.00289422674898613,0.00555350093957887,"ENSG00000122133.17"
209.632791701945,1.06643505844013,0.358233966133233,2.9769233497069,0.00291156793064906,0.00558473702759834,"ENSG00000143297.19"
5.34178771629582,-1.00664064561184,0.338181525321775,-2.97662814269358,0.0029143726082767,0.00558930095847828,"ENSG00000118017.4"
13.8481947146007,-1.23729618686309,0.416871674229246,-2.96805051374796,0.0029969507429863,0.00573929714598557,"ENSG00000104760.17"
6.5123331199167,-1.01801156243109,0.343219591266256,-2.96606484109866,0.00301636887560586,0.00577311873053408,"ENSG00000231566.2"
5.30335208189911,1.11756415061768,0.376826217665366,2.96572822756751,0.00301967201397802,0.00577901989335942,"ENSG00000271911.1"
21.6798110789373,1.09767984863565,0.370560915151562,2.96221161961102,0.00305437778413576,0.00583863750387086,"ENSG00000150722.10"
23.5299814315433,-1.01257334116471,0.342311566938238,-2.95804594107511,0.00309595978977022,0.00591296374904232,"ENSG00000234715.2"
312.25810400093,-1.15525944526796,0.391276645473862,-2.95253871814625,0.00315172542443298,0.00601160747864996,"ENSG00000129451.12"
1080.28287870625,-1.15707784495982,0.39219133383988,-2.9502891704186,0.00317476636372802,0.00605028705802111,"ENSG00000077274.9"
14.8734888439016,-1.48608863094214,0.504179623343856,-2.94753806408517,0.00320315314890463,0.0061008461859282,"ENSG00000173572.11"
5.34756141617811,1.21903565289399,0.413870251593852,2.94545367346256,0.00322481435471234,0.00613987834112707,"ENSG00000262920.5"
56.8816302214614,1.02987178442959,0.349736653172303,2.94470646724639,0.00323261184342258,0.00615305030129314,"ENSG00000169174.11"
41.2808652101174,1.13444096725404,0.385641379018184,2.94169928066914,0.00326416741550678,0.0062089576168172,"ENSG00000171722.13"
2753.36155332351,-1.08256192198014,0.368942714267078,-2.93422767307034,0.00334378835882847,0.00635213452034168,"ENSG00000047457.14"
134.951613975887,-1.30062308466207,0.443279961322606,-2.93408951034337,0.00334527719914252,0.00635450357030151,"ENSG00000124882.4"
5.32605578591043,1.16960318648327,0.398783157775789,2.93293024962921,0.00335779318543726,0.00637643494588779,"ENSG00000235713.1"
8.80565886273987,2.07423284211121,0.70769023515158,2.93098977360756,0.00337883904148187,0.00641362066630385,"ENSG00000224604.1"
4.25817474497987,1.06665233935612,0.364024741210621,2.93016440533357,0.00338782710573913,0.00642789631467893,"ENSG00000159904.11"
769.56412084617,-1.13477155094278,0.387468168015222,-2.9286832948254,0.00340401064648433,0.00645580603450423,"ENSG00000147255.19"
4.78642324240112,-1.60804899607864,0.549208354373167,-2.92793979420427,0.00341216110489414,0.00647032988103583,"ENSG00000251363.3"
106.302219590269,-1.0663106719937,0.364358449953211,-2.92654300217446,0.00342752118034754,0.00649617585118652,"ENSG00000205362.11"
14.845757220771,1.77139909723976,0.60580409210586,2.92404610718645,0.00345513564532551,0.00654190932875203,"ENSG00000160181.9"
815.219810443606,-1.2056280113892,0.412583905984499,-2.92214018506699,0.00347635034328526,0.00657970709461437,"ENSG00000133063.16"
4.81303383373761,1.25079014645181,0.428100540515624,2.92172054944219,0.00348103717560096,0.00658762913985858,"ENSG00000258331.1"
247.821516367013,-1.04793489692606,0.358819235778406,-2.92050924932361,0.00349459823654417,0.00661091262770455,"ENSG00000211649.3"
4.31758009324259,-1.0165984008969,0.348150324148986,-2.91999843280877,0.00350033146003292,0.00661890015075577,"ENSG00000275339.1"
12.3400875152328,-1.15786991380903,0.397121696553856,-2.91565513508026,0.00354942596760561,0.00670498146705087,"ENSG00000226101.2"
1683.60969329691,1.00445863195038,0.344933972647404,2.91203161069075,0.00359086294118274,0.00677692550772221,"ENSG00000160183.17"
5.34021580179343,1.62934667650579,0.559647224996009,2.91138167712242,0.0035983416573659,0.00679006476575529,"ENSG00000101204.18"
11518.1150218149,-1.30016061650418,0.446630914413448,-2.91104035691677,0.00360227486367118,0.00679651084033689,"ENSG00000094755.17"
2673.48101997344,1.53718329244281,0.528221629001749,2.91011046887237,0.00361301028303858,0.00681480891850636,"ENSG00000184956.16"
4.14060813195656,-1.02776064077182,0.353176763178324,-2.91004603905067,0.00361375519258837,0.00681523580985812,"ENSG00000275898.1"
2.90447120438893,-1.17245882409297,0.403122733258234,-2.90844134394652,0.00363235310002828,0.00684785316892436,"ENSG00000180988.2"
4.90306409850445,-1.0415814158086,0.359099345360492,-2.90053833087048,0.00372522273718627,0.00700986214377176,"ENSG00000226549.3"
6036.26298706254,1.02302766502272,0.352956198658343,2.89845501768053,0.00375006097442655,0.00705458077954677,"ENSG00000211677.2"
33.1949795344794,-1.10585846070196,0.381827929225841,-2.89622203107064,0.00377685074652575,0.00709938818720467,"ENSG00000224957.6"
5.04684083316246,-1.09046114550612,0.376946803500877,-2.89287808088174,0.00381729441686828,0.00717028274515586,"ENSG00000265460.6"
7.36623665847505,-1.1704629535154,0.404719631327859,-2.89203404755826,0.00382756465079035,0.00718700594951948,"ENSG00000250337.7"
20.2580327447013,1.320549374129,0.457799894895139,2.88455587005208,0.00391966200942112,0.00734367355161627,"ENSG00000226926.7"
16.076348551598,-1.68008363964952,0.583554953329919,-2.8790495737591,0.00398875628663905,0.00746514313856599,"ENSG00000214782.7"
8.12342863420806,1.02521248403923,0.356231661481593,2.8779375751591,0.00400284340247942,0.00748564468095121,"ENSG00000253102.1"
19.1005402313729,-1.2997137903045,0.451702449409126,-2.87736715177139,0.00401008720337445,0.00749812421238487,"ENSG00000156096.14"
73.6674211074453,-1.13007481758809,0.39294902260292,-2.87588148229103,0.0040290096025881,0.00752922064659976,"ENSG00000103546.18"
149.455446713887,-1.09004101201998,0.379547329927938,-2.87195015237478,0.00407947310287391,0.00761810806649647,"ENSG00000183798.5"
5.34429924786968,-1.02551081793504,0.357255611422313,-2.87052403138541,0.00409792046682478,0.00765092637803825,"ENSG00000250331.2"
726.405960528507,-1.31564439708034,0.458736712558685,-2.86797276316102,0.00413111095332534,0.00770577817736167,"ENSG00000169550.14"
8.27729606124443,1.15921873239672,0.404656647997162,2.86469711577517,0.00417408277901408,0.00778151583542138,"ENSG00000253217.1"
6.09520973956789,1.07592548513858,0.375714989409621,2.86367463493866,0.0041875790812948,0.00780390871899834,"ENSG00000229961.3"
47.6011470863505,1.23770701541096,0.434198482068114,2.85055583224447,0.00436428874786698,0.0081073549684738,"ENSG00000170893.4"
4.63415564359988,-1.02793784019729,0.361006198995928,-2.84742434633064,0.00440745686504584,0.00818176398339324,"ENSG00000248846.3"
97.3768273900409,-1.28102834110758,0.450103625136719,-2.84607425838544,0.00442618718138121,0.00821363342808696,"ENSG00000104921.15"
4.70808255371139,-1.06696689366581,0.376704573048759,-2.83237043030986,0.00462042875951351,0.00854512732304061,"ENSG00000131885.17"
191.313370983457,1.03178423484855,0.364334812145228,2.83196719186217,0.0046262595155731,0.00855410517814445,"ENSG00000088726.16"
25.9156110878493,1.08410218980274,0.383276718586556,2.82851041357452,0.00467651796099976,0.00864277865890295,"ENSG00000139973.16"
36.6096267860949,1.4784485851908,0.522836037662896,2.8277480485078,0.00468766837775367,0.00866277688538827,"ENSG00000253818.1"
3.80181873564238,1.10605290398876,0.391206002308657,2.82729021912116,0.00469437619150783,0.00867456297930202,"ENSG00000228157.4"
524.901391052228,-1.30837634873456,0.462810251125546,-2.82702542900166,0.00469825968641328,0.00868051859958433,"ENSG00000261175.6"
6.05308722991344,1.14322231182508,0.40483721436358,2.82390618071579,0.00474422698709387,0.00875990601536883,"ENSG00000261634.4"
34.6620416471065,1.34774686205864,0.477427344867429,2.8229360478564,0.0047586062710555,0.00878522211339628,"ENSG00000115850.10"
5.14715021047507,1.16846328855223,0.414671607073437,2.81780394080681,0.00483533256090853,0.00891184917123062,"ENSG00000225106.1"
14.1664652571814,1.09262516548033,0.387941016820618,2.81647239684777,0.00485542150961033,0.00894636515657888,"ENSG00000180458.2"
4.0984347239582,2.68930352771835,0.957882006818147,2.80755198299587,0.00499196223047768,0.00917671948985,"ENSG00000258815.1"
4.85465230568119,1.0293184831713,0.367099718265203,2.80392065686003,0.0050485327199552,0.00927228244087083,"ENSG00000279726.2"
9.48343694272292,1.7859865442136,0.638552465234526,2.79692999628096,0.00515907100249135,0.00945350127087861,"ENSG00000225708.6"
3.55310649602733,-1.32594214264159,0.475124962153765,-2.79072296397778,0.00525904644114093,0.00962193906856106,"ENSG00000234944.1"
10.7931521619189,1.2976825011839,0.466440938140747,2.78209392673919,0.00540094065946716,0.00986506770628456,"ENSG00000257989.1"
3.79827513298893,1.56960792497336,0.564803422722382,2.77903401754856,0.00545208151966407,0.00995018127085477,"ENSG00000143355.16"
65.2523354493513,-1.06289800914134,0.383068266035273,-2.77469606172878,0.0055253318451921,0.0100712775463959,"ENSG00000146090.16"
4.87122634165573,1.65462573833201,0.596686546992634,2.77302336825174,0.00555381323928401,0.0101189815043214,"ENSG00000253301.6"
79.6843599110109,-1.21957742633628,0.439980960565313,-2.77188682157812,0.00557324104046656,0.0101508604745079,"ENSG00000164485.15"
3.36454145499672,-1.02671340349763,0.370575828654913,-2.77058924006003,0.00559549647982669,0.0101871600384959,"ENSG00000260658.6"
7.95436104374969,-1.46322625271618,0.528980356350116,-2.76612587811808,0.00567266332907747,0.010317644657219,"ENSG00000271615.1"
7.57073858549791,1.70160051660562,0.615359046709105,2.76521573170274,0.00568851614045899,0.0103457624021467,"ENSG00000214319.2"
378.03521003673,-1.08171773160639,0.391462484030348,-2.76327304846543,0.00572248728845678,0.0104053860871531,"ENSG00000164825.4"
882.072056293325,1.10555868496731,0.400299575918505,2.76182826931695,0.00574787024389722,0.0104435933561865,"ENSG00000211964.3"
2035.88632268389,1.00867109029892,0.365301780918545,2.76119948761989,0.00575894882306314,0.0104615249301716,"ENSG00000211949.3"
7.06048292026996,1.29051131324444,0.468047587503187,2.75722244425766,0.00582946797818997,0.0105808809017848,"ENSG00000254416.6"
5.61572747794826,1.13100216250057,0.410204606176233,2.75716592517898,0.00583047573513939,0.0105819792999864,"ENSG00000283075.1"
1915.40660820767,1.0432430405137,0.37907828510429,2.75205170411356,0.00592231696725387,0.010737544262075,"ENSG00000211653.2"
5.9111294101589,1.09968022616502,0.401501795780183,2.73891732919443,0.00616418714720828,0.0111391883793209,"ENSG00000270225.1"
92.5492810499932,-1.19027826010779,0.434992939570269,-2.73631627511856,0.00621312786164164,0.01121991430542,"ENSG00000132975.8"
260.099765951662,1.63296602693855,0.597017812237523,2.7352048690448,0.00623414624080058,0.0112516857648288,"ENSG00000166006.14"
4.27204232576633,1.07146050926044,0.391890927651637,2.73407837145159,0.00625551532507975,0.0112879283814634,"ENSG00000273325.1"
11.7690589681988,1.43415416183004,0.524655212967158,2.73351741559807,0.00626618094504283,0.0113063980201487,"ENSG00000225438.1"
38.9986475074584,-1.35233664827994,0.494886492168596,-2.73261984248953,0.0062832808238132,0.0113328755840784,"ENSG00000185002.10"
17.4431575139008,-1.29767198178107,0.47492248946958,-2.73238688534288,0.00628772580600125,0.0113390452888464,"ENSG00000231870.4"
27.7208411208664,1.055897134804,0.386649057566755,2.73089281905647,0.00631630096690031,0.0113851086691817,"ENSG00000005421.9"
6.8249457700476,-1.04807517463598,0.383977954979267,-2.72951913266108,0.00634267684869344,0.0114295158570587,"ENSG00000186831.11"
8.36567994675282,1.2167772074043,0.446713233411102,2.7238441048925,0.00645269569626314,0.0116150290152431,"ENSG00000244067.3"
4.54118337055231,-1.1725886298436,0.431521794714192,-2.71733350251807,0.00658102575073448,0.0118273969799867,"ENSG00000150175.13"
4.06903939275395,-1.18068562496028,0.434531174563148,-2.71714826018473,0.00658471039701012,0.0118324009075692,"ENSG00000287095.1"
2543.14156363845,1.51684223235765,0.558890807205615,2.71402251173475,0.00664716489663491,0.0119323918961311,"ENSG00000156234.7"
11.1895846127159,-1.39816543931955,0.51688428699598,-2.70498731436659,0.00683069979438466,0.012239287844816,"ENSG00000267313.7"
40.6570412324029,1.26135695625584,0.467143004387567,2.70015165465124,0.00693078748665113,0.0124084747836754,"ENSG00000278484.1"
6.44867768295861,1.58827200188555,0.590322443609896,2.69051603759645,0.00713416058879688,0.0127404726807947,"ENSG00000204983.14"
2912.27659901895,1.03365353480946,0.384332514504404,2.6894771995608,0.00715640356133849,0.0127758548669579,"ENSG00000211666.2"
4.1536807410832,-1.20547465129375,0.448507101784978,-2.68774930540938,0.00719353810023172,0.0128369173349508,"ENSG00000110203.9"
9.49767695855714,1.05450121720477,0.394278035513844,2.67451169535855,0.00748381658500847,0.0133178493649535,"ENSG00000164265.9"
4.04107291358306,-1.24670550440121,0.466340622019092,-2.67337959752125,0.00750912264770906,0.0133592649026929,"ENSG00000119614.3"
3.28622259350214,-1.17939768050944,0.441399730187182,-2.67194925563117,0.00754120513715369,0.0134113882992234,"ENSG00000231682.1"
131.857007440024,1.02341795504819,0.385173753469339,2.6570293168474,0.00788325872439582,0.013982291133816,"ENSG00000211952.3"
3.06815867288209,1.87155789376351,0.707542209704711,2.64515369979778,0.008165381843294,0.0144271912052393,"ENSG00000255983.1"
5.51779188770732,-1.29962099580546,0.491426732718598,-2.6445875026291,0.00817905563314629,0.0144503796640194,"ENSG00000166104.15"
13.2418564390848,-1.28450812673165,0.48582324526175,-2.64398243447489,0.00819369081497904,0.0144742905693198,"ENSG00000198765.12"
4.28214606774487,-1.1582478055489,0.439182859808045,-2.63727916443537,0.00835740220694775,0.0147456507758216,"ENSG00000223609.11"
1076.8074484013,-1.00207120417685,0.380108536862348,-2.63627650262362,0.00838213979274885,0.014782351201866,"ENSG00000197506.8"
178.482215319969,-1.21247101137241,0.461608501684098,-2.62662192517884,0.00862370914446288,0.0151757881061236,"ENSG00000164129.12"
542.084975661469,1.03112518028715,0.393050150461032,2.6233934246754,0.0087058677527946,0.0153101182934868,"ENSG00000113924.12"
2650.62439050268,-1.01809512021464,0.388407358108093,-2.62120451366761,0.0087619681740262,0.0153974441055094,"ENSG00000134762.17"
71.7089540295356,-1.10423631721029,0.422351749598176,-2.6144944782657,0.00893596049085889,0.0156728136622004,"ENSG00000211599.2"
64.3972405091704,-1.1442259722901,0.437757525648558,-2.61383506907134,0.00895322450616609,0.0156999501581206,"ENSG00000163735.7"
5.13442613358542,1.41967965998672,0.543680371752112,2.61123949612441,0.00902146903833548,0.0158048585085389,"ENSG00000152595.16"
8.81656186519912,1.06849451435224,0.409663523283937,2.60822468592514,0.00910131922477272,0.0159318750007797,"ENSG00000287003.1"
20.3957860618119,-1.10544530602687,0.425018007798351,-2.60093757380594,0.00929693699772606,0.0162387488070329,"ENSG00000109205.16"
85.095266091436,1.15303337746646,0.443371486628123,2.60060335912752,0.00930599808119251,0.0162524155193398,"ENSG00000235436.10"
5.43743846521128,1.04136932263387,0.400860950589041,2.5978317945503,0.00938144367259559,0.0163667772129631,"ENSG00000249853.8"
87.4802693936882,-1.02551503280078,0.395336484303252,-2.59403084086248,0.00948579774754507,0.0165305028603819,"ENSG00000253451.1"
3613.85170025229,-1.23191105319434,0.475091589552659,-2.59299697212972,0.00951436082274937,0.0165777567030258,"ENSG00000135374.11"
6.1984695155959,1.44369965601546,0.557100759987046,2.59145160033354,0.00955719839811727,0.0166413648689046,"ENSG00000284636.1"
6.63548055343131,1.34040902351167,0.517981818654159,2.5877530354142,0.00966042142749483,0.0167989527635116,"ENSG00000205325.3"
1433.88502023939,1.09512411279678,0.424081199849443,2.58234534609308,0.00981313331836247,0.0170452283994078,"ENSG00000156689.7"
5.40000361899832,1.88812102171634,0.731812594757294,2.58006084514375,0.00987829085934427,0.0171459418178039,"ENSG00000204894.4"
9.93431958495768,1.28123317071207,0.497579493213067,2.57493162035004,0.0100259905704025,0.0173827926221939,"ENSG00000184221.13"
7.67100953610666,1.13560804751149,0.441070864105611,2.57466121643342,0.0100338313415879,0.0173952392970317,"ENSG00000220378.3"
3.33507163386476,1.11029840329415,0.432902441687883,2.56477741027542,0.0103242012730974,0.0178609429514969,"ENSG00000092345.14"
222.125701101453,-1.32208444514869,0.518013780615277,-2.55221867568537,0.0107039313441072,0.0184607697800862,"ENSG00000065371.17"
15.3408686139395,1.00126326493773,0.392801349704617,2.54903213975886,0.0108022344557052,0.018616873020376,"ENSG00000240086.7"
109.353817246381,1.02007902250746,0.400529836035458,2.54682405836342,0.0108708226369377,0.0187203500091248,"ENSG00000211685.3"
8.92721873322749,1.59858688258045,0.628169059735272,2.54483543531122,0.0109329249195461,0.0188137356674971,"ENSG00000236212.2"
17.5366934591452,1.08161923722655,0.427218418259471,2.53177108242001,0.0113488055547847,0.0194618650226372,"ENSG00000261121.2"
4.94063306750681,1.03580520797056,0.41033732476446,2.52427733344786,0.0115936425209546,0.0198519413694314,"ENSG00000211676.2"
8.90337907392604,-1.39568890660776,0.552973910273057,-2.52396881783911,0.0116038220877511,0.0198667834649851,"ENSG00000197641.12"
52.9256434065129,-1.06963647034944,0.42442006216346,-2.52023069997452,0.011727794082428,0.0200594351312903,"ENSG00000182077.12"
10.0971232923014,1.19274721645502,0.473806441134921,2.51737231262201,0.0118233816566361,0.0202058363760094,"ENSG00000253497.1"
2718.17732100613,1.04092105438148,0.413616465292178,2.51663350405109,0.0118482003168396,0.0202469343428784,"ENSG00000235687.9"
4.35363620208888,1.04065319977702,0.415273845826952,2.50594447551764,0.0122124796012597,0.0208252782562887,"ENSG00000226627.2"
17.4645355322075,1.17980136479748,0.471955045806525,2.4998172501394,0.0124257387041869,0.0211540978107941,"ENSG00000229028.2"
54.66523775629,1.01389800739052,0.406149354167995,2.49636740028188,0.0125472569718907,0.0213443856222364,"ENSG00000230314.7"
213.333579624822,1.35263748747365,0.54254850003352,2.49311810352453,0.0126626719473675,0.0215184372835461,"ENSG00000156413.14"
48.2584697370381,1.17563058533662,0.472447547592876,2.48838329530224,0.0128325346514296,0.0217803397118801,"ENSG00000136155.17"
18.7632180656249,1.31601897924286,0.528877850470964,2.48832311292854,0.0128347066273761,0.0217826195514919,"ENSG00000225154.2"
155.545271386181,1.15093580617799,0.464198895598944,2.47940229304717,0.0131602780824336,0.0222804991380796,"ENSG00000211639.2"
1579.08940590675,1.02650169777107,0.417102267580943,2.46103120878351,0.0138538314512784,0.0233703938043387,"ENSG00000186832.9"
9.10156711059898,1.39553325056136,0.568216217099892,2.45598983021639,0.0140497133364228,0.0236704483901376,"ENSG00000248431.2"
21842.6371628893,-1.01927999666876,0.415695755644403,-2.45198557557725,0.0142070356909807,0.0239171028054657,"ENSG00000128422.17"
236.786757948599,1.0356366930546,0.423140321148552,2.44750178910749,0.0143850411012822,0.0241826939754463,"ENSG00000007038.11"
4.23478239511172,-1.55514877066632,0.636369505328583,-2.44378267287233,0.0145341787811085,0.0244068716510769,"ENSG00000260026.3"
24.4878376751541,1.33483151984189,0.546436186887444,2.44279488048773,0.0145740179816143,0.0244659569923197,"ENSG00000189001.11"
6.62487025591406,-1.07308466016531,0.442767385980455,-2.42358559853973,0.0153681310070194,0.0256695446993199,"ENSG00000225676.2"
4.16792130371637,1.33881322320083,0.553801958037074,2.41749456420521,0.0156277674103846,0.0260651207953899,"ENSG00000286377.1"
8.46687359451815,-1.55117684230963,0.646764600948147,-2.39836385608555,0.0164684972324278,0.0273562523704185,"ENSG00000231532.6"
4.39208463790281,1.08687114504835,0.453615754118799,2.39601719115713,0.0165743129378588,0.0275146365981608,"ENSG00000166220.12"
889.434322732342,-1.14782574150166,0.479177423398163,-2.39540864292326,0.0166018508782983,0.027548172252853,"ENSG00000161055.4"
4.07137546430874,1.12308615352743,0.473922546381019,2.36976730080384,0.0177992837738281,0.0293516766868246,"ENSG00000174016.11"
3.73308366718963,-1.03406730316718,0.436742967331108,-2.36767934578606,0.0179000420959691,0.0295011729652905,"ENSG00000250777.2"
6.55704456085036,-1.35073407397608,0.573986879605728,-2.35324904099533,0.0186101653006592,0.0305775823443475,"ENSG00000231476.1"
3.13640918129981,-2.02956019736836,0.871041860017724,-2.33003749937697,0.0198041692514281,0.0323794964297423,"ENSG00000129824.16"
4.55701173370622,1.04818556970017,0.456779675764594,2.29472900243567,0.0217486596292924,0.0352669362512383,"ENSG00000175868.14"
4.13737202661828,-1.01234725536558,0.442531193208104,-2.28762914547703,0.0221591271130175,0.0358749921181739,"ENSG00000239572.3"
45.3154712012843,1.43134332655309,0.626926761947356,2.28311090454499,0.022423836398138,0.0362544206119615,"ENSG00000286042.1"
33.3557091385383,1.07588126332642,0.472541050473941,2.27679957592542,0.0227981968684126,0.0368053440506944,"ENSG00000214336.5"
8.76219546615199,1.02986525304094,0.453956886451573,2.26864110618753,0.0232901597270003,0.0375212110490025,"ENSG00000214252.4"
5.35687033440777,1.58099893410175,0.697408126576615,2.26696373881164,0.0233924409414814,0.0376721351452667,"ENSG00000227874.1"
33.3854498937817,1.13948251555537,0.502961730570072,2.26554516238013,0.0234792458796547,0.0377950668725411,"ENSG00000211900.2"
4.34972903545104,-1.13071710596041,0.500277186036264,-2.26018123056775,0.0238100052709112,0.0382742449110532,"ENSG00000276128.2"
3.57246544084311,-1.01977594918411,0.451340456035255,-2.25943838082278,0.0238561292219128,0.0383413538258992,"ENSG00000233327.11"
251.398977667846,-1.12753180899797,0.499800684078929,-2.25596291664921,0.0240729536467649,0.0386638260709788,"ENSG00000214128.11"
222.148873291521,1.05284570451082,0.466933878243975,2.25480684432305,0.0241454554916719,0.0387613236513225,"ENSG00000253768.1"
3.90847916153281,1.06233590599162,0.47365061684605,2.2428681990652,0.0249053150016487,0.0398667052072676,"ENSG00000205057.6"
5.64778381448052,1.31929071295219,0.591303838081812,2.23115533501688,0.0256708414168022,0.0409822883745888,"ENSG00000263427.1"
6.13093158280049,1.01842668008923,0.456604577669703,2.23043466906705,0.025718600118158,0.0410385918835397,"ENSG00000233221.7"
6.89517219338949,1.04205864073462,0.469929354167913,2.21747935406111,0.026590352358957,0.04226285429055,"ENSG00000254607.2"
3.50888457984455,1.58165483774228,0.715975683944057,2.20909015936059,0.0271683704596409,0.0431033650728075,"ENSG00000183674.12"
16.427802597554,-1.1404570741775,0.516370337675112,-2.2086029947271,0.0272022668729825,0.0431519332783797,"ENSG00000205076.4"
10.0014567681225,1.27273468976098,0.576429216773023,2.20796353260167,0.0272468153791203,0.043209562895185,"ENSG00000275011.1"
78.8245676736043,1.35884054962168,0.616752782637979,2.20321754173469,0.0275794195071849,0.0436843113370404,"ENSG00000253998.3"
6.32812997094811,1.10509408915423,0.501608364404799,2.20310139856921,0.0275876026512706,0.0436920069948178,"ENSG00000204655.12"
4.4786530150096,1.17035601754437,0.533262969603305,2.19470708497723,0.0281846161818771,0.0445783551193782,"ENSG00000186115.13"
6.25631367815476,-1.0699141217047,0.492026347793118,-2.17450574853071,0.0296671741567658,0.0466873431646768,"ENSG00000248599.2"
679.859006405713,1.07449275625045,0.494387338098706,2.17338243407019,0.0297515457963308,0.0467949033397618,"ENSG00000166426.8"
6.48863054984827,1.1037622194545,0.509132905924963,2.16792551926938,0.0301643538664536,0.0473761504048919,"ENSG00000181552.4"
5.39589393354977,-1.01930156477646,0.470753449659261,-2.165255646059,0.0303681130108556,0.0476648442838486,"ENSG00000217236.2"
6.8846179846463,-1.19593988998374,0.554350982717321,-2.15736947758526,0.0309768874643818,0.0485162695966519,"ENSG00000283537.2"
2302.69700010974,1.13217089182834,0.525483065153847,2.1545335461893,0.0311983541347956,0.0488221921933179,"ENSG00000134827.8"
399.668081807241,-1.19900667986507,0.5581498998733,-2.14818040841223,0.0316994264515137,0.0495339722298414,"ENSG00000170099.6"
